file,published_split,width,height,captured_at,boxes,sha256,phash256,exclusion,session,split
IMG_20250504_205349.jpg,train,480,640,2025-05-04T20:53:49,10kg:1;1kg:1;2.5kg:1;25kg:2;zacisk:1,fcc82e0f843bef319021f1b265b07505037dd10f60c38546dfe31b8cb7ee9aeb,8e968f85916b8f9b64e76ba0e8c874e823713b2b62a92c94607c33e90bef2e0f,,8,test
IMG_20251107_101933_jpg,train,640,640,2025-11-07T10:19:33,0.5kg:1;2.5kg:1;20kg:1;25kg:2;zacisk:1,95433dfbcd09086c08826565793f3ceb4e2b32581f6d68938e138be95a0ee93a,a599dab07ce7694ae70869291edb1ea6d284e1080f3b1ed69864f20957bc1ede,,18,train
IMG_20251106_130208.jpg,train,480,640,2025-11-06T13:02:08,0.5kg:1;15kg:1;2.5kg:1;25kg:1;zacisk:1,b13c3e2878422bc4e16402883f161c83612d69bae85f78801d7098e214a0ea71,b1c7c13b0e1c606e2c3ab02fb1af6d1a30bd2ab4ea46d0994e3de981b5a7d6a5,,14,train
IMG_20250908_112658_jpg,train,640,640,2025-09-08T11:26:58,0.5kg:1;15kg:1;zacisk:1,0a63c5ab7233e2947e80544837f023db353fdb23c5fe24fe1bd4eb4a62d4e0b6,cc619936ccc966d93332ccc9992467993366cccdc91933b3cce69a6c663999b2,,9,val
IMG_20250929_123654.jpg,train,480,640,2025-09-29T12:36:54,2.5kg:1;20kg:1;2kg:1;zacisk:1,1548b2f36179bffd73b72aacc3aa103d83bff91b87f74435f7da25fbdc006e9d,87543bab92a6657231cbb0f527319a80db3a4d5b586fd4d7e2a9921c642291fb,,11,train
IMG_20250908_105921_jpg,train,640,640,2025-09-08T10:59:21,0.5kg:1;15kg:1;2.5kg:1;zacisk:1,23b364bce7cf25a497e693144f0c1840167ddbc253ed059a1e1cbb641a8bdc29,ce699b2499b3649b3326ccd39a64619b9933c6d9c6cc64b264c39a4d73996c66,,9,val
IMG_20250504_194704.jpg,train,480,640,2025-05-04T19:47:04,1.5kg:1;10kg:1;2.5kg:1;25kg:1;zacisk:1,cd82e8fcd7c1611940be19a32daa5879eb5e32953f7d24afd7adfbd6bc39f681,806d9c929996846daf69d96d3ecc89dd16b2886576eeabb9a7884813816f7698,,7,test
IMG_20251009_121436.jpg,train,480,640,2025-10-09T12:14:36,0.5kg:1;10kg:1;2.5kg:1;zacisk:1,cbac067ddb2dd8e44bdea521a69e3d1fe79155d8526926d1a57d5b317844873e,a2d6a0ec5fea2c2ecf82b1cfb3f4d771957d9254b12dbde2143687005386484e,,12,val
IMG_20250908_105859_jpg,train,640,640,2025-09-08T10:58:59,1.5kg:1;15kg:1;2.5kg:1;zacisk:1,b7936e773264c9f1e69b4d86fd007942020e7b280e5e6ac4db786e783b842f9a,ce699b24993364db3326cccb9b6431931933c4d9679c65b26ce38e4963996726,,9,val
IMG_20250929_123906.jpg,train,480,640,2025-09-29T12:39:06,1kg:1;2.5kg:1;20kg:1;zacisk:1,ce7297c631230bfff4606cd89bf718a1b97720a304125737406ff28b4f572d55,925aaf20c9a232f83f449dd23074ccb9e82d62586fe4c992bcad9cdf31699768,,11,train
IMG_20251107_100958_jpg,train,640,640,2025-11-07T10:09:58,1kg:1;2.5kg:1;20kg:1;25kg:2;zacisk:1,39b10708cd69aeb1762ca4782a7e79145ae488ee2756c58226f1d115b9d01407,f866cc9b4e9b3064b34c32624c9b4d99954c874b78f24e1e976dc7494a924afe,,17,train
IMG_20250929_115709_jpg,train,640,640,2025-09-29T11:57:09,2.5kg:1;20kg:1;2kg:1;zacisk:1,3588d405f526e76afe6b8e5eb2983c421bcbf6fd6ba52c856cd167c25a5a8b62,9a4d9b65db3936c99a4cce39332465a6c6d96cc964f16399cecc924d34d93066,,10,train
IMG_20250504_210600.jpg,train,480,640,2025-05-04T21:06:00,1kg:1;2.5kg:1;25kg:2;5kg:1;zacisk:1,5fd6a60c4c84ce280317647164baba8b280afca9d6352e605aee86c183200d3c,a1369f248ec9809e3f3a8fbe83cd1e7b0c79238661b62c757c69ea04c12273b7,,8,test
IMG_20251107_120038_jpg,train,640,640,2025-11-07T12:00:38,1kg:1;25kg:4;5kg:1;zacisk:1,54060fef6808da1bfec66bfe96545d764842d85372599707d7ea1cbec8d44403,964dc92469b62593f2c9324948b56b2dcd8bb59602d24b4d1fed85b268db7a93,,22,train
IMG_20250908_112201.jpg,train,480,640,2025-09-08T11:22:01,15kg:1;1kg:1;zacisk:1,04ea1835f9b73d5dd437d2efcbcf4821dafd949fb8fe0803ba73b7ad88aef51c,834bbcbd7f9633533f01b3138c45dd27403e4cc6c2367f3b3e34ff0199533001,,9,val
IMG_20250504_194718.jpg,train,480,640,2025-05-04T19:47:18,0.5kg:1;10kg:1;2.5kg:1;25kg:1;zacisk:1,4cd91cfc55885c79428d7cc857759d5c862ab162290287219cef6cb8877b2ae7,806d9c929996846daf6b9d6b3ecc896d17b3886636c6bbf927884811816f769a,,7,test
IMG_20250501_191304.jpg,train,640,640,2025-05-01T19:13:04,0.5kg:1;2.5kg:1;20kg:1;25kg:1;zacisk:1,e9bc7bb9cd009a829e91e657dc24039b13998c2b082be463ad658c1428e9eedf,a16aed363da6709452945265e277c32cca7459b775b6f27160944265187b3797,,2,val
IMG_20251107_105901.jpg,train,480,640,2025-11-07T10:59:01,15kg:1;1kg:1;2.5kg:1;25kg:3;zacisk:1,64442e553144e8e9d662d31abb4a054866eac0b52ad7626d67e59e7e78a62fe7,b3c1807888ffa2c732cc7f859f205fa14c99de1a73241964ac870dbefb65b6c0,,20,train
IMG_20250504_204528.jpg,train,480,640,2025-05-04T20:45:28,2.5kg:1;20kg:1;25kg:2;2kg:1;zacisk:1,9819dfe6950f1ca7e544d6d44c4c97a543be6d795f3b2e9f0e507e147b19bfad,84c8cc999cdf1dcf65dd9f11e3208f8486a67b2f8a637843d172446a86f51e3a,,8,test
IMG_20251107_095613_jpg,train,640,640,2025-11-07T09:56:13,1.5kg:1;2.5kg:1;20kg:1;25kg:2;zacisk:1,88fc7bb25da81b2f442be8a5c05859af7ccea41ce23f4ba30e4163ac78f51c51,a4ccb94a4f3365a19b8c6732ccf30f4b84311fcc71ce1b792633b39c594358e3,,17,train
IMG_20251106_135432_jpg,train,640,640,2025-11-06T13:54:32,0.5kg:1;10kg:1;2.5kg:1;25kg:1;zacisk:1,d0ec8d642550f4c882def77fa00193e47ed0edf8bd03212355e88449489ada15,f2d144e346d2739af362b3325ca34ce5ad19b4441ce648c3de7fac322cd55135,,16,train
IMG_20250501_190841.jpg,train,640,640,2025-05-01T19:08:41,1kg:1;2.5kg:1;25kg:1;5kg:1;zacisk:1,e2a4d2e75c2a17a6855f10a4798bb6d40cb348738dd84dbbe26b0da2e2c4aa8e,84b5ec993c913a8a7bca597ae13bc913ab5a19995689b36eb40b5713982cb7c1,,2,val
IMG_20250501_190153.jpg,train,640,640,2025-05-01T19:01:53,25kg:1;2kg:1;5kg:1;zacisk:1,c6acec5e6db00de8c21eae2c3ad00f90e834b408f0799c45679ad8dc15a4c855,a135925bccceb33238c68c6ce339b3861cd38f31d8ccb1a64e528e0ef989b9e5,,2,val
IMG_20251107_120252_jpg,train,640,640,2025-11-07T12:02:52,25kg:4;2kg:1;5kg:1;zacisk:1,4d8af367ddf6d2d257080d90c61b6150d8caa3d0de36d4465ccfefb1241b43cd,e31892d29ad7685e9c3e47a7a163e85e52d250e3525c0a5062f3f0afa52dbde1,,22,train
IMG_20250504_194921.jpg,train,480,640,2025-05-04T19:49:21,10kg:1;1kg:1;2.5kg:1;zacisk:1,5806a17b20aac31ab9e3f2af94a8d31fb301b3b5cc497b373a2c692148e22691,94119b6c9e6c9412ad9b8c911e73957d1aaec55b12b6210da0ef6feec5113ba6,,7,test
IMG_20250908_112702.jpg,train,480,640,2025-09-08T11:27:02,0.5kg:1;15kg:1;zacisk:1,2da63472d2af11350cf97866792a40dae804bf17f66978872480eee3985136f1,9ea98b5d735cd4fa616bf4d924c9bd23a0b126cdbb2107328e21030ecfd6c85e,,9,val
IMG_20250504_203628.jpg,train,480,640,2025-05-04T20:36:28,0.5kg:1;2.5kg:1;20kg:1;25kg:1;zacisk:1,6f21cd5097dbd6d1e2960f4bf2f02a6cd247d4f3b5638401f7d1daaedea937e1,e504ad659abb9c32361b1e998671365a1a9a85b60679d99633df2efbc5246344,,8,test
IMG_20250501_191303.jpg,train,640,640,2025-05-01T19:13:03,0.5kg:1;2.5kg:1;20kg:1;25kg:1;zacisk:1,d84c1367460d8477d4048b25c246b02e71eb6ff3148dea4ea3731f3758430abe,a129ed3a3da77090529452706377c336ea74499754b7f27968964275187b3793,,2,val
IMG_20250929_120831_jpg,train,640,640,2025-09-29T12:08:31,0.5kg:1;20kg:1;zacisk:1,f6c31b37112b7a010d761ae90b1f0150573da01f842d46dd3dce34210a409006,9c6799b29999364cdc67cccd31936399ce6cc66466663396d331992464cd3333,,10,train
IMG_20251009_133201_jpg,train,640,640,2025-10-09T13:32:01,1.5kg:1;2.5kg:1;25kg:1;5kg:1;zacisk:1,eecee2229f96571c84d26eb6c52336c5bc85e2965c800a44e85f3e256bde9d1c,9a799b249b6666c39b34ccd99b66318e9324667b64c9659864d393096d99cce6,,13,train
IMG_20251107_100127.jpg,train,480,640,2025-11-07T10:01:27,1.5kg:1;2.5kg:1;20kg:1;25kg:2;zacisk:1,192313eed4d9fce300ba2fe87b209dd0dbb0d2ab113a0b3d8a21d070b578a429,d131c7df63063071ce8d4c5e6c70c78f39316c4046df1ab1e74c21d8b5b7d3a4,,17,train
ZE_53.png,train,640,496,,2.5kg:1;20kg:1;25kg:1;2kg:1;zacisk:1,84687b53266a33d84408862021937bc036cdf746e1cf88a3bac738ea089ae579,fe03c3ff0df8000000ffefe0f807fff0f00307f8e80017feb80703ffe0090cff,third_party_video,,excluded
IMG_20250504_210940.jpg,train,480,640,2025-05-04T21:09:40,20kg:1,23010eb9f5977ed85456834121b0416d481b31389d4618ad5242ff4024b68070,95da87f5b2c5237ea3268225fd48b8857c0b68fb74b14c3e8c35d9657340714e,,8,test
ZE_170.png,train,640,418,,1.5kg:1;15kg:1;2.5kg:1;25kg:1;zacisk:1,9dc9dc0c5679a60018701444dbf8b77eb5389ce41917b0b0913126bc4041b18c,a0d95dbb59a4626cb7354e364c67694a862cbed3554542256d52b24d654ff694,third_party_video,,excluded
IMG_20250504_194536.jpg,train,480,640,2025-05-04T19:45:36,10kg:1;2.5kg:1;25kg:1;zacisk:1,3aaa77f66ec7d5c77c80baa56c33a78a701b63b4d588d661a1bb07d4aee73c35,806d94929996846daf6b99693ecc89f116b28a6f76eeabb9a7885013816f7698,,7,test
IMG_20250504_195048.jpg,train,480,640,2025-05-04T19:50:48,10kg:1;1kg:1;2.5kg:1;zacisk:1,051597758fa4045de0deeac6df87eefae827e752b9bbb90fdc1ff4d08a3c8482,d7899a7f8d26ba52a7ddbc198f71a50c3bc6e4487297614660206be7f4887383,,7,test
ZE_217.png,train,640,540,,2.5kg:1;20kg:1;25kg:2;zacisk:1,687d76062cb627e54a79c046483034c8f31e41b2fa40ab7eb3eef945becd1338,a4b6f9619b995b633b39e4e446cf013964e65b380b83643cf9c92c9e87966619,third_party_video,,excluded
IMG_20251107_113651.jpg,train,480,640,2025-11-07T11:36:51,1.5kg:1;10kg:1;25kg:3;zacisk:1,6eb44997d8cb09734ade03338144f215cf34138282f75bbcb48643110ebc61e0,cde0c1e0bf42ee36a216d6c5d0914bd873da331ab793143738b1fd3d79a8013c,,21,train
ZE_35.png,train,640,532,,0.5kg:1;10kg:1;25kg:2;zacisk:1,bd7684684ed120ae51ac14d3c9d153dce5d0161ba0f05fb71cb57d7d5493d597,a31d7314ccea188b010de4d5f921279ae37f6897360ddfb0d0ed6d370ccb8866,third_party_video,,excluded
IMG_20250929_125539_jpg,train,640,640,2025-09-29T12:55:39,0.5kg:1;2.5kg:1;25kg:1;zacisk:1,e224413c6520f4dc4bb765dcc6e394898bb053b448de7af6a5321ce41f310db2,992199b6cccc66cfce7130c799a666ccce65666d99c664869b2c9a619927c936,,11,train
IMG_20251107_113446_jpg,train,640,640,2025-11-07T11:34:46,1.5kg:1;10kg:1;2.5kg:1;25kg:3;zacisk:1,125da62a12c7de3eac1cc63f369c52015f7a661184dc4c6b02d8c78b09026214,ace7dada93382d69f34e252549323692cda5f66e4982da43a4999a2c1ad279e3,,21,train
IMG_20250929_124555_jpg,train,640,640,2025-09-29T12:45:55,0.5kg:1;2.5kg:1;20kg:1;zacisk:1,a03a8d319e7c63dc500ebc58e1ce67297332e9dc456b223148da1ceea429aeae,99649932399966cdce65ccec99966799ce6cce4c9b393198cc649a64993139b3,,11,train
IMG_20251107_115918_jpg,train,640,640,2025-11-07T11:59:18,25kg:4;2kg:1;5kg:1;zacisk:1,0ea4f3089c7448f2d7b8b98b92517621cfb122c4aac3fc16e4eb225718830a65,ea33d59a85d66aa2b5982b86c78338d1dec4a7587b6994664b4cc77849e019af,,22,train
IMG_20251107_113147_jpg,train,640,640,2025-11-07T11:31:47,1.5kg:1;10kg:1;2.5kg:1;25kg:3;zacisk:1,8916359e36eb09caa2f3a78d872032317bde4cdd0648d57a04e7dc80e3293425,a5e7deeb96186529d2c937a7c32c34389950d0d76dd72d712d1cf04592d60f50,,21,train
ZE_26.png,train,640,380,,1.5kg:1;20kg:1;25kg:1;zacisk:1,3b9999ca049f04076bcd898d1da9b0cf163e41cee92007b7f9e0d435f636447f,9f06e07fc99974bc426c44838b5aeb815cdb023da392d5c9e4361719ddc4e9f2,third_party_video,,excluded
IMG_20251106_130350.jpg,train,480,640,2025-11-06T13:03:50,1.5kg:1;15kg:1;2.5kg:1;25kg:1;zacisk:1,b8b30abf09a28f161aa99a116219c365f0e5058d383cf6a9685a976b231543a5,8a4cabf9639931e74e664f662ce724233601368136b134c75cf74b364b64d33d,,14,train
IMG_20250929_123640.jpg,train,480,640,2025-09-29T12:36:40,2.5kg:1;20kg:1;2kg:1;zacisk:1,313dd74bbab69a8459b251d9f67199ee424388eac5aa48aecde70a2d86aedb2b,87543baa92a6657b30cfb2f527319a8a4f1e694b90ffa681a318a61425eb99cd,,11,train
IMG_20250929_120608_jpg,train,640,640,2025-09-29T12:06:08,20kg:1;zacisk:1,f8c7974e6d8448ffb4495951846671b9f0411eab99fed03a6bdfbb6e7d6e081f,8c6699939999264c9967ccc6999b3399ccccc6666666338e67319b3366663399,,10,train
IMG_20251107_101100_jpg,train,640,640,2025-11-07T10:11:00,1kg:1;2.5kg:1;20kg:1;25kg:2;zacisk:1,7fea217db1625a4d64e8d906886507473f2c700166ed8524aee1d22685d14898,e730da9d9bc6256b18fc4761c90e1afc1de7894ae23459cc4773253da07866a5,,17,train
ZE_208.png,train,640,540,,10kg:1;2.5kg:1;25kg:2;zacisk:1,5c5b3428ceb6889a45103bf3a0f52877594587048fc32ed7f1112063d9a8296c,e30ce58a5ceab26612d79a42bb224d2de93339a388ad88d54dd1859e2cdfb69a,third_party_video,,excluded
IMG_20251107_111540_jpg,train,640,640,2025-11-07T11:15:40,15kg:1;2.5kg:1;25kg:3;2kg:1;zacisk:1,e438e6724c367a61e3b9b9bf29fe9b8f119f9215c34cac18f798b0f6019414eb,ec6698c613996f29a13c61b599c328c49a77e6350ac61cc2d939d19e67aa57e3,,21,train
ZE_80.png,train,640,561,,25kg:2;zacisk:1,92ef64ed3b8dfd9bbdf3303d60ea1965651d6e74483336d01846405826a9ce03,d9eec1638407ddccf37996ecb4096c3b2664bd02d89910d92ca26225f4df65f2,third_party_video,,excluded
ZE_37.png,train,640,476,,0.5kg:1;10kg:1;2.5kg:1;25kg:2;zacisk:1,f4172834ed237416c9cc443335f8f9d9872cb8b2eb427f32adf3bcce38e1cfcf,83b88dfcccff93fdc6c4c0fa613a2d3d2c257825586797c6938690d218790c79,third_party_video,,excluded
IMG_20251107_112258.jpg,train,480,640,2025-11-07T11:22:58,1.5kg:1;10kg:1;2.5kg:1;25kg:3;zacisk:1,efce71c9505ece692cd37ee62792a51002fdc80557312eb1688ad5a8a11aa588,fd77c663a79938bdca06cf6726ccd363b919499886e66462915b991635146623,,21,train
IMG_20251106_135515_jpg,train,640,640,2025-11-06T13:55:15,10kg:1;1kg:1;2.5kg:1;25kg:1;zacisk:1,91f50547658422d79fc22a773a922e0236ea0dff6ff5eada96c23ff8aaf94d36,a6d1d92d416434d7d967665819557797b5d0d8619b159934e4cce243ccd91d9c,,16,train
IMG_20250504_205548_1.jpg,train,480,640,2025-05-04T20:55:48,0.5kg:1;10kg:1;2.5kg:1;25kg:2;zacisk:1,5461f86ae125f9b814df7c8f526bd94bc780f5a3bddc68909594e1f919eb7696,99448851b6a91ceb6e13603ed63e6b1c069176a14df56164cbbe679e1c3278e7,,8,test
8.jpg,train,640,359,,15kg:2;25kg:4;2kg:2;zacisk:1,b397caa1ca12304cc8fa575efcfe783afa9bda2850d6c37cc73a3b037986101e,c4c1a1107b16530d610f09b31e716eae6cceb2f372717ada96dbcd696cd43251,third_party_press,,excluded
IMG_20250929_120423.jpg,train,480,640,2025-09-29T12:04:23,0.5kg:1;2.5kg:1;20kg:1;zacisk:1,52824f1d79c8cb6d60246ec619d07c3fac5c585cfc59ec61db952f9739ac9dd9,8cac97101e13c94d5b209e00ca098f099a64db5f4edf60f59d2ff5ee34d668d6,,10,train
IMG_20251106_140950_jpg,train,640,640,2025-11-06T14:09:50,15kg:1;2.5kg:1;2kg:1;zacisk:1,13ae23b8f2581711522a61b6ee2e1ee50106e8f128e8b459c82064de86a71aa9,b336cb536cc9224cce4e6e6949323b1ad942ca4e4936d933f358c2cc0ef33cb3,,16,train
IMG_20250929_122559_jpg,train,640,640,2025-09-29T12:25:59,0.5kg:1;2.5kg:1;20kg:1;zacisk:1,233bffd71249082b3e07b6f2a0aa0e35c6077ddda0265728ea9e6670207518a4,cc65993299b166cc9b32cc639b366699ccc366cc673966333cc6996466d93196,,10,train
IMG_20251107_113728.jpg,train,480,640,2025-11-07T11:37:28,0.5kg:1;10kg:1;2.5kg:1;25kg:3;zacisk:1,abd791638e128b5efa90dc71306621603d0cfa8ad7cf11d7be51e979a838319e,88dc929592167e9efc8c98177a1f7e8e3c241c9d20aba1bb85fcc4ec81ace5a9,,21,train
IMG_20251107_105735_jpg,train,640,640,2025-11-07T10:57:35,15kg:1;25kg:3;2kg:1;zacisk:1,3eacc63ad795e3e7a61f1cc4b67f2ddd6de74c75707609ce45923fb52efc0119,b0c187d6c7123fcb4b26b07813dbb38130bc5369f0814b3ed29ffd0d852532bb,,20,train
IMG_20251107_113024.jpg,train,480,640,2025-11-07T11:30:24,0.5kg:1;10kg:1;2.5kg:1;25kg:3;zacisk:1,52847b832890a2f53c5643cfc54a4d1e94a07e8dd7d3ea623af2ec4c74c41316,8e629845db4d2ee366728350034028c3ff42ff407ec0fecce70ce62ce66cd7ec,,21,train
IMG_20251107_101112_jpg,train,640,640,2025-11-07T10:11:12,1kg:1;2.5kg:1;20kg:1;25kg:2;zacisk:1,54595bfe50c05a93e890e83bd655432581ca66393fe861cbcd8df144ee0ff72b,e7b0d58a9f4e6aa518d9e516c1f718ae2f03c3b066b53b83a674a8a19aa88bce,,17,train
IMG_20250501_191341_1.jpg,train,640,640,2025-05-01T19:13:41,2.5kg:1;20kg:1;25kg:1;2kg:1;zacisk:1,8e7019c028ba02f6b9e2019576a8f7957064473e57bb69e548ce5fb6f83d7e18,a12dfdb33c82308a3b92eb72a3779995aa521d8a364cb2698d869b2c9d8da7c5,,2,val
ZE_184.png,train,640,484,,2.5kg:1;25kg:2;zacisk:1,15733db79fb3df39ed0f182331aa24637548bbed57fe059821adfcb05d54a907,a4d9f1ee9b2186da7b661c2de49bca4a35b7592d835eae43e1bc18a1036ab2c2,third_party_video,,excluded
IMG_20251107_100548_jpg,train,640,640,2025-11-07T10:05:48,0.5kg:1;2.5kg:1;20kg:1;25kg:2;zacisk:1,7db4b9cc73ddbc3fef3c0be96fc00af09bbb8e8f05f321cb16de0388c212592d,f24983cb8f0730f0acb8a0fc836c4f4f7a82bcc7b4c1ca1e536883f0871677bb,,17,train
IMG_20250504_211259.jpg,train,480,640,2025-05-04T21:12:59,1.5kg:1,005109749c9c4102e54a586c93130e46f22d2aa1fef49c48afae90b5f7babce7,95ef947c9a52332383378317e5dbbcc07b607a2c545d640d8e98dd167b6a7023,,8,test
IMG_20251106_134902_jpg,train,640,640,2025-11-06T13:49:02,0.5kg:1;10kg:1;2.5kg:1;25kg:1;zacisk:1,48206b5890183fe9a76b6681ce94f81607eb1e8e00d64895237878dee2f40301,b4ca8531c924e35599311eeab4ca209f603fc05d345159ae42aee475fe403fff,,16,train
IMG_20251107_120553_jpg,train,640,640,2025-11-07T12:05:53,25kg:4;2kg:1;5kg:1;zacisk:1,a17bd6e62aa678dc34e376436afc196745c385a163ecae090b9cc7a0c7d1d1c6,f649cd0629b62c58b64936dc0ab44b6bcdb2b4b632cd7b4dc7298d3219835ab5,,22,train
IMG_20251107_115722_jpg,train,640,640,2025-11-07T11:57:22,25kg:4;2kg:1;5kg:1;zacisk:1,44a600bcef8373a64e4cee3c59e42887ff4b89eb2e8c10be5dbecaccfdf3f300,f87a89e0c3a4381c89da79c892cb49e04b24f6cb7c5bbe4f6c15ca374b694a33,,22,train
IMG_20250504_194915.jpg,train,480,640,2025-05-04T19:49:15,10kg:1;1kg:1;2.5kg:1;zacisk:1,84bb8fbafca166af9b74050c3c3e853358a62352c6b2aefaaf6ef90484da84b5,84119aec986d9432ad938c931e6695591aacc55316b6a11da2ef6fecc5117bee,,7,test
IMG_20250504_203419.jpg,train,480,640,2025-05-04T20:34:19,0.5kg:1;2.5kg:1;25kg:1;5kg:1;zacisk:1,c9dc4dcfae405d2d3384d8f2259ef68723554b0a448f9d44d87506373ef11f71,8504a9241afb943336db1efb866736791a99adda1e6281962fef3fed81146304,,8,test
IMG_20250929_121753_jpg,train,640,640,2025-09-29T12:17:53,20kg:1;2kg:1;zacisk:1,9b483f99f008c353b5a3c5015cbafba22994bf9e78ddd491d34432c8351b73f2,cc649936cc7366991993ccce99336699cce6664c333c66e638ce996466633393,,10,train
IMG_20250908_111345_jpg,train,640,640,2025-09-08T11:13:45,15kg:1;1kg:1;2.5kg:1;zacisk:1,8383c06f4c37a1f6a8bc855db033f529bd27b9804d8e13b0273d5babf2f61d10,ce699b6499b1649b3326ccdb9b2c619399e3c6c9338c64f3ce63931c3198cc66,,9,val
IMG_20251107_095741_jpg,train,640,640,2025-11-07T09:57:41,1.5kg:1;2.5kg:1;20kg:1;25kg:2;zacisk:1,68188cfbcfe41c6ed9596339279d04b08256329ef933bb2d6f6e6db259318abb,e1e6819e8d0659f6cc99b946537eb6007b269e5924c18efc7e2b8621853bce39,,17,train
ZE_62.png,train,640,401,,1.5kg:1;25kg:2;zacisk:1,8e0600ecb9e6a26cd93d45927169212ee0258c2ac40d253bcfc3460d17665ffe,d33708ccbec9f733c89cbb5296c9e08da936c743b7a08cadc0159fc29fa0e035,third_party_video,,excluded
IMG_20251106_140838_jpg,train,640,640,2025-11-06T14:08:38,1.5kg:1;1kg:1;2.5kg:1;zacisk:1,bbed44f17ebb199db685340b50938baab9bb3212648ab300a98dba437f4ca73e,e4638c6659cc271c97196134dce674c3ace6c932f9a36ee68b989a514f6658c6,,16,train
IMG_20251009_133426_jpg,train,640,640,2025-10-09T13:34:26,1kg:1;2.5kg:1;25kg:1;5kg:1;zacisk:1,69a6684bf2591faa1c693dc9c90c550f46cb60147844bc7219af47bca56ad296,ce793326ce6632cb931bccd939b3664c4d90264b4c9b64cc3373ce59313c39a6,,13,train
IMG_20250501_190731.jpg,train,640,640,2025-05-01T19:07:31,2.5kg:1;25kg:1;2kg:1;5kg:1;zacisk:1,69c1ab5f8e712f2fb40023acb91b4b932f49b7b24f350d609e9376bb9c401ed8,84b6ec993c9938c93949c97ba53b999aaf491d8916ccb3669ce1973298dca7c0,,2,val
IMG_20251107_100959_jpg,train,640,640,2025-11-07T10:09:59,1kg:1;2.5kg:1;20kg:1;25kg:2;zacisk:1,29fffba40da5dac30e8384f43b301b6ce04522f45cbb6d391c5f12dc8a7f5f53,f866cc9b4e9b3064934c32624c9bcd9d956c874b78f24e16976dc3494a925a7e,,17,train
ZE_17.png,train,640,365,,15kg:1;25kg:2;zacisk:1,f902cac4d50a5663f06a79040986fe7cb66c80dc2bcf8fb38eb77a61f4210e93,fcf923c75b2a6b5507aa1ab4e149e4ad9b725aaba087597c63897e401c868c9e,third_party_video,,excluded
IMG_20250504_210330.jpg,train,480,640,2025-05-04T21:03:30,15kg:1;1kg:1;2.5kg:1;25kg:2;zacisk:1,2f7258248a82abe9c555752559e53e28b5c8104601a1aef47675bf446b1c17ca,8d2b910bb2d59e9961023032e99d2dfc32762e8accaa07707f8107cfde6ecc3e,,8,test
IMG_20250504_205212.jpg,train,480,640,2025-05-04T20:52:12,2.5kg:1;25kg:2;2kg:1;5kg:1;zacisk:1,13e9f43a555ed123377edfc74bf55528abc0ce71ff933cf46f20af5ff352168e,8e948b97936b8e9b65a36320d98874e802673a2b46ab389c48f873e91bef7e0b,,8,test
IMG_20251107_105838_jpg,train,640,640,2025-11-07T10:58:38,15kg:1;1kg:1;2.5kg:1;25kg:3;zacisk:1,d7d2050b1a4f30afb4857b55c219eeb9e5a71e361ec2b295c36422af12f4e8fd,ad7bd6d790dca13dbd5c0535a16bf56e56b2c696a11e1ec21780d788187a2b60,,20,train
IMG_20250929_115714_jpg,train,640,640,2025-09-29T11:57:14,2.5kg:1;20kg:1;2kg:1;zacisk:1,b12c360ee1cb3b15ddd2f7d67ac00ad4359e53c88bc9ec109465e17da5961502,9a4d9b659b3966cb9a4cce39332464a6c6996cc964f37339ce4c9a4d6c983866,,10,train
IMG_20250504_203247.jpg,train,480,640,2025-05-04T20:32:47,10kg:1;2.5kg:1;25kg:1;2kg:1;zacisk:1,96f40d1eea2d1f86cc8ee979cdece63b5996bf780fa257ae7a4073dcdb67cb9a,c510bef58cab921ab7759c51166d95581acda53212354d1ca4f73befc51072d6,,8,test
IMG_20250504_211059.jpg,train,480,640,2025-05-04T21:10:59,10kg:1,88b4954439163e2a18e478b5f6de28fee347d1f0aafcf77153e837acac86db72,95da87d1b2e5336e836e82a5ed48b8857c0b79da64b14c3a8cbdd92573c0714e,,8,test
IMG_20250501_191308.jpg,train,640,640,2025-05-01T19:13:08,0.5kg:1;2.5kg:1;20kg:1;25kg:1;zacisk:1,993f87c91dfc9712c72b05293a8d5f4a079a6a6c4b2239b77ce64000a432d0b8,a129ed3a3da67090529452706377c336ea7449b654b7f27968964275187b3797,,2,val
IMG_20251107_104653_jpg,train,640,640,2025-11-07T10:46:53,15kg:1;25kg:3;2kg:1;zacisk:1,0606612504c6c8d9bb1c326ce37b278d36df78cf4bb22097fbcdb8fb87a186a8,a4719a521bce65ad983465861ae31b70849c92e76f791a5be0af949c1ae34bcf,,19,train
IMG_20251009_123548_jpg,train,640,640,2025-10-09T12:35:48,10kg:1;2.5kg:1;25kg:1;zacisk:1,5870935a609b3239d86151a1bad9c5fe8c60db64da00f2455935c014cb443061,ce5e9b219c6c64861b31e6589b666ce3399c66dae6d36d8464f0c61b31cc3965,,13,train
IMG_20251107_110224_jpg,train,640,640,2025-11-07T11:02:24,15kg:1;2.5kg:1;25kg:3;2kg:1;zacisk:1,68735df93953098398dde9ab711614483cfec7705700936a7cf24cbb4989d742,a473d6f213c8715c920e322c5b6265a7ada5a69c5cfa0acbe18faaad1af05ac3,,20,train
IMG_20251107_120401_jpg,train,640,640,2025-11-07T12:04:01,25kg:4;2kg:1;5kg:1;zacisk:1,30c53def120c5f397e60acfb3d5e1acf3ae4d75ea54fe7cc2bb35d9be7a1367e,964dc92429b6259bfa4936d909346b6d4d9bb5b604864b651bcd85b279297a97,,22,train
IMG_20250501_183411.jpg,train,640,640,2025-05-01T18:34:11,1kg:1;2.5kg:1;25kg:1;zacisk:1,36d938434da570dc3a9207aae148ff85b3abf7c640fa3f89a979f8299ee88678,837281b1cc8d21fc788d3958c398b146773bff1fc390b3d85c2d6733d8f30252,,1,train
IMG_20250929_121432.jpg,train,480,640,2025-09-29T12:14:32,0.5kg:1;20kg:1;zacisk:1,73bdbc6d4fb78a6105462e576dafae06f827b12ced6b2103f9b81aa8aba1676a,8c159f54792aca9761da6ba9d91768aa7a6dd857cc93306986857873967d24c1,,10,train
IMG_20250929_124622_jpg,train,640,640,2025-09-29T12:46:22,1kg:1;2.5kg:1;20kg:1;zacisk:1,42dab17b3b97c4f0051d62bf5687c5e0484c615e790b2acee172587d40d5017b,99249932999966cc9e64cc6c99b2679cce6cce6c9b6c399ace649a6c99313993,,11,train
IMG_20251009_121916_jpg,train,640,640,2025-10-09T12:19:16,1.5kg:1;10kg:1;2.5kg:1;zacisk:1,451f75347aeb16dec842166f4f589a1080ef198cf8eef29319881d92f48ed53c,cc639936999c33999b66ccc9f33063193333cccc64cc6633cccc992ccf9933b2,,12,val
IMG_20251107_101813.jpg,train,480,640,2025-11-07T10:18:13,0.5kg:1;2.5kg:1;20kg:1;25kg:2;zacisk:1,e83438b788367a738243b4a706f9d9430805718ca5150a52b23120c82cf422c3,df208f3088f8730b33c7f1c1ff2039ffe5c7e7c78036887649c1e114932e8783,,18,train
IMG_20251009_132439_jpg,train,640,640,2025-10-09T13:24:39,10kg:1;2.5kg:1;25kg:1;2kg:1;zacisk:1,1fa79bc06ce5d05cc90d74b1d056e778e4dde07e7eccc912251bc626b9941e07,96d29b699a4c6ce69369c6dc926d3c69931c669264c6698c6c369693659e396d,,13,train
IMG_20250504_210015.jpg,train,480,640,2025-05-04T21:00:15,15kg:1;2.5kg:1;25kg:2;2kg:1;zacisk:1,4df8ebe3ae4f4d4afe1aeb67e74a5c498813ed983b37424ee9112df29674429c,8c2a8638b2941efa6f003aeae207bb97070672f89cba693b93c367c6af88787a,,8,test
IMG_20250504_191758.jpg,train,640,640,2025-05-04T19:17:58,1.5kg:1;15kg:1;2.5kg:1;zacisk:1,a5a69591ed5836aea2c5cf0b644e90a0addf1ce903712a3f555bf3c1119f0123,d176c9e68fb3af91a6dcf459f04d9a0dbe200e703eb23956e10d92491c539d32,,5,test
IMG_20251107_100046_jpg,train,640,640,2025-11-07T10:00:46,1.5kg:1;2.5kg:1;20kg:1;25kg:2;zacisk:1,abdb56bad20057f21104d7eae832af266d4aa05401404caa7b591a276aefe1f7,e523d95a199c65a4dfca0742a538b5b85ec352dae051b9cfaf8ee23050e10f2f,,17,train
IMG_20251009_120535_jpg,train,640,640,2025-10-09T12:05:35,1.5kg:1;10kg:1;2.5kg:1;zacisk:1,6406816db62f91870fb3e6be233a9111b6f6502d76b9453af92697b621e6fa13,9a699b6499a6659bb364ce339b6c318e3336ce669acc333064d3926cc4db19a6,,12,val
IMG_20250504_210423.jpg,train,480,640,2025-05-04T21:04:23,0.5kg:1;2.5kg:1;25kg:2;5kg:1;zacisk:1,3cf2e581de7465c7377e29851ec4fed004be662e1ea72278b0fcab067f620d9f,824b98d29db491e5348f3d87a631368d198c6f72c65363954067c21acbdae7eb,,8,test
IMG_20251106_141158_jpg,train,640,640,2025-11-06T14:11:58,15kg:1;2.5kg:1;2kg:1;zacisk:1,888226c7c520c5880dadf5ad2e7207f3e26a16e5eb5f3f22972f4c9097ffd3c7,e1738e4619ec218d3319710cd98672c98e669f3146636e6618baa65be72e79e6,,16,train
IMG_20251009_134653_jpg,train,640,640,2025-10-09T13:46:53,10kg:1;1kg:1;2.5kg:1;zacisk:1,6ecba39e29d67f95aabecd4263b46c34a5aa7944292f1319087b3c4e8fb01a7f,cc669936c9936659998cccccb3333399ce66cc6c33996673cce4993433333193,,13,train
IMG_20250504_194320.jpg,train,480,640,2025-05-04T19:43:20,15kg:1;2.5kg:1;25kg:1;2kg:1;zacisk:1,253aa83d71ad191973463cff10259b7cbce8f55fa2bafabd5377df44e73b1126,d5329d640a4db69b2e930ebce73a1a7d0acda5983b3495d3236c0a5cd5c27363,,7,test
IMG_20250504_205703.jpg,train,480,640,2025-05-04T20:57:03,1.5kg:1;10kg:1;2.5kg:1;25kg:2;zacisk:1,4eb7bafc9650927e7ecc27b52bcf851a244f5224c81aefc3172da66929fea96c,8c2b863ab2dc1ea26f1a3a8be2073b8707ce7ad098be693382cf67c6ae8a5872,,8,test
IMG_20251107_112301_jpg,train,640,640,2025-11-07T11:23:01,1.5kg:1;10kg:1;2.5kg:1;25kg:3;zacisk:1,1a9a97852037275228ff45b839d0c64cf5d9bea0aedf44414f90859d3bf3a7e6,f3b6cd962a49326db2e832704c9649b7c5c9b3692a966b16e569c5c90ecf0a96,,21,train
IMG_20251107_101934_jpg,train,640,640,2025-11-07T10:19:34,0.5kg:1;2.5kg:1;20kg:1;25kg:2;zacisk:1,1b2bc888fe627849e3a540a7ef6c34f23974e8de16c9b72d02a152bbdf268c44,ad1990b17ce66b5ac63869291a9e3ea4d3a0e11a0f721eb6d045f30b77381ff4,,18,train
IMG_20250504_205152.jpg,train,480,640,2025-05-04T20:51:52,0.5kg:1;2.5kg:1;25kg:2;5kg:1;zacisk:1,8dc824c78d3c1e7021ce884af7db1bdc749d413f1768992a7077d6cecae0fbef,8e968b97936b0f1b65a36ba0d88874e802773a2f46a9389468f873e90bef6e0b,,8,test
IMG_20251009_121559_jpg,train,640,640,2025-10-09T12:15:59,10kg:1;2.5kg:1;2kg:1;zacisk:1,6820d664d8f9e0bea257b9505228480f48a2c924611c8601b00b294fb238b1cb,cc669932999332cc338ecc49e73366d98cc966cc66cc649b8ccdccccce333333,,12,val
ZE_180.png,train,640,381,,1.5kg:1;2.5kg:1;20kg:1;25kg:1;zacisk:1,ee5a3e48c7637eff18c0edf5455260f3319bdae642f54ba21421569001c044e7,a64f5830d9b80fc4bab2fd3fc2c1c24f4d3f78b07d122b222ab53cfa29c006dd,third_party_video,,excluded
IMG_20251107_095725_jpg,train,640,640,2025-11-07T09:57:25,1.5kg:1;2.5kg:1;20kg:1;25kg:2;zacisk:1,0456c8ef2a42a4fe03429a65c61fce40137a1282dd86d3bdc048e3192079b016,a5949acb9d6925b199cd76925ae35577e5380aae5546aae580b4b4a28b0b5d5d,,17,train
IMG_20251106_130423_jpg,train,640,640,2025-11-06T13:04:23,1.5kg:1;15kg:1;2.5kg:1;25kg:1;zacisk:1,332df499d9e94dce6f872e3ad25ec6fa022782192daf0f3ab013bdb3d040c8cf,ed9193299a49f4e78a6e0494f5f30d960e9ed2637b53193d09c5fcc63c380f88,,14,train
IMG_20250504_203708.jpg,train,480,640,2025-05-04T20:37:08,2.5kg:1;20kg:1;25kg:1;2kg:1;zacisk:1,5d549eff265095abf2cfb95af2b235132ab7e8c99176420fa82053f0b7314a19,804da8499db2903434f31ef2867736f11892ad273e639b3d3fdc7eca812d624d,,8,test
IMG_20250501_191434.jpg,train,640,640,2025-05-01T19:14:34,2.5kg:1;20kg:1;25kg:1;2kg:1;zacisk:1,619e949c10c25c79c77d968af8af2967a2bce9b1ff67546765f23ff68e00be74,a12dedba3db770d258c24330617fd1b6ea54499244b3aa7d6cd26335183d3743,,2,val
IMG_20250501_185656.jpg,train,640,640,2025-05-01T18:56:56,1.5kg:1;10kg:1;2.5kg:1;25kg:1;zacisk:1,25ebd779c99038a36e2778c6aeea4b3c927d36f02696cbb046783ac53252c00e,e125b31accc8ae3018c29ce46319f3391cda7fbb2f0cc8ccb1664ed30e7ee913,,2,val
IMG_20250501_183716.jpg,train,640,640,2025-05-01T18:37:16,1kg:1;2.5kg:1;25kg:1;zacisk:1,e821925af92338a44abe213f49771886b3d42227ab6387281e1dc7bc84dc7b1e,832183c0cede93e238cef86f23b9c39834377e39fd5c03a983c03eb6ee1b8161,,1,train
IMG_20250908_113159_jpg,train,640,640,2025-09-08T11:31:59,0.5kg:1;1.5kg:1;15kg:1;2.5kg:1;zacisk:1,bc147d02dcb1de41e56bbc21c52ca744c47e65e2ccf992826611d0d69a3e6c5b,ce6d996699b3649b3336cc99cb2c659a31b2ccc9964c30b36cc38e6d23993336,double_labelled,,excluded
IMG_20251106_130828_jpg,train,640,640,2025-11-06T13:08:28,1.5kg:1;15kg:1;2.5kg:1;25kg:1;zacisk:1,8a25dd20104bbf19067f065aea095825a1d676446996f9162c0bbd586f5f50aa,9d98cb442224a5bac33fd6ddedf0b480f485c20d0a0d108ca4d7a7f503ff5beb,,14,train
IMG_20251107_100033_jpg,train,640,640,2025-11-07T10:00:33,1.5kg:1;2.5kg:1;20kg:1;25kg:2;zacisk:1,6adacad5ab6ffa807e684bc46e270a62b2859c2af8c1d8d2523e6b94808c2be8,e563d6ad929c28791bd2c42dc4633bea6d5ed2a165511f8e2ce5d0e3bc0e0f18,,17,train
IMG_20250908_111613_jpg,train,640,640,2025-09-08T11:16:13,15kg:1;1kg:1;2.5kg:1;zacisk:1,aa82c4444ac6b8246463de39549a46d79491fcd39aba704e9d519134fd88b7f2,ce699b64993166993326ccdb9b2c619b99b3c6c9339c64b3cc63931973983866,,9,val
IMG_20250501_190944.jpg,train,640,640,2025-05-01T19:09:44,1.5kg:1;2.5kg:1;25kg:1;5kg:1;zacisk:1,d9f2a2b808811dac5d4c50e009d6b79bea0a58e8ac25cb8ecc3071627a68f253,8435ecb13c93728a7b8a5362e177c137cb5a0919549bb26ef81b6713983c36cb,,2,val
IMG_20250929_121143.jpg,train,480,640,2025-09-29T12:11:43,0.5kg:1;20kg:1;zacisk:1,1d0f29d136291237f656e5c9768b5aa7a91a1aad5bfd6a3a0c661e4500bee353,865e9708dd15c8274b149a2ced5eecbcfa7760cf74cf70d2968770ed24c86502,,10,train
IMG_20251009_134511.jpg,train,480,640,2025-10-09T13:45:11,0.5kg:1;10kg:1;2.5kg:1;zacisk:1,d72fa2848e7ee74b2b286f66c0e479430df7b15cfad338199345f23708a2a240,ba03a004cc3d0635e3d542fc64346a5f66d76e216ed37b4259ff1f704f00d1cb,,13,train
IMG_20250501_190744.jpg,train,640,640,2025-05-01T19:07:44,2.5kg:1;25kg:1;2kg:1;5kg:1;zacisk:1,12caf522067fb6e8eaf74c02351bf1728118735cceb0f6c22eec4d27869e083e,84b6fc913c9939c93949e93ba53b899aad491dc936ccb3668da18db298dca7c0,,2,val
IMG_20251106_140654_jpg,train,640,640,2025-11-06T14:06:54,15kg:1;2.5kg:1;2kg:1;zacisk:1,975064e78d7e95434a0bee7a5f49ef1c8982912a960b030deb6baaa993f73d98,ec67cce75b983308e3313b934c66664d5cc897331e664cc6b113a6992f383ba6,,16,train
IMG_20250504_210806.jpg,train,480,640,2025-05-04T21:08:06,0.5kg:1;2.5kg:1;25kg:2;5kg:1;zacisk:1,eae219560cd123fc6c1907b9d4c4d8d0bc4e31066fab07815c29383ec25c4313,c64b92909db03ce7a4e79c63d4a5994b399c6f15667362a84108613c5f7e5ea7,,8,test
IMG_20251107_120337_jpg,train,640,640,2025-11-07T12:03:37,25kg:4;2kg:1;5kg:1;zacisk:1,1116360b009fef3d0dfe84809c8158d2cf6d5be7ea955c2daeade25da51885aa,b64dc904cdb26532db4916c9dcb4693d277bb5b6701c1a4d4f4e5d8af20b6894,,22,train
ZE_121.png,train,640,494,,20kg:1;25kg:2;zacisk:1,73f83f00a648711e7a8b6118da14257045e88f75a79398e7907860a42dbc743d,a01dce5ca55452aeb8999ab95969246657579ac796910da52dadf2ea515b1596,third_party_video,,excluded
IMG_20251107_113106.jpg,train,480,640,2025-11-07T11:31:06,0.5kg:1;10kg:1;2.5kg:1;25kg:3;zacisk:1,5accfca88a90e2ebc6ac959e04db27b8dec385051dbc8e114d423422da9300ec,a210994499cd62a3ee65dd4e5bea7be05f715feb5fe439c41f600e23582350c1,,21,train
IMG_20250908_111615_jpg,train,640,640,2025-09-08T11:16:15,15kg:1;1kg:1;2.5kg:1;zacisk:1,03ba65dd591a842990e3960b4fa215562f977cb7263ed96f33e76bca9d7447ab,ce699b24993166993366ccdb9b2c619b9933c4c9339c64b3cc63939973983c66,,9,val
ZE_167.png,train,640,543,,10kg:1;25kg:3;zacisk:1,4a94d2732ebacdd52b8598e0581812ab74ea7f4ec086eb0b12a78c9edd43ac3c,a3bb482289a63799e6401da3a6c8d1c45df7a64ab7bbc5577a411de784e2259a,third_party_video,,excluded
IMG_20251107_111816_jpg,train,640,640,2025-11-07T11:18:16,15kg:1;2.5kg:1;25kg:3;2kg:1;zacisk:1,1877dae4c6b84ad3ff5e1de5fefbce1244fe119b7519db7901ced434b46412f0,f803c9e1c5e53071a05bb06d91746983cb3a96dacf9a4b247b0637da2d4b6fa4,,21,train
IMG_20251106_133010.jpg,train,480,640,2025-11-06T13:30:10,10kg:1;2.5kg:1;25kg:1;2kg:1;zacisk:1,04aa3ce7bd0ab714d1d662cc89cbff94b3b382c80a07c801e1002184f628cc06,ead4f09434a571ddb1b19490f4cad6be44554d155936d3a489643256b6c94fbb,,15,train
IMG_20251107_115837_jpg,train,640,640,2025-11-07T11:58:37,1kg:1;25kg:4;5kg:1;zacisk:1,0c3594730c9324d69b72e866218735afd2edfce8ccfacef2554139a4a990339f,e3189cea98e773ac8d2c47879dc16539121c70e3b5dc8e580af390c7a57dbd44,,22,train
IMG_20251107_101009_jpg,train,640,640,2025-11-07T10:10:09,1kg:1;2.5kg:1;20kg:1;25kg:2;zacisk:1,d8d20062737430e2637aab777a2bf7efe9ba1df1afe45123ce983fffc6599dd8,f874cc9a489b3264b36433624a9bcd99854dd64b4ab24e36b765b74d4a9a5a9a,,17,train
IMG_20251106_135709_jpg,train,640,640,2025-11-06T13:57:09,0.5kg:1;10kg:1;2.5kg:1;25kg:1;zacisk:1,48dc0833ee08f9792a67e9bd8193c512ce6f57e20d3520bfe330f1c89d20a1f3,aa998954594e66cae67366638fcc38be91389b211b3f1c98e4cee66b0b3139b4,,16,train
IMG_20251009_123923_jpg,train,640,640,2025-10-09T12:39:23,10kg:1;2.5kg:1;25kg:1;2kg:1;zacisk:1,bf4a37e4ff3c8c7bd908e93fe3fa40b08dcb79d7bbd36fdfb63fddfedada1c71,ce5e9b63ce1c64cc3333e6389b666c673b18669a64c36d8c64709673679c9921,,13,train
IMG_20251106_133049_jpg,train,640,640,2025-11-06T13:30:49,0.5kg:1;10kg:1;2.5kg:1;25kg:1;zacisk:1,ed8439a65446e009bf51ccfdce738507d29ac5a70745f77bf0285ec4a3b64545,98c7dce3f0837087c2645b324b51534dd31c8200fed16ef1b699369d1efd0cb5,,15,train
ZE_219.png,train,476,640,,1kg:1;2.5kg:1;20kg:1;25kg:2;zacisk:1,2c2792b35457d120bb8a9c6caecfc2c83e08bb9f76d2f214e17c08c707cf36b0,cf191a7970e661a5359624966efbca698f799e18cb58e1a525a635c270f2b291,third_party_video,,excluded
IMG_20251106_140402.jpg,train,480,640,2025-11-06T14:04:02,0.5kg:1;15kg:1;2.5kg:1;zacisk:1,d4d8e4e0792e67dc480d8f1b6184ef47b58610489760c6a480bae49489b6e900,bb9844dc4f3733760bdcced13bc619ce4a33b33318cc18dcb31288110ae73bde,,16,train
IMG_20250504_205618.jpg,train,480,640,2025-05-04T20:56:18,0.5kg:1;10kg:1;2.5kg:1;25kg:2;zacisk:1,c0b327e6e0429048064c3b64cc7bae31a3219266c19e48c67f081a60976f7a1b,8c2ac438b6d41eee6f10780ae60ffb1707cc72b19dfa692283cf67c5ae0a5872,,8,test
IMG_20250504_192450.jpg,train,640,640,2025-05-04T19:24:50,0.5kg:1;15kg:1;2.5kg:1;zacisk:1,bfb4b76e25d91282bf7847d370205beb6f8a1cabceb881950bbec02de585e2c2,d555d1551ae9a1162abbcc6de5563b99ccb2e5337341a4cc2aaae532954d1ac9,,6,test
IMG_20250504_204646.jpg,train,480,640,2025-05-04T20:46:46,1.5kg:1;2.5kg:1;20kg:1;25kg:2;zacisk:1,79903ac763bee735d29e30cdca0b93fff3cda135ffb82ae1cf9e428b87376f2f,8712973b8f352adfa8c4a946fc4a894e3d86bfa73e819401a549b56d1e747e0a,,8,test
IMG_20250929_122610_jpg,train,640,640,2025-09-29T12:26:10,0.5kg:1;2.5kg:1;20kg:1;zacisk:1,abb5dd7069cc98f5b5ce471d7689c0542ab4965d13b28f261bafa2a64c0d8c94,cc64993299b166cc9b32cc639b366799cccb64cc6639673364c6996c66d93196,,10,train
IMG_20250501_190301.jpg,train,640,640,2025-05-01T19:03:01,2.5kg:1;25kg:1;2kg:1;5kg:1;zacisk:1,3f9b1fc33fc2ece7ae8621d471ce2af3debe32e2d3a96a488d59f23313c70aab,a12196dacccc332739cce733f3331cc60f73c9ccb3670e73c989f12106fc069a,,2,val
IMG_20251107_095539_jpg,train,640,640,2025-11-07T09:55:39,0.5kg:1;2.5kg:1;20kg:1;25kg:2;zacisk:1,6f9a2c638a35b542a1432b676ddb6dacf3529ff7d2aa20a3052af6d3eb535e90,f076cc9a4f9932648f1e336248b9edb01f64cec978b28d96b74db5414a9a3236,,17,train
IMG_20250929_120811.jpg,train,480,640,2025-09-29T12:08:11,1kg:1;20kg:1;zacisk:1,d63ae24cf95aecdca294e59185e3ac951c1389df047aef2c824e3e5a9f6fe297,a75091e9cd8dcdb149d7cff87d32b297393c32e5320a92f6323522496d9b8292,,10,train
IMG_20251106_140623.jpg,train,480,640,2025-11-06T14:06:23,15kg:1;1kg:1;2.5kg:1;zacisk:1,4d4563a9f5be210743911963b4769bf0ec9e3d3a4c142f1d99ad58eca83781bd,fc097d09f709b38882cac25373633363b56bb58ce58c44dc3cf21ef2ce266896,,16,train
IMG_20251106_130041.jpg,train,480,640,2025-11-06T13:00:41,0.5kg:1;15kg:1;2.5kg:1;25kg:1;zacisk:1,d5c91ae8db03e00ffa750a6500892fd0632107ca422bb1ecced58597135bf299,95cd5b362755c2895eaa8994e31354ba38d18acd1baab567e25b4b8c7d656618,,14,train
IMG_20251107_095611_jpg,train,640,640,2025-11-07T09:56:11,1.5kg:1;2.5kg:1;20kg:1;25kg:2;zacisk:1,e9c747d1a13f2f4333cd2af9027e314487c73183c0147f70a29fd86dd3f63a81,a4c4b94acf3164a1998c6732ecb30f6b86301ece71ce996d2f39a3dc594b5863,,17,train
IMG_20251107_120507.jpg,train,480,640,2025-11-07T12:05:07,1kg:1;25kg:4;5kg:1;zacisk:1,21b843c649c3743fd6dce9797781a603430ded7f4b22a6c929feb477f9c1917f,b4995453994f27136c9bda4b7ccf40b5c633649a812addea998ac4ae4caf14a7,,22,train
IMG_20250504_211006.jpg,train,480,640,2025-05-04T21:10:06,15kg:1,9ea37747220e20aa392884f8e579b582f5fa74c76f2f4cf0b1c4fbc2264e1b11,956880fdb6d2233ea3268235ff54ba857e02688b709f4c3f8cbddd357360704a,,8,test
IMG_20251107_112516_jpg,train,640,640,2025-11-07T11:25:16,1.5kg:1;10kg:1;2.5kg:1;25kg:3;zacisk:1,63d33ed82363ca50ffa38d54f37e13d0a160cbfc0c8782e2b7a853c618750e8c,a5399cf59ac6673991ce46ab9c211c5a1c28e32d63a453e351a3d38cd98ef963,,21,train
IMG_20251107_100608.jpg,train,480,640,2025-11-07T10:06:08,0.5kg:1;2.5kg:1;20kg:1;25kg:2;zacisk:1,9476db92c9e31f5d670bed26802235df56002fbf05606629ccd3e9614d68e9c0,a4b1b54b1ac42d6662a79b5145aa6cc4d5da12d4f52b9b55bb0869668ee6ae2e,,17,train
IMG_20251107_120351_jpg,train,640,640,2025-11-07T12:03:51,25kg:4;2kg:1;5kg:1;zacisk:1,d7e9af97270949b9b01fd468ceab196bbd1c2b75802f875628172a8956b74fac,964dc92409b227c9d8c936d8c9977b6d4d8bb5b60480cb251bfc85b2f9697a93,,22,train
IMG_20251107_104451_jpg,train,640,640,2025-11-07T10:44:51,15kg:1;25kg:3;2kg:1;zacisk:1,a88fabe75bab6cf8349816f1eff52d6033c33ef2a9f18a31f8ba7d8e3c69d6b7,b1c18bec87523ce94f27b4fa865a4f27b0f801e833c1db1ec13c8349df077a98,,19,train
IMG_20250501_191215.jpg,train,640,640,2025-05-01T19:12:15,1.5kg:1;2.5kg:1;20kg:1;25kg:1;zacisk:1,690c189cc10eb2eb18aebe667b28f46fa020b2833bebb0837fe0eed85162dc3f,a16bed3a3da77084529453416275d3e5ca74c9b55db6e27168d6623458793457,,2,val
IMG_20251009_133828_jpg,train,640,640,2025-10-09T13:38:28,1.5kg:1;10kg:1;25kg:1;zacisk:1,0ca357c0a8c43ed0cd7f5caf62ee7446431b6eda06c2aba4bbb1443cda6138f1,ce5a9b399a6c648e9b31e658994c64e3333966d264936d9c6c71924b679e3931,,13,train
IMG_20251107_104513_jpg,train,640,640,2025-11-07T10:45:13,15kg:1;1kg:1;25kg:3;zacisk:1,065bbbfa82f6d34c6d642c9b95485e327446585f8ad9aa27e030c6d4a9660f54,a739925692d6670f1a56e19c58d4a8e0ad210697270558f252dedaf43fe3635e,,19,train
IMG_20251107_120424_jpg,train,640,640,2025-11-07T12:04:24,1kg:1;25kg:4;5kg:1;zacisk:1,d051969753f9febb0354dd012eef90eae991e6921b0ed29801755989320d4ac7,adaed28df6d5296ab69c608e5ae125b1c94ae53e5a28d2d5a14714721cb4df0b,,22,train
IMG_20251107_110509.jpg,train,480,640,2025-11-07T11:05:09,15kg:1;2.5kg:1;25kg:3;2kg:1;zacisk:1,47ab36862580ce96b57d83499fb87b645aaa6dbee1af1701bf1867e351104502,a662d84d9b9d66fbc4f6931c023b95df0f466a441dd711cfa215805557ce5a46,,20,train
IMG_20251009_120756.jpg,train,480,640,2025-10-09T12:07:56,10kg:1;2.5kg:1;5kg:1;zacisk:1,99cea1b716091066e4eeab7cc6f3fac95955018b98eec8c7895e83f7581438e3,a2d4a1ec5fca2c2ecf10b5cfb3c5f7d1b5799274b12fb1c21436c6285385480f,,12,val
IMG_20250501_191352.jpg,train,640,640,2025-05-01T19:13:52,2.5kg:1;20kg:1;25kg:1;2kg:1;zacisk:1,bbbc84ae294272274bf4e3aafe4a26ba6e16366071bb7b3782cf35d350c978b9,b1b5ec9b3c93308879caeb3ae33f9991ab581c8b36cfb36884429b269ccd87c0,,2,val
IMG_20250929_125155.jpg,train,480,640,2025-09-29T12:51:55,2.5kg:1;25kg:1;zacisk:1,deae6a9bf8abb118365f7438b618820f521b5d0d74991a9ff75090f5f1d675a0,8e7b735d9488648063d4b0ac2dab961fdce54a6453d4d18a6472b6f165d5a7ca,,11,train
IMG_20250504_194952.jpg,train,480,640,2025-05-04T19:49:52,10kg:1;1kg:1;2.5kg:1;zacisk:1,70d5f46e147f29b02167eb8afeba35745394603a9ec928fe617d141dd350e046,d120bb750f36a2882cc96cdd0f31b51e3bb6e4491a96c146a2716fe7d4887bb3,,7,test
IMG_20251009_120626_jpg,train,640,640,2025-10-09T12:06:26,1.5kg:1;10kg:1;2.5kg:1;zacisk:1,0fc74183e86368a291df272d22030ba561f4b75dfb45db6788f5f934e005f826,ce389b2699c731993266cc73ce18619b3333ce4c3cce6cd3ce639339c71819a6,,12,val
ZE_197.png,train,626,640,,2.5kg:1;25kg:2;5kg:1;zacisk:1,86281a15baa605af95d3de87328f1e2eadac5c4072f0f8ed54452bfee66db44a,e312e5424ccff441b2ba17bab27c32dc5d9bbfda0cdbc315b7643c7742201248,third_party_video,,excluded
IMG_20251009_123645_jpg,train,640,640,2025-10-09T12:36:45,10kg:1;1kg:1;2.5kg:1;25kg:1;zacisk:1,a44e18fc160af7ff477e487202297f6b996019f7ae230252f64474972eadd78b,c61e93638e5c658c3b33c6189b4e6ce73918669e64e36d9c663cc6c3318d196d,,13,train
IMG_20251106_134908_jpg,train,640,640,2025-11-06T13:49:08,0.5kg:1;10kg:1;2.5kg:1;25kg:1;zacisk:1,51fa0d7d75ed8e25c50e646874721bf57719e5deefe6cc86073266c1511d3182,86cbb0eac92ceb16b19806ad12c534dd6e7c830f075299aa68e4e73ba79b6978,,16,train
38.jpg,train,426,640,,2.5kg:2;20kg:2;25kg:2;zacisk:2,d160721b0bb6227ad425339d1e899d4c6c2e4bf4cf3c5c0296fe379e910497d8,f30392fe0d1351cfcab43ccbf3e46833b4ca3374cc924f41b3cd6c1283b39a4c,third_party_press,,excluded
ZE_103.png,train,640,540,,1.5kg:1;25kg:2;zacisk:1,191787f7f3cfe58a94f1e3f8bd01dcc86ac042d5e69f8c42878f3e4f9141f033,a6d9d2435b267cc8d6dd5a6706eb765b5b67cec9580c592646434e491b1a44cd,third_party_video,,excluded
IMG_20250504_194232.jpg,train,480,640,2025-05-04T19:42:32,1.5kg:1;15kg:1;2.5kg:1;25kg:1;zacisk:1,5da62c75334101e5bbc26aa7a7dfe73705197484ac60f7820b05a3ee1028d131,d5629d491ad9a6322ea40ebce6721e6d1add85323a2d8d9722eb0ad9d5067367,,7,test
IMG_20251106_140815.jpg,train,480,640,2025-11-06T14:08:15,15kg:1;1kg:1;2.5kg:1;zacisk:1,59a3dc366517d4937e1f90e1109f5db1c0723c1471ecdb563061ffa2697e98ef,c3fe8007380063f8f32b1fe47d8a33f0d21fd3b1e19f2fc07a0e7798e119e380,,16,train
IMG_20251106_131222_jpg,train,640,640,2025-11-06T13:12:22,0.5kg:1;15kg:1;2.5kg:1;25kg:1;zacisk:1,4cb5d445d83fe76058ed72a3b6712b7aa8387ad32e6a553be7d78d5099d9392d,855cb143db6dea3499a30eb83fd4b49a6ae2ce392756993863c4c867b5b3085c,,14,train
IMG_20251107_095344_jpg,train,640,640,2025-11-07T09:53:44,0.5kg:1;2.5kg:1;20kg:1;25kg:2;zacisk:1,d1eae10b9445b337642880dcf5700c4b87e419b1b6f3cd9091674c3f0a8cd4f6,c735d0d0dade2ca5194a4d4fe12878e04eb29d9e2535d94ae2334ae238f5adad,,17,train
IMG_20251106_140304_jpg,train,640,640,2025-11-06T14:03:04,15kg:1;1kg:1;2.5kg:1;zacisk:1,786cd61a1bda0d26103e0175d69eae06e4a734247616d5a85f64aa6d31bebfbd,fe66ccc6519923d9d76621194ccf376f208c9b330f990cc6b65e927b1d991988,,16,train
IMG_20250504_204453.jpg,train,480,640,2025-05-04T20:44:53,2.5kg:1;20kg:1;25kg:2;2kg:1;zacisk:1,0866ecfdbe22c63dcce1f917bd1be4ac03033d018dc72235caa7e28f29da761c,8665be46984038a8b99eab9df9d58a113919b9087c2e91de8a97bbd2bce37071,,8,test
ZE_92.png,train,640,481,,0.5kg:1;15kg:1;25kg:1;zacisk:1,0929814879856b0ff96e071b9e42163630ebd099ee67501061ad48a015772a4b,b36649dd4dd9333eb29fd673c336599c4cb22fb0a59f36433809530f0125cd24,third_party_video,,excluded
IMG_20250929_121906_jpg,train,640,640,2025-09-29T12:19:06,20kg:1;zacisk:1,2b2fa63353827080bd3c47c07fc45e210f843aee86585b44b3bd620597d3a4b5,cc669933999366cc9999cccc99b366d99cc66664333266d364cc992666673399,,10,train
IMG_20251107_111722_jpg,train,640,640,2025-11-07T11:17:22,15kg:1;1kg:1;2.5kg:1;25kg:3;zacisk:1,e544469678587f91bd5add93c5d28b25b73c3ae01f8f4ee0fc4d1319d561cc60,a46bd2d313da2529e08c278cd3e79c729879c08b4fcf6f69286d90741bd21fca,,21,train
IMG_20251009_123621_jpg,train,640,640,2025-10-09T12:36:21,0.5kg:1;10kg:1;2.5kg:1;25kg:1;zacisk:1,7708928a3164742ae19961037c1589472dfea0e48e2eb550212641604ae010d9,ce1e9b639c68658c3333c69c9b666ce33998669e64d3699c643cc64331cd996c,,13,train
IMG_20250504_210721.jpg,train,480,640,2025-05-04T21:07:21,2.5kg:1;25kg:2;2kg:1;5kg:1;zacisk:1,2f90242317e46a188f9c7284635848858496b5ab1d393ec76fb176f849df8501,c34d89768cb31e2caf1cc71ed25984b3066d25ed71c77947e893688144b84fed,,8,test
ZE_29.png,train,640,467,,0.5kg:1;25kg:2;5kg:1;zacisk:1,8e5f84da9c5b0d2905998abbc3f0aebfe0d3a70c2737b40ab3953d5bb3db7002,a339fb31ecc6086e02d854a4fc9ba33b55a22e6c139bdc6fa83205cca9f2ba59,third_party_video,,excluded
IMG_20251009_120628_jpg,train,640,640,2025-10-09T12:06:28,1.5kg:1;10kg:1;2.5kg:1;zacisk:1,c9cd7150f5692c9bfa7aab0f05c8baf13368a335f492faef9648dbfeebec5cbb,ce389b66998731993266cc73ce18659b3333ce4c3ccc6cc36ce39329c718c9b6,,12,val
IMG_20250504_210206.jpg,train,480,640,2025-05-04T21:02:06,15kg:1;2.5kg:1;25kg:3;2kg:1,29c3c1c377624f79b32179634b5ff8800f8bed8d1eba3cc4bcdacc6936faded1,8c2a8b3ab2d41eb56f08764bd30769b346ca76fcccba61bad54363c63e02187a,,8,test
IMG_20251107_104633_jpg,train,640,640,2025-11-07T10:46:33,15kg:1;1kg:1;25kg:3;zacisk:1,f39f2b09bb9cd161d9281dfb8c145fa8142e11d64306a26f82b37f0b0443acd0,f166c98746933268a6cb32d849b64dad9b6b87d378364936156d95584e724a97,,19,train
IMG_20250504_203737.jpg,train,480,640,2025-05-04T20:37:37,1.5kg:1;2.5kg:1;20kg:1;25kg:1;zacisk:1,b4375c58e632cc47ead69e37afc6d63f9ef4024a77688f8ba2086510f4c1bc99,a125a8499db2907636f31eb2867736f3189a85343673993d3fdc3eca812d624d,,8,test
IMG_20251107_095936_jpg,train,640,640,2025-11-07T09:59:36,1kg:1;2.5kg:1;20kg:1;25kg:2;zacisk:1,5baaa2e43fd86b19ff6db68e516f3ed954c2a71dce70256b7d3d8619ebc94d5c,f1e0fd3e8f163af6cc9b23c0f841016f7d34ca89f0e90fbef264c220cd02525f,,17,train
IMG_20250504_205403.jpg,train,480,640,2025-05-04T20:54:03,10kg:1;1kg:1;2.5kg:1;25kg:2;zacisk:1,053de4780d469cea7e6d91529da55aaa95ce95daa73784db3407e64e5878c6eb,8c358c05935a9eb7e7ef6e69cb8069c087e53afe4e2b70a98c9960e883c56a6a,,8,test
IMG_20251009_122924.jpg,train,480,640,2025-10-09T12:29:24,1.5kg:1;10kg:1;2.5kg:1;zacisk:1,190f1ab8933936846b16b3da342bd68e5091d614e726e6e757a2cfee772a235c,82b480f57b4bd9e204697666286accee666d71622d42ece660eccca372cf68ed,,13,train
IMG_20250908_105806_jpg,train,640,640,2025-09-08T10:58:06,15kg:1;2.5kg:1;zacisk:1,0381bdb811fd6c63582d8509059ce24fc1df03bf4858c35d6e6879c229a64f14,cc659b36999964d93336ccc99b3665999993c64d66cc649366679a4c31994d33,,9,val
IMG_20250504_205214.jpg,train,480,640,2025-05-04T20:52:14,2.5kg:1;25kg:2;2kg:1;5kg:1;zacisk:1,ca6919d15cd5142a8c321f0061ddcf8051d52f81ee680c8dbcc3992d151db87b,8e968b97936b8f9b65a36b20d88874e803773a2b66a9389448fc73e10be72f0b,,8,test
IMG_20251107_110332_jpg,train,640,640,2025-11-07T11:03:32,15kg:1;1kg:1;2.5kg:1;25kg:3;zacisk:1,3d4182e647346165c42b34848b7d2a6c0b782cad0306d686e692dee9055ac3c1,e72b9ce79ad1539d191c4730a521e9cdee3047ae51e61ae35ad0d39ce52c2543,,20,train
ZE_128.png,train,640,584,,0.5kg:1;2.5kg:1;25kg:3;zacisk:1,37f3bc5e4fc36d7f087befe02643ee64c203dd2f433050779511d065d18edd5e,f62c0c8e8d96b325588f0c8a2734b24d722f0d9e259fb26d186f259ee38eda4d,third_party_video,,excluded
IMG_20250929_121852_jpg,train,640,640,2025-09-29T12:18:52,20kg:1;zacisk:1,962800ac2e164967efbfd51937024e215fa670a8f78c0fbd079eca40643f09cf,cc669933d99366cc9999cccc99b366c9ccc66664333266d364cc993666673199,,10,train
IMG_20251107_115828_jpg,train,640,640,2025-11-07T11:58:28,1kg:1;25kg:4;5kg:1;zacisk:1,17ea08eac03c837a01c2a546cd40212768ebcb9713dec496535e4729bf8cd4ae,e31c963098f358e59e1c471e9d612c79ab0de1efe50cad1842531ad748f51fc3,,22,train
IMG_20251009_133200.jpg,train,480,640,2025-10-09T13:32:00,1.5kg:1;2.5kg:1;25kg:1;5kg:1;zacisk:1,47ad6449c02db5a9c23fc50674b54ddbb3639f522f4f2a5309335d2eab59fa6c,80ad8bfa9f800f174f91eb0339573070ba76b039b22bb2e790f517bb87ba2582,,13,train
ZE_88.png,train,640,491,,0.5kg:1;10kg:1;25kg:2;zacisk:1,532e231f595925d065698c4e5b07625c4aab7c874534f58e244352c1fe2ceb52,80dc1596dad22d6384a12ad6a95e512bbbbd0e4da76b58b93db4963aaea19594,third_party_video,,excluded
IMG_20251106_133111_jpg,train,640,640,2025-11-06T13:31:11,0.5kg:1;10kg:1;2.5kg:1;25kg:1;zacisk:1,8ff65b40ae4dfb5521bfd30da8da9a02fd798259eacadf6047d841f243a28a01,f8387cc1b5d8238c906cf1126dd35edfd30856e95ea1ccab87ed48b058283f87,,15,train
IMG_20250504_205426.jpg,train,480,640,2025-05-04T20:54:26,1.5kg:1;10kg:1;2.5kg:1;25kg:2;zacisk:1,88fb26af2e26e6a62189a5f9fef401e39f97bcaba18c4e21f0e0597d68665f98,8e948f85934b8f1b65e76fe4cbc874e883753b4746a96884cc9c706883e46f2d,,8,test
IMG_20251106_130122_jpg,train,640,640,2025-11-06T13:01:22,0.5kg:1;15kg:1;2.5kg:1;25kg:1;zacisk:1,1b1e150c6ed7c60daf9da7c1f2654e1b30c90f8f8958623da65ec3d1e10ec730,c2d881eabc6625acb91b8643f3bd08c67d0d833de85b109bb652ab42fbd509f4,,14,train
IMG_20250504_204944.jpg,train,480,640,2025-05-04T20:49:44,1kg:1;2.5kg:1;25kg:2;5kg:1;zacisk:1,24445891c125695652885cbc3d4cbfa60f1d8a7088a1c65252b8edaf976233ee,86f7c7479f6222a060a88bcbf9d58151239419546eac7d2fd18ea3168bca3fc7,,8,test
IMG_20251106_140543_jpg,train,640,640,2025-11-06T14:05:43,15kg:1;2.5kg:1;2kg:1;zacisk:1,56dd065b20136b609cfbb74be627201a5493aa6b429aeadbcb2963f8bd85db59,cce7cce673983318f3191b330cc6a6ccf0d98e330c664cc6b339b39959bc498e,,16,train
IMG_20251009_123924_jpg,train,640,640,2025-10-09T12:39:24,10kg:1;2.5kg:1;25kg:1;2kg:1;zacisk:1,3793cb321aeb6273a6a62d83fb36332b4b1405598e9d85bc0d0f2583864cc40a,c6de9b63ce1c64ce3b33c61c9b666c639b1866d264e36d8c6c7092d3638c9961,,13,train
IMG_20250929_121714_jpg,train,640,640,2025-09-29T12:17:14,20kg:1;2kg:1;zacisk:1,0af37ef2625a410ca02489a9a456d4f157d61a6b5102483f84945f6c944f55c9,cc649b36cc7366993993cccd99336699cce666cc333864e3ccc69b3166613986,,10,train
IMG_20251107_115937_jpg,train,640,640,2025-11-07T11:59:37,25kg:4;2kg:1;5kg:1;zacisk:1,93fb00f70bcc6b1145e78393a89b539f2fde65875f2da5848020f5f69c64deeb,ad1dd54296f16d79921e20abc3f82238a9ababab68be1adae4a7ab4b16385a41,,22,train
IMG_20251009_132429_jpg,train,640,640,2025-10-09T13:24:29,10kg:1;2.5kg:1;25kg:1;2kg:1;zacisk:1,21454d5b78490e4c516f4b412cea1c41c620854a848dd3f31a7e3a5519df74b7,96d29b699a4c2ce49369c68e924d3c7c9319669664c76d9c6c70969b699e3965,,13,train
IMG_20251009_124111_jpg,train,640,640,2025-10-09T12:41:11,0.5kg:1;10kg:1;2.5kg:1;25kg:1;zacisk:1,aac95a856c425e6529a6a11a96f22cc69e160f8cb047a46b892a0881c74d95fe,965a9b299a6d64e69329c69e9a6d3ce1b30de6926496698c64b2965b619e392d,,13,train
ZE_130.png,train,640,488,,1.5kg:1;25kg:3;5kg:1;zacisk:1,d498de06da3924587f767396f0accd5b9d8e75dcb6491f506aaaa2f97ad154c6,8b2b954257c23688a724e25a403b1ca798d5f9de9d6d573c355ad7d268b54916,third_party_video,,excluded
IMG_20250929_125216_jpg,train,640,640,2025-09-29T12:52:16,2.5kg:1;25kg:1;zacisk:1,b7ecdcc070daf30a30a4216a5d1ab230b50df1f7c2876914a9114d635cf4eb17,99319993ccb96647ce6133cf993266ccce656665998c67338c649a649999cd33,,11,train
IMG_20250929_121148.jpg,train,480,640,2025-09-29T12:11:48,0.5kg:1;20kg:1;zacisk:1,cc06260264bbeb0cd3059b43a26e2d88568c726b86d18615b810ade643019de3,874393a7cf8ecd11491edf16f52ba6df391d706132eb324992d03074266d65a9,,10,train
IMG_20251107_100049_jpg,train,640,640,2025-11-07T10:00:49,1.5kg:1;2.5kg:1;20kg:1;25kg:2;zacisk:1,540a3eed813a24a6cdd73aafa26d1e129fca335ea3c83115eebcc2f17e41a385,86b7d29618dca5e1dbcb02eaa5b0ad614f475612a4b5394eef1bf03118c72f0e,,17,train
IMG_20251107_095647_jpg,train,640,640,2025-11-07T09:56:47,1.5kg:1;2.5kg:1;20kg:1;25kg:2;zacisk:1,8b54daa3c9911c7193d6c798573dbd678d33b53d33c87cf1b6c08f78809a0201,b5cc954c5a7321219bac66ba40aaf4d6a674d8ce61c6d82bc63ba90cfa517ad5,,17,train
IMG_20251107_115721.jpg,train,480,640,2025-11-07T11:57:21,25kg:4;2kg:1;5kg:1;zacisk:1,14bfc1c56741dfd2349361dfb38abc9ce12f9e2fa576bf44e7bbe5e528f31f9f,c31f8933def062cfa1ebdeb0ff829d0b528002de5dbc7c24b40b456869e094cf,,22,train
IMG_20250929_120833_jpg,train,640,640,2025-09-29T12:08:33,0.5kg:1;20kg:1;zacisk:1,14e296ce4e477590daf7798405481b3506e3048b10e2fd9afa8db933db740262,cc6599b3999932cccc67cced39933399ccccc664666633c673319b24c6643333,,10,train
IMG_20251107_110211.jpg,train,480,640,2025-11-07T11:02:11,15kg:1;1kg:1;2.5kg:1;25kg:3;zacisk:1,955d961dae17633389911a3dcb4256b98f2ac3daf758046d0747ec5e4dc3e4a5,f81c1c1ce733199cce1da0c70c72c3221ce5ec9d71c61732e1ce1c79d32ed1e7,,20,train
IMG_20250504_191529.jpg,train,640,640,2025-05-04T19:15:29,1.5kg:1;15kg:1;2.5kg:1;zacisk:1,631f3e311aaacedf27bbd2165b4dff259d0809b180c71c40f7f191eb14d67e80,92669b32dfb24d18a44cd6447ce338c7c135c4bd20f9a2e9d5e09cea1c5e147f,,5,test
IMG_20251107_115729_jpg,train,640,640,2025-11-07T11:57:29,25kg:4;2kg:1;5kg:1;zacisk:1,3e646a1c3a5aad75798ebb2d5db70c105957e0e578f1b04f55d12d31b03516ad,f87f89e2c3a4385c895b71e894cf69e14925d78d7c5bbf4d2d058c1249294b2d,,22,train
ZE_204.png,train,640,633,,2.5kg:1;25kg:2;2kg:1;5kg:1;zacisk:1,147bec42c8c4f9d567ee938f3572f176c6522f3f0e58f3b76fce3ff7cc4b8e7f,f1ca05699f3207e56e448dc93ba7e0c1b1cc0e5e67a590852e3479ce36693f87,third_party_video,,excluded
IMG_20250501_185708.jpg,train,640,640,2025-05-01T18:57:08,1.5kg:1;10kg:1;2.5kg:1;25kg:1;zacisk:1,4e0a2270ba546c70e343b2256e4a45ffb09f047974f42d28b75285dd26fe05f1,e125b2dacccab66158c6bdec6319b3391cd2373dc8c6b1640e524e7e6903f1a5,,2,val
IMG_20251106_140408_jpg,train,640,640,2025-11-06T14:04:08,0.5kg:1;15kg:1;2.5kg:1;zacisk:1,4b8d572a67d7e4c597aa9ddda08cbbd39a72afa7a98b8180a1a959de763b297c,b336cb6266d92499c64de4ed19b6319ace6cca6619323932e6ccc6cc4c7325b3,,16,train
IMG_20251106_134649.jpg,train,480,640,2025-11-06T13:46:49,10kg:1;15kg:1;2.5kg:1;25kg:1;zacisk:1,327b54505f3c112429842cd36c43233234e9abb3e45e7b0f2237f53cab30b953,b869f184878fc763673906cd921998e26dac62b718c6169bf5b8f0b45a170f33,,16,train
IMG_20250929_124601.jpg,train,480,640,2025-09-29T12:46:01,0.5kg:1;2.5kg:1;20kg:1;zacisk:1,e2ae9108d84346779170587fc08678dce0c92f2518dfe49c873e13dde9bceb11,8e5d32eb948c65d3218eb0cc26a39287df744b5c50ccd0a6a7bbb65565c399ca,,11,train
IMG_20250504_210012.jpg,train,480,640,2025-05-04T21:00:12,15kg:1;2.5kg:1;25kg:2;2kg:1;zacisk:1,ea213126344c6234d62fcb370a88c65cf859304e6b56c9a7fe48a8da89a62c1a,8c2a8638b2941efa6f003aaae207bb97070672f89cba693b93c367c6af887c7a,,8,test
IMG_20250908_113036_jpg,train,640,640,2025-09-08T11:30:36,15kg:1;1kg:1;2.5kg:1;zacisk:1,31dd674420aedf44d0491f92222a2008b94e1b181fc0f2d80042d0efc9810ac8,ce6d9b64cd3364993326ccdbce6c61933933cec9c64c21b3cc699a4c63993926,,9,val
IMG_20250501_185855.jpg,train,640,640,2025-05-01T18:58:55,1kg:1;25kg:1;5kg:1;zacisk:1,665845b3ff53b1a022caee2077cab1b68a82477944dbef6d4b252f1a335d7917,e135b25accceb23758c6ad64e319b38c1cd2a731d8ccf1a70e52461af901f8e7,,2,val
IMG_20250501_183809.jpg,train,640,640,2025-05-01T18:38:09,2.5kg:1;25kg:1;2kg:1;zacisk:1,a06cf4bc51ffb8334f4c8e7f574f9b77cccd1ac39e39aead4c68f3d1b2f2dad3,837974b55c9c769738c63c4ea37b834a3363ee3bc5c9a1c884cc649ca793a163,,1,train
IMG_20251107_112322.jpg,train,480,640,2025-11-07T11:23:22,0.5kg:1;10kg:1;2.5kg:1;25kg:3;zacisk:1,728d08f3fcfb67ad1e441c9f7c2056fe8b8e6aa7ce871c82e67be9a564720e5c,ad19d0f8d2e62d652d2dc63334dc19ccfa11e621ed692278d2d21b9ad329e4a7,,21,train
IMG_20251009_124257_jpg,train,640,640,2025-10-09T12:42:57,1.5kg:1;10kg:1;2.5kg:1;25kg:1;zacisk:1,9ab76f2239bf7b78ef11916a9cc8855f2120b3fe2c8d28a182908f975b7f3098,c15ec7b4b5a933cf09e715bd99fa8cede6016318f902c843cb58319d10eec467,,13,train
IMG_20251107_110324_jpg,train,640,640,2025-11-07T11:03:24,15kg:1;1kg:1;2.5kg:1;25kg:3;zacisk:1,bb2d61448c9cf246eb25f73170a6d518b9478f4d72f8b9e827741eab9b932527,e72b9c629a90539c191e47aca561e947fe7140af50e71ad31ad0d29ee12fb163,,20,train
IMG_20251107_112416.jpg,train,480,640,2025-11-07T11:24:16,0.5kg:1;10kg:1;2.5kg:1;25kg:3;zacisk:1,53ed39eadc879eadf539e4d04b737d03fe055bff655b97d9b445f35adbf10029,a552d5923d53ed62903125499e643ab1caeb40b54951d975813edcfa26fbb274,,21,train
ZE_42.png,train,640,378,,2.5kg:1;20kg:1;25kg:2;zacisk:1,13f315721fd7bc4ca77bb512f32246f846f46c099f924f7a7f503ca23bfa3766,827737a0d89c2cb9728e1d291771c16e2497365b9d3489d221ed1db2e3f97274,third_party_video,,excluded
IMG_20250504_194108.jpg,train,480,640,2025-05-04T19:41:08,1.5kg:1;2.5kg:1;25kg:1;zacisk:1,5d520861a2c44435c3e260b0f0d8c69b2f24c90c449ea7d363b2daabf2771ec8,d5b9952e8a46ae99ae9f0eded6391b270b4684d90f1694c722710b7cd48971b3,,7,test
IMG_20250501_190947_1.jpg,train,640,640,2025-05-01T19:09:47,1.5kg:1;2.5kg:1;25kg:1;5kg:1;zacisk:1,af5317a2e39d6d1948bf41b9e90df1db004676ac10c54e224eba2473dfb9167e,84b4ecb53c933a8a7bca5beae073c133cb5a491854993276f92b671bd83c380d,,2,val
IMG_20250501_185913.jpg,train,640,640,2025-05-01T18:59:13,1kg:1;25kg:1;5kg:1;zacisk:1,8e273383118b5420ffed053ec5aec056da3bbfce74044ce50f6cdcb7298e3fb7,e135b24bceceb33258c7ac246319b18e1ed3a730c8ccf1a60e53461ef981f8e7,,2,val
ZE_45.png,train,640,421,,0.5kg:1;2.5kg:1;25kg:1;5kg:1;zacisk:1,0c873ca478efe8d60707cfa68fe9c51f85f4205319741b0045c8b154e2163260,ec4ded99ed99e849e849ac95ed8ccd6217a217b613b27292f41aac54ac5419d9,third_party_video,,excluded
IMG_20250929_123559_jpg,train,640,640,2025-09-29T12:35:59,2.5kg:1;20kg:1;2kg:1;zacisk:1,0e64d2d032b2bf8519951620f941e5da28392401de27fb913cfb70b46267be00,99249932993164cd9e64cc63993366d9ce6cce4d93393993ce64986c997339b3,,11,train
IMG_20251107_113045.jpg,train,480,640,2025-11-07T11:30:45,0.5kg:1;10kg:1;2.5kg:1;25kg:3;zacisk:1,c267ad567af32ed6a13e2d7b2ccefb84bcc06b20e0e0a41e01df173ace9f6510,accd9ccf9b9b9adb1bdf6fc5460583370b17e987fd04fb007b102e92cc608430,,21,train
IMG_20251107_104941_jpg,train,640,640,2025-11-07T10:49:41,15kg:1;25kg:3;2kg:1;zacisk:1,b858fa06563a487153469774269893e88c1a70708467dfd6a98be6ae64a37581,a4399b92b19621b6d192e1b619fb21bce03cd25f4e7de06fe40fcc0f5a4f5003,,19,train
IMG_20251106_140614.jpg,train,480,640,2025-11-06T14:06:14,15kg:1;1kg:1;2.5kg:1;zacisk:1,203970b93ad2a58a1761713cfd2b1b1b52951779f2aca2b0c43051802035f95d,defa5c7edc36b02638244ca4c327e72ded2d4b369ce632c99309cb186f4e3086,,16,train
IMG_20250929_125108_jpg,train,640,640,2025-09-29T12:51:08,2.5kg:1;25kg:1;zacisk:1,2c012f6af56492de7eec73514537409542c28ac5f78e392efa64e5983a58b2e5,99349992ccb1664ece6132cd993266ccce656665998c6733ce64ce649999cdb3,,11,train
IMG_20251107_100611.jpg,train,480,640,2025-11-07T10:06:11,0.5kg:1;2.5kg:1;20kg:1;25kg:2;zacisk:1,9d4479bd7a254c2ef10f3d2c29a3746962e25a16367480db78e1b47b1ce44942,ad2ee115128b6d59b62e93554dbb933616a6e849da0b6cfb4dd095267276928a,,17,train
IMG_20250504_204558.jpg,train,480,640,2025-05-04T20:45:58,0.5kg:1;2.5kg:1;20kg:1;25kg:2;zacisk:1,062cbe5c8a0a9cc14d6120562276acd7024ef0be529e1877b574f783369f67fd,8ccacc9998dd3ddf67dcde00e3208fa08fee7a4e98667043d3724c6286a43e3a,,8,test
IMG_20251107_113503_jpg,train,640,640,2025-11-07T11:35:03,1.5kg:1;10kg:1;2.5kg:1;25kg:3;zacisk:1,787ab672f00b6ec056fdf4175dc48fa7792b0e8bf3da673d2c8a6394ae0f6246,ace3dbda93182d61d34e2566491a3698cca5f71f499a9a63a48bd8061ed27de1,,21,train
IMG_20250504_203410.jpg,train,480,640,2025-05-04T20:34:10,0.5kg:1;2.5kg:1;25kg:1;5kg:1;zacisk:1,41057af670ef717fe90f80f21ee1f3a37ce102bf1e97cfa8bc7c1d4350244cac,8516ad749ab9943b365c1ed8867116791a89a5be1e78c1922fe72eefc5146346,,8,test
ZE_98.png,train,640,538,,20kg:1;25kg:1;2kg:1;zacisk:1,5ca4422ebea16fd5980b41ded385a600f4ddca2e831973a41f0701ed8e8ec817,a664199bd99be66c8f9c19b3e863b999a60c8e3659d3e1c9870c9624599279b3,third_party_video,,excluded
IMG_20250908_113201_jpg,train,640,640,2025-09-08T11:32:01,0.5kg:1;15kg:1;2.5kg:1;zacisk:1,e89cd24b383514a3aafe7d443809027e2f3735014dcb37963036f445f417249a,ce6d996699b3649b3336cc9bcb2c659a3132ccc9924c30b36ce38e4d33993336,,9,val
IMG_20251107_112452.jpg,train,480,640,2025-11-07T11:24:52,0.5kg:1;10kg:1;2.5kg:1;25kg:3;zacisk:1,b1ab31d7f82e75fea51efa6adb13e61f78f2d49a8d605959fe6d852ead36e80e,f30e813d8c31cc7160c6a3cfa0c5faf0fb00e10f7d3bfccbb6cb8ec04cc262ca,,21,train
IMG_20251107_120632_jpg,train,640,640,2025-11-07T12:06:32,25kg:4;2kg:1;5kg:1;zacisk:1,fae0d19dcf8ad9ccf5cd14a47b407e90f1657e478a70eb6ac685dc0ad0852da5,e318965218c36d29853c65ac9cc33c781adce3c736919e588ae799e5afb52f11,,22,train
IMG_20250929_124620_jpg,train,640,640,2025-09-29T12:46:20,1kg:1;2.5kg:1;20kg:1;zacisk:1,377a222435e9cf388f4663d3941a1f7c978ce899ca0673472c9744e49ba42e98,99249932999966cc9e64cc6c99b266ccce6cce6c993c999ace649b6599b31993,,11,train
IMG_20250501_191348.jpg,train,640,640,2025-05-01T19:13:48,2.5kg:1;20kg:1;25kg:1;2kg:1;zacisk:1,87e4d6dc366819e293616bf8c594d3f35e3c20707fcc621651a7dd856c56962f,b135ec9b3c93308879c2eb3ae33f9991aa581d8b36cfb368b64293269ccd85c1,,2,val
IMG_20250908_110015_jpg,train,640,640,2025-09-08T11:00:15,0.5kg:1;15kg:1;2.5kg:1;zacisk:1,7112ee247a9878c56e950237bbf53eca2ec6b6a9afdca337adf1ab1ae56c8cfa,ce699b2499b366993326ccdbda66619b39b3c649c6cc61b2cc659b0d61999866,,9,val
IMG_20251107_100214_jpg,train,640,640,2025-11-07T10:02:14,1kg:1;2.5kg:1;20kg:1;25kg:2;zacisk:1,5c8450237a6b92fc0eb35556a7368203ad53e2dd83963980eee2fc5806e0d9ef,a59db4d8966662e69bca6729cf0c54f2c47111dc719c1a4aae23a23a5bae56c7,,17,train
IMG_20250504_210202.jpg,train,480,640,2025-05-04T21:02:02,15kg:1;2.5kg:1;25kg:2;2kg:1;zacisk:1,9e803584b6bd9c68b04997423877e4a5e7ff9d855d28f3cad8b985aa12fe860c,8c2a8b3ab2d41eb56f08764bd30769b346ca72fcccba61bad54363c63e82187a,,8,test
IMG_20251107_111706_jpg,train,640,640,2025-11-07T11:17:06,15kg:1;1kg:1;2.5kg:1;25kg:3;zacisk:1,74ff89d1e971f8e408958a060e8cd8ae5b8f5bdac2bbe5a17745fa3b1a24aca4,ac73dafa33d82d29e10e652cdbc31e9a9c31e4834d8f8e5290b1903753c62fe9,,21,train
IMG_20251107_120225_jpg,train,640,640,2025-11-07T12:02:25,25kg:4;2kg:1;5kg:1;zacisk:1,2385307a846a0fcfa4da7401b782fd16ffade6c59665bfbe5caa9c9b0b753137,e31896d29ad7617c9c3e47e6a1e1e85453d050e352bc8e9062f3f8aea529bd43,,22,train
IMG_20250908_113130.jpg,train,480,640,2025-09-08T11:31:30,0.5kg:1;15kg:1;2.5kg:1;zacisk:1,4e9bfeff9d0a468875508c2531d45f740b8de69de5196e9de6cdbfd359b222fa,834bbcbd3f99b346bf27890fcc64c1bac0e6b3c3b7999651c0c040ee60e4cb78,,9,val
IMG_20250504_211322.jpg,train,480,640,2025-05-04T21:13:22,1kg:1,0d22ebc339447aea023e223d9b3fa3f393e47cba1ec2ca4a4fd5abcce6b03028,85da84f9b2213326832693b7e556be857f407a4b549d6c1b8c15df3c72ec7142,,8,test
IMG_20251107_120011_jpg,train,640,640,2025-11-07T12:00:11,1kg:1;25kg:4;5kg:1;zacisk:1,f6caa016ba7ad5edd77456fc556c24fd8a9081171a8430c6476083ab6198e9df,b649c94c8db665b2f24936c9d8b46b250fabb5b6e85c9a4d87ec85b296594894,,22,train
IMG_20251107_101922_jpg,train,640,640,2025-11-07T10:19:22,1kg:1;2.5kg:1;20kg:1;25kg:2;zacisk:1,a76053932350fe4d5c4e2738aed57a844d192be897a119d9122c9904166c80aa,f877cd892d83727ef3643332681b4c9d8d4d92404abb7a32b424b54c4e8b4e9f,,18,train
IMG_20250504_204644.jpg,train,480,640,2025-05-04T20:46:44,1.5kg:1;2.5kg:1;20kg:1;25kg:2;zacisk:1,553406b96626ffac40a18082ca534147f8a7a37321d322f88a6751aaa542a4f9,871297238f372a9fa8cca9cebc4a894e3d8ebfa73e859401a149b5791ef4740a,,8,test
ZE_144.png,train,640,531,,25kg:2;zacisk:1,08484adc84ab30dd49d25a55194468c3bd70563a8c211f2f96f5998e949449df,d5ce0e71b731b1ce1aca95ce6f01ce31f3dece622e20318cf19bb18e0e0c6e31,third_party_video,,excluded
IMG_20251106_130447.jpg,train,480,640,2025-11-06T13:04:47,1.5kg:1;15kg:1;2.5kg:1;25kg:1;zacisk:1,716cfe92db61a7353aaef212140f685ccae0a5ed48919f34392287ef433eb13c,c5148422f063ca59f35d13a71a6c2b527deaac8c8e316333e23bcccf84d4f73c,,14,train
IMG_20251106_140536_jpg,train,640,640,2025-11-06T14:05:36,15kg:1;2.5kg:1;2kg:1;zacisk:1,de597eb01b754727feff869e1d3377212b06fd86909e748b1924064af9c382a7,cce7ccc673183719cb9939392c66a3ccecc5dd320e6624c6b3995e3169a618ce,,16,train
IMG_20251106_130108_jpg,train,640,640,2025-11-06T13:01:08,0.5kg:1;15kg:1;2.5kg:1;25kg:1;zacisk:1,458c8a6af53efd2ec04b94363e88db9e1d0c794ddaea36b031a00daf8ff32d4a,f6c8c125da6a32d689b496bbb5b2a5a9254bb14966a1486b0a5fe9c6dbb42d34,,14,train
IMG_20251106_131319_jpg,train,640,640,2025-11-06T13:13:19,0.5kg:1;15kg:1;2.5kg:1;25kg:1;zacisk:1,cc38e290fc0e2ffe5f133abd0fd250d215fee30e961bdd0dbbde50842c7395ba,a8e320bb71bc5aceda68b147d5f7cc552c451754335c3a214a8cc8ddccabd28b,,14,train
IMG_20251009_123052.jpg,train,480,640,2025-10-09T12:30:52,10kg:1;2.5kg:1;2kg:1;zacisk:1,a9e939b1f917a1ed02b7bccfdb7fd1b915e65a6b005786fef9976e9feb8689aa,82b48079f94b5ce2266872326c6accc766e969336cc248f448f9ff8372f9cf90,,13,train
ZE_64.png,train,640,459,,2.5kg:1;25kg:2;5kg:1;zacisk:1,6abc9c0e926e6d66414c5b0315d0625db54de607a8f57453001deb2437e070a3,aad52995c331f665d54edceec562d531b55a99cac9904784b665a655455156ac,third_party_video,,excluded
IMG_20251107_113402_jpg,train,640,640,2025-11-07T11:34:02,0.5kg:1;10kg:1;2.5kg:1;25kg:3;zacisk:1,386c1309635486201af814d1926385c0294da8280f9ea40962dd194cb1d40c00,f274cd3ecf832469d6c0234cc8b4293bd6b7337ac2b62937d78605c9d2b46a16,,21,train
IMG_20250929_125507_jpg,train,640,640,2025-09-29T12:55:07,0.5kg:1;2.5kg:1;25kg:1;zacisk:1,dd22b8d30d50d984611d62834010b2ca71023186bc3c92f32da8815e149948c5,996499b6d99c66cece6136c3992666ccce656665998733339864cc6c9b31c933,,11,train
IMG_20250929_124456.jpg,train,480,640,2025-09-29T12:44:56,2.5kg:1;20kg:1;zacisk:1,4d72caf3087178c91d60457c08e80b7fd48da6c25316fbb444338b1032192c94,8f553baa92a6655361cfb0e526219280de3a495658efd0d5e2ab965c646b91eb,,11,train
ZE_69.png,train,639,500,,10kg:1;25kg:1;zacisk:1,2a883786e0879cec81f5c6f958a63b323d55a027125792cf9b80b9097608b444,f18cc3398c7198cf4e63cce79c3a9c2268e74e65b18c971869996a99b32eb19a,third_party_video,,excluded
IMG_20251107_110027.jpg,train,480,640,2025-11-07T11:00:27,15kg:1;1kg:1;2.5kg:1;25kg:3;zacisk:1,7e5d9a6d53cf4c92ac991b55da2e0440bf5b30a9b239721b3c1e9c3cc28d6fea,d999c7c46766331cdae0c8633c994cc8d376b13765cb6444b1b687e429d94c9b,,20,train
IMG_20250908_112954_jpg,train,640,640,2025-09-08T11:29:54,15kg:1;2.5kg:1;zacisk:1,c53908d318486c290d67963adead54b32277377be853dd4379fb98432a1753cf,cc659b26c99366d93336ccc9cc66679b3993ce49ce6c31934cc6ce6c61993186,,9,val
IMG_20250504_203629.jpg,train,480,640,2025-05-04T20:36:29,0.5kg:1;2.5kg:1;20kg:1;25kg:1;zacisk:1,5dcd05df039064596ce5ddb76c45f38d9091704cca86014f00018b58f7e58b45,e504ad659abb9c32361b1e998671365a1a9a85b60679d99633df2efbc5246344,,8,test
IMG_20251009_134444_jpg,train,640,640,2025-10-09T13:44:44,0.5kg:1;10kg:1;2.5kg:1;zacisk:1,b865d650d1e06d04e676f122ad8f7bf330641a7177891f8c65b11779804cbc11,ce719b26998764cb6664ce39998c31ceb663c6796498319e32679b66d93231b2,,13,train
IMG_20250504_205446.jpg,train,480,640,2025-05-04T20:54:46,1.5kg:1;10kg:1;2.5kg:1;25kg:2;zacisk:1,ecc8a68ce886e3dc7707bef118fe69ecd3e82791d4e61ebff2c46b282d9ae120,8d6a887ab6951eec6f186816d33f6917868876b05d746162cb876797961a7871,,8,test
IMG_20251106_140646_jpg,train,640,640,2025-11-06T14:06:46,15kg:1;2.5kg:1;2kg:1;zacisk:1,661b6fda28e60408ebe1430f7bfb82f39a9b1920c638b52be49276b977cf4b7c,fc3a5ce279827398f1999919ab3c6446e9c7cdb6146454e6b872a8196b1e699c,,16,train
IMG_20251107_111535_jpg,train,640,640,2025-11-07T11:15:35,15kg:1;2.5kg:1;25kg:3;2kg:1;zacisk:1,2594b2ca64bcc87015e0f9607193babd83d17d953f8b5f39da403a0c2528f5ec,ee6698d693916739a13ce3a9da8378cedc74e52594c69cc29a88919ce3297e43,,21,train
IMG_20251009_123550_jpg,train,640,640,2025-10-09T12:35:50,10kg:1;2.5kg:1;25kg:1;zacisk:1,9df950330be47d50870e388ee33d1779f4a5945ddf1158c068803ff349e988cd,ce1e9b619c6c6486333166989b666ce7199866dae6d36d8464f0c61b61ce39e5,,13,train
IMG_20250504_191937.jpg,train,640,640,2025-05-04T19:19:37,1.5kg:1;15kg:1;2.5kg:1;zacisk:1,0d26da16f64f667600fed0a85ecbd55e010d3dc2a37ee6fd33c6035fc0bafd4a,d094d8b00d33a118a64c2f7ed67119822d7a863935a93d5faf7b862a5d489777,,5,test
IMG_20250501_183750.jpg,train,640,640,2025-05-01T18:37:50,1kg:1;2.5kg:1;25kg:1;zacisk:1,217b9cfa67f37a5faaff706079212b60a97931f7d8b0ef8120412a74b1a72b9f,836983d0ccde91ec78cef96d03b8d3143e37cf5c91e982e016766e37c16189e1,,1,train
IMG_20250501_191431.jpg,train,640,640,2025-05-01T19:14:31,2.5kg:1;20kg:1;25kg:1;2kg:1;zacisk:1,1e8ffda0d2e8f9ffc3cccaa191a3c9be141b046de7d6e76c4c2c624fef321059,a12dec9a3cb330fa78c2533a613ed1b4eb1e499244b3bb3d6cd26315183d370b,,2,val
IMG_20250504_194737.jpg,train,480,640,2025-05-04T19:47:37,10kg:1;2.5kg:1;25kg:1;2kg:1;zacisk:1,1205278d195bfafe4045eee4fc33994ceedc93e54236f476b847efb0c4d5f141,804d949299b2846daf6b9d6b3ef9896d1db6886676d2bb99a7c84803813f7698,,7,test
IMG_20250501_190842.jpg,train,640,640,2025-05-01T19:08:42,1kg:1;2.5kg:1;25kg:1;5kg:1;zacisk:1,d4fae90b447c8087343a35f528283ebb1571906be0118b679f1ccd8e64d264d5,84b5ec993c913aca7bc8597ae13bc993ab5a19995689b36eb4095713982cb7c1,,2,val
IMG_20251009_124041_jpg,train,640,640,2025-10-09T12:40:41,10kg:1;2.5kg:1;25kg:1;zacisk:1,2598a424c4bca29ac1ce55c949a409ba319add3d9e624f5979dc670b01584111,9e5b9b299a6c64e6932de64e9b6564e5930c66da64d36d86661a9318799e3921,,13,train
IMG_20251107_115841_jpg,train,640,640,2025-11-07T11:58:41,1kg:1;25kg:4;5kg:1;zacisk:1,8c2c7632da6c50b3849341e2c6e77399247ef2290a141b9b9cff2cfda1c974ae,e3189c7a18e379ef853c471c9de1357910df70e395550e58d2f1f0e7a5151cc0,,22,train
IMG_20251106_135928_jpg,train,640,640,2025-11-06T13:59:28,0.5kg:1;15kg:1;2.5kg:1;zacisk:1,01af6d6b0d0518c4ff3cba7e88362ddc49507dcd50abdd757be9395a91e77912,fb115b913e85b6468b51c66cc14931d91dc8dc6e5b4a691be359d3754f730c12,,16,train
IMG_20250501_183413.jpg,train,640,640,2025-05-01T18:34:13,1kg:1;2.5kg:1;25kg:1;zacisk:1,a737a89e5ecc542ee31921bc4909332134f4975da7dcf00df1c8fe89f4a6e98d,837281b1cc8da1fc788d3958c398b146773b7f1fc390b3d85c2d6731d9f30252,,1,train
IMG_20251106_141021_jpg,train,640,640,2025-11-06T14:10:21,15kg:1;1kg:1;2.5kg:1;zacisk:1,eb3af26259b490183d6c187fe365a46412da2001c90d1bb3d1cde3c52b6c1067,ef67cec73b013309e393131b8f0c5667d08d83335ee74cee9277c059023509de,,16,train
IMG_20250504_210335.jpg,train,480,640,2025-05-04T21:03:35,1.5kg:1;1kg:1;2.5kg:1;25kg:2;zacisk:1,d23425eaaa9f34916781c2419b93ced4f35676680ae0de43ae090a405dcc2f51,8d2b910bb2d59e9961023032e99d2dfc32766e8accaa07705f8107cfde6ecc3e,,8,test
IMG_20250501_183653.jpg,train,640,640,2025-05-01T18:36:53,1kg:1;2.5kg:1;25kg:1;zacisk:1,40792656dc0b9537f7d31e435869d4bd300b95bd93883a7210ddfde6f97a52ed,83628380dc9d91e8788cf8db0730c35834277e35fd1b83d395e57cbdce738342,,1,train
IMG_20250504_191936.jpg,train,640,640,2025-05-04T19:19:36,1.5kg:1;2.5kg:1;25kg:1;zacisk:1,e88a889ed606f85a4c4051f6c599dec51cc27176c61ea9effb76bda97e08d30c,d294d8b00d3ba118a64c2f7ed67119022d7a862935a93d5faf7b862a5d489777,,5,test
IMG_20251107_095721_jpg,train,640,640,2025-11-07T09:57:21,1.5kg:1;2.5kg:1;20kg:1;25kg:2;zacisk:1,72161fc6726050f6eb14aee12bee7aad572222c26a1df8330a49a57816fdfc88,a49588cb98cbe0d3d8cde09ff07f30976837504f422fd267e621f603cb435bc1,,17,train
IMG_20250504_203655.jpg,train,480,640,2025-05-04T20:36:55,2.5kg:1;20kg:1;25kg:1;2kg:1;zacisk:1,ae3f20f5620c8a33c0e14092a5f50f459af2ab3b824640ced8f9d6cc53bbce1b,a545a96d9aba943236db1efbc6513658189a85360679d9143fdf2eebc1246345,,8,test
ZE_125.png,train,640,551,,1.5kg:1;2.5kg:1;20kg:1;25kg:2;zacisk:1,a43787b23977ae147d80942b21a9ec4f175c3a7eb43a3544d6cab75d74c2dd56,a6d85b799ba9a4d8a0e09a88b1d5b3dda6894ec5c6d5e615f037584d1ba461b5,third_party_video,,excluded
IMG_20251107_111613_jpg,train,640,640,2025-11-07T11:16:13,15kg:1;2.5kg:1;25kg:3;2kg:1;zacisk:1,1a5cdae713c5fd147bbd42c63c801e91d3bcc2fcb043b7ba2111adacfd1dd27d,ec6698d633996f29a11c613d99c338ce9e7fe6a51ac69ad29b19a89dab140ec0,,21,train
IMG_20250908_113226_jpg,train,640,640,2025-09-08T11:32:26,1.5kg:1;15kg:1;2.5kg:1;zacisk:1,ef10158f59dd22f332ed03783ded4f47a8c7563a9c0a184133935a7e35281cdc,ce6d996699b3659b3326cc9bcb0c659a3333ccc932cd34b32cc38e4d67193324,,9,val
IMG_20251107_104942_jpg,train,640,640,2025-11-07T10:49:42,15kg:1;25kg:3;2kg:1;zacisk:1,ede0f47c6678ec6f052b865599467b4a1b4b8e41dab1f57f639f5d4426fc8346,a4b998d2b982219dd09ab19619fb21bd602f507f5e7fc26fe42fc6065a475443,,19,train
IMG_20251106_141014_jpg,train,640,640,2025-11-06T14:10:14,15kg:1;2.5kg:1;2kg:1;zacisk:1,f9d9989a0b824df179b8d6f3f7f6034e0cfc3daa56bf90c3afc5706a06126f80,b9665976b0d13091b2f4b4d34d3356a7d2cde9cc4bdc3911a474c2d45ab528b5,,16,train
IMG_20250929_122553_jpg,train,640,640,2025-09-29T12:25:53,0.5kg:1;2.5kg:1;20kg:1;zacisk:1,07fa17fe3da93a67dacac91f509133c9da452bc7ea845dbbf7dd5531cf4f7ca0,ce6c9b2699b164cc9933ccd99b366499ccc666cc333965b36cc69a6466c93196,,10,train
IMG_20250501_190740.jpg,train,640,640,2025-05-01T19:07:40,2.5kg:1;25kg:1;2kg:1;5kg:1;zacisk:1,c81b022648a17d43d7a1532fbd11ecad9c2202d17df6e3de4ef5cc9f35449aad,84b6fc913c9939493949e93ba53b898aaf491dc936c4b3668da18db29cdca7c2,,2,val
IMG_20251107_100619.jpg,train,480,640,2025-11-07T10:06:19,0.5kg:1;2.5kg:1;20kg:1;25kg:2;zacisk:1,e32e4075890c802f3a6e62f3aee74ea663b8fc7f1c71269880806a3ad18abf10,ad2aa215108a2959656a92e65dddedb9933716aee5d5d2ab62754bd98d892930,,17,train
IMG_20251107_095424.jpg,train,480,640,2025-11-07T09:54:24,0.5kg:1;2.5kg:1;20kg:1;25kg:2;zacisk:1,219a5d7b51330e013a7e208566f3058c7bb535885239279e0c098f5f4233a2b7,8e455d4a319da486d9429b48b250f96135d1a091c1fadf4a932bd9255fec3f9d,,17,train
IMG_20250929_122615_jpg,train,640,640,2025-09-29T12:26:15,0.5kg:1;2.5kg:1;20kg:1;zacisk:1,e719ab9601774892a60b3e7edf07d7d67b8edb2bafe2b50c7c228508ac687365,cc64993399a132cc9b32cc679b366699ccdb66cc6339663338c69c6c66d93196,,10,train
IMG_20251107_111803.jpg,train,480,640,2025-11-07T11:18:03,15kg:1;2.5kg:1;25kg:3;2kg:1;zacisk:1,e0fac88d517537f8f4c79946280ffc2f70a07ff9aef9b350a9d114b67585e7cc,99b9ccd9c09366d6a7eda36db365b662fc703cd134689a699760ea824893c09b,,21,train
IMG_20251107_110015.jpg,train,480,640,2025-11-07T11:00:15,15kg:1;2.5kg:1;25kg:3;2kg:1;zacisk:1,e1c6c507350844d723947484e51c74b0c362b57cce2de6f1892c60bc7f652f22,92355a534d973352b6748e5abd0d92add8ec9892728e34b2d850694cef4bad2d,,20,train
IMG_20251107_110500_jpg,train,640,640,2025-11-07T11:05:00,15kg:1;2.5kg:1;25kg:3;2kg:1;zacisk:1,5faf38fd85e21f6bb1faffa4a0dd118767fde6e0e6eca11825db445c965e31c2,e72bdce292d2539899dc47a1a163e1c75ef042bb40ef9ae3aae0f528a52c1dc1,,20,train
IMG_20251009_134023_jpg,train,640,640,2025-10-09T13:40:23,10kg:1;zacisk:1,4e0b11d88883140f834c94a4c0d3360c1eec8e408bda999cf12a246941daee10,cc679936999266193332cccc99b333993336ce6dce4d30cc6cc99b336664319e,,13,train
IMG_20250504_211005.jpg,train,480,640,2025-05-04T21:10:05,15kg:1,f73c3adde1c67db6ef73fa018ba0c466ff1ec9bd82c537925bbf65c8bf324f77,956880fdb6d2233ea3268235ff74ba857e40688b729d443f8cbddd357360704a,,8,test
IMG_20251106_140413_jpg,train,640,640,2025-11-06T14:04:13,0.5kg:1;15kg:1;2.5kg:1;zacisk:1,f4d348d1f2bb8c63eb562b57eb3fdb8a63f7667f9c94e4bf21f8ea73cfbad56b,b336c92364d92698c64da6cd19b6351bce6dcc66193239b3e6ccc64c0e7335b1,,16,train
IMG_20251009_121519_jpg,train,640,640,2025-10-09T12:15:19,0.5kg:1;10kg:1;2.5kg:1;zacisk:1,fa22ae3e6519128ee1fce3f1228ad51e8ae3876e63271d1652ad5a31375230c4,cc679932399832cc9e66ccc97333669999cccccc66676493cccd992ccd983333,,12,val
IMG_20251107_101753.jpg,train,480,640,2025-11-07T10:17:53,0.5kg:1;2.5kg:1;20kg:1;25kg:2;zacisk:1,705f4ee14e80aa987c6124dbed4b6f2f58f708b36333f1df68c32ea8c22142c8,ff80cfc18cd9431f33be80f0cee0313e917682746ec30c0b0eaf670fdf179c11,,18,train
IMG_20250929_123836.jpg,train,480,640,2025-09-29T12:38:36,1kg:1;2.5kg:1;20kg:1;zacisk:1,b7b84a4a0ea2a1a3cdb5e945400e79136fd2495c91e2dc627211b49c77c7c419,85abb894da59342c3c309b1ba3cecbc54ba074a6de02b37eb3c7b3a12496ccf2,,11,train
IMG_20250504_203618.jpg,train,480,640,2025-05-04T20:36:18,0.5kg:1;2.5kg:1;20kg:1;25kg:1;zacisk:1,65f3dd989642bf537b7db32db8d861f60b76fc421b04f69f35ffb6674017eab3,a105a8699cba943636d31ebaa67336fb189aa5341e7b99343fde0eeb8105624d,,8,test
ZE_201.png,train,640,446,,1.5kg:1;2.5kg:1;25kg:2;5kg:1;zacisk:1,c2d7b7d90cc275f2653d82a068c81edff38e1eda3ee5b4367db10bc6fdad0cd2,f2103dfffec6180364cd89ec3fb37b0080b2a37d7cc2400583333cc67ae807ff,third_party_video,,excluded
IMG_20251106_141037_jpg,train,640,640,2025-11-06T14:10:37,15kg:1;1kg:1;2.5kg:1;zacisk:1,ed3ecd80f98124a75c6fc6f4da7033ba77ab8fcdbb5b3f785e7ff565e0e82c4d,bc070cc668c47399f3991b99dface66ca909e9324c8e44e694f390737966698e,,16,train
ZE_223.png,train,640,502,,0.5kg:1;2.5kg:1;25kg:3;5kg:1;zacisk:1,127bd27a69746c7ec8da3f837d28b44baea0bbbada94c2ad8704ae889b3c2d19,f8d747b1391cb81ec7430f62a318b1199ccdc7713526fc86f89c06514677fc94,third_party_video,,excluded
IMG_20251009_120709_jpg,train,640,640,2025-10-09T12:07:09,1.5kg:1;10kg:1;2.5kg:1;zacisk:1,6220aed58e92c7c3d4402ab2b35befb2ddf851bf77c63a0e24c7b7a58da2876b,ce389b66998731993366ccf3ce3865933333ce4939cc6c924ce39339c73889a6,,12,val
IMG_20251107_120321_jpg,train,640,640,2025-11-07T12:03:21,25kg:4;2kg:1;5kg:1;zacisk:1,4ad6c602dc48d9a301e94ff1540932eeed21037ee1a42fa11b80fbb974aa16d8,ffffc14fc9966996b00bb2c9f00c2babc700a536a53bda290a9794da783a0cb4,,22,train
IMG_20251106_140546_jpg,train,640,640,2025-11-06T14:05:46,15kg:1;2.5kg:1;2kg:1;zacisk:1,2a3b97fb7369418df3a18e8b81825d44a70be2bac08005c9342b800b4d3bca5b,cc67cce6739c3318f31919310ce6a3ccf0d98e330ce64ce6b3b9d39959ac5886,,16,train
IMG_20251107_115920_jpg,train,640,640,2025-11-07T11:59:20,25kg:4;2kg:1;5kg:1;zacisk:1,8c77fa653ce49ee214bad0980c937a9a8a9df653ee55142031f1d03ca717e1c4,a50ed4e492f46b5c9c662560d15e3c758b7191e71d3f9e186991c29f641c5c6b,,22,train
IMG_20250501_190223.jpg,train,640,640,2025-05-01T19:02:23,2.5kg:1;25kg:1;2kg:1;5kg:1;zacisk:1,ca1584014984394f51c1c80bc52a6e14409df22c078bb2be5beae8d439435e8b,e3219292ccdcb26679ccab2ce733b9841cd28f6dd88cb3674ed2b909f1039dc4,,2,val
IMG_20250929_124653_jpg,train,640,640,2025-09-29T12:46:53,2.5kg:1;20kg:1;2kg:1;zacisk:1,a9739ee819cf88d976e762a8d251d8fbd5a7829e718fcb2edeb7dcae3fd18151,996499369b3166cc9c6ccc6999336699ce6ccccc9b393993cc649b64993339b2,,11,train
IMG_20251107_111643.jpg,train,480,640,2025-11-07T11:16:43,15kg:1;2.5kg:1;25kg:3;2kg:1;zacisk:1,26b57ec58ab86acc3e59f54a9d7a26f2efb6b1f5b134a91d072ce2138587477e,fb33cd99a66c3366dbb3ce992c995080b3641b77cc992d98df04b34336710c31,,21,train
ZE_132.png,train,640,570,,10kg:1;25kg:3;zacisk:1,7d47ee63e9110aaed81c154e000a37065dfcdc512bcd1704738620970187a490,a24909a65936e619669bb963493cd9e632e7e6996718a41b0da6f3e9525cdc16,third_party_video,,excluded
IMG_20251106_140643_jpg,train,640,640,2025-11-06T14:06:43,15kg:1;2.5kg:1;2kg:1;zacisk:1,3d5011d1c06efb0fde2789000de2f269b182e51bef9a733188bf798d1b3165fc,a2eb0ae37a837389518911b9a799b645b6979c930cdb48c29a59c6e912ef72ae,,16,train
IMG_20251009_133850.jpg,train,480,640,2025-10-09T13:38:50,1.5kg:1;10kg:1;25kg:1;zacisk:1,436cbf48b23311441c20831a3514332d6605876ac56c1da9e9e91090781e6669,87ab8fdfd894481444d959a14d944dbb69325b34c5ab5688fe3672009eedbb0d,,13,train
IMG_20250504_210306.jpg,train,480,640,2025-05-04T21:03:06,1.5kg:1;15kg:1;2.5kg:1;25kg:2;zacisk:1,14d64360e309e9b629cb88b1a49230c0f877e0e95907c3e844dbe40ecabeb637,8d2a910ab2d49e9961623012a89d3dfd13762e8eccaa577843d157c7d72fcc2e,,8,test
IMG_20251106_140319.jpg,train,480,640,2025-11-06T14:03:19,15kg:1;1kg:1;2.5kg:1;zacisk:1,fafdfc31c250b8b19cad3e25a1dc975cbfea4a3c1dcd35f7512afe6f82a05149,eabb85fe66543ab11d823f203b113866849ac27fcafd1cfe35bcca700a60a7e0,,16,train
IMG_20251107_111426_jpg,train,640,640,2025-11-07T11:14:26,15kg:1;2.5kg:1;25kg:3;2kg:1;zacisk:1,d90e49673534445a690d61c3637d5927e272c0e461c8af45e48363ad228ff5f8,e72b9cc792d5671998de67e1a5eb6cce5e61046ba54dbc412e50941c24ec1ee1,,21,train
IMG_20251009_120319_jpg,train,640,640,2025-10-09T12:03:19,0.5kg:1;10kg:1;2.5kg:1;zacisk:1,50360a3ecc4eac74e66b67e0c19790fb6b9ed33a58c0acd6ea5eb030d57515b0,ce389b2699c331993266ce79ce1c319e3331ce4d3cce64b2ce61930ccf1839e7,,12,val
IMG_20251106_130848_jpg,train,640,640,2025-11-06T13:08:48,0.5kg:1;15kg:1;2.5kg:1;25kg:1;zacisk:1,63957cf2f497d1c0fd28408574037d6fafae7dfffa224ad7b9d795e3375feb89,ae31e7b17f975873994ebc4ea45a030b532883b9e3a1e7a1f5c0959827237d06,,14,train
ZE_67.png,train,640,574,,25kg:1;2kg:1;zacisk:1,989665b8240a3c2461ed37a177adb7cec25abcae25619c6323eda300f2974e42,f38c803d8cf3d0866667ec679b98923121bf253c92d0da9c4cf36ce696669653,third_party_video,,excluded
IMG_20250908_105827_jpg,train,640,640,2025-09-08T10:58:27,1.5kg:1;15kg:1;2.5kg:1;zacisk:1,ad16f1c5aa3b540f294779eb6c956ea14f0af60f368f8982df4aea83d0cbec2d,ce699b6499b3619b3326ccd39b64619b9b33c6d9e6cc643264c79b0963990c66,,9,val
IMG_20251107_110005_jpg,train,640,640,2025-11-07T11:00:05,15kg:1;2.5kg:1;25kg:3;2kg:1;zacisk:1,f623fecc1f604ec4891da9cef9483913fb67e3af8d91d8f8d940e34f04dc7a2d,ac379cd3539c654d904c67944dc35474c538928f7ce3d27bc10da6cf5a717438,,20,train
ZE_25.png,train,639,452,,20kg:1;25kg:1;zacisk:1,c59294076443e12520da48c75575438d79475c2c3923f0d84f0ed38875c49611,d46e2b95993b84e7d6ace32a09b3c6dce705156021de655dd3e1f28662d90b31,third_party_video,,excluded
IMG_20250504_204500.jpg,train,480,640,2025-05-04T20:45:00,2.5kg:1;20kg:1;25kg:2;2kg:1;zacisk:1,f8370b50048a964967850f0e6eaccf7025aeb310c0b4302f8a27f454e9e2f235,84e8ce0d98df2583f3f88bb0fba28aa67a2b3a13787b71708338ab95bb953888,,8,test
IMG_20250501_191306.jpg,train,640,640,2025-05-01T19:13:06,0.5kg:1;2.5kg:1;20kg:1;25kg:1;zacisk:1,4300515deb6a37dcffa12c6f48ac80770aee8c7937e09b1812e24fe4c309d1b1,a12bed323da67090529453706377c32cca7449b655b6f27168966275187b37d7,,2,val
IMG_20250501_190451.jpg,train,640,640,2025-05-01T19:04:51,2.5kg:1;25kg:1;2kg:1;5kg:1;zacisk:1,7345692615f47304b5b81d42c1ab646737c242ad499006325dd70586d1517e2b,e36a9494cc91326c3999ce62e666399d1cf6cb1bf3182ee40cd2f30ab58d0eb5,,2,val
IMG_20251106_135002_jpg,train,640,640,2025-11-06T13:50:02,0.5kg:1;10kg:1;2.5kg:1;25kg:1;zacisk:1,e464ec45667d69690b236ddb39c90a550bc7c6b5a2b665d4d8fd5ce59fe980ae,98e39ce3f8933083c2605b324df24b6ec10ec846d86348e3e11ff0cf36cf3abe,,16,train
IMG_20251106_141130_jpg,train,640,640,2025-11-06T14:11:30,15kg:1;2.5kg:1;2kg:1;zacisk:1,39f04187ada2e86420c3bb26f3bf9b81d8f5ed674f4685cee3b03f509285525a,f38e832e9f239ce34cec6ce1dcf17a387231b23330c98e994f194c71c4e0f474,,16,train
IMG_20250504_203656.jpg,train,480,640,2025-05-04T20:36:56,2.5kg:1;20kg:1;25kg:1;2kg:1;zacisk:1,d19b2b6103f1f86408eaf44d634279ab2cbd85b7c788788e56ae01da6d30c200,a505a96d9aba943236db1efbc6553658189a85b20679d9143fdf2eebc1246345,,8,test
IMG_20251107_105848_jpg,train,640,640,2025-11-07T10:58:48,15kg:1;1kg:1;2.5kg:1;25kg:3;zacisk:1,4c7bc4423bf80ee948c1f83771af51c051972e852653b9a309482efdf2604666,ae6bd2c790d4a139f8de4239a169a56f7430d096a03e98f297a1e50cb87e2fc3,,20,train
IMG_20251107_100316_jpg,train,640,640,2025-11-07T10:03:16,1kg:1;2.5kg:1;20kg:1;25kg:2;zacisk:1,981706bfc62ce7d25404d1cdc07486ed2be8fb2d776ff889b6ff52df312bde57,c63243d89bde6f72180be42705fdbaf16a43a14a352f15cfa43578b1524e6c1e,,17,train
IMG_20251107_104542_jpg,train,640,640,2025-11-07T10:45:42,15kg:1;1kg:1;25kg:3;zacisk:1,bfeeca9199bd0667819837ad52ebb184d4fce44258867fe48201dadc9bfe8f1e,a72b82c310dee13cb8fc81aca5edfd706676a7352fa11dc2c58cd0141ae16fc3,,19,train
IMG_20250504_205004.jpg,train,480,640,2025-05-04T20:50:04,2.5kg:1;25kg:2;2kg:1;5kg:1;zacisk:1,7ba65a19c11c85ac4b0709f9542f1ea4f9dcd6679d1170fa0a66314d631b8e03,8ce9ce5c9e4d34ef619bcbb2fbb08aa402233b23583b7058d37926398b953e8c,,8,test
IMG_20251009_120154_jpg,train,640,640,2025-10-09T12:01:54,0.5kg:1;10kg:1;zacisk:1,04a043c097d6d96157319a777b388f90370011729eeef219d829a1edf4bc167d,cc719936998e33993366cc61cd9966993339cccd4ccc6493ccc99b2ce6386d36,,12,val
IMG_20250501_191208.jpg,train,640,640,2025-05-01T19:12:08,1.5kg:1;2.5kg:1;20kg:1;25kg:1;zacisk:1,b167eb09619cc33784554e117a0b92c5d2c66db76d8faacb11a2febb400f21ce,a16aed7a7da77094529453416275d3e5ca74d9b55da6a27168d6662498783457,,2,val
IMG_20251107_111618_jpg,train,640,640,2025-11-07T11:16:18,15kg:1;2.5kg:1;25kg:3;2kg:1;zacisk:1,dcd5c922d3da0435157dbbc95d4f2a35a69744ca0fcc78c5c3d48d53aacaf22e,cc669cc633996339a13c613d9dc13cc68c7fe63d9ec69ac29858a91cab942fc1,,21,train
IMG_20251009_122640.jpg,train,480,640,2025-10-09T12:26:40,0.5kg:1;10kg:1;2.5kg:1;zacisk:1,0e65894bc399635655d4de9dde71027a43e4cde11b9edd66ae17af240d7e15c6,825ba03679e14c3d62317a61eca56a726a996ce9ead65a16cf8c3bc48d4ec798,,13,train
IMG_20251107_111527_jpg,train,640,640,2025-11-07T11:15:27,15kg:1;2.5kg:1;25kg:3;2kg:1;zacisk:1,3e82787df91e6405ef1ee3141af2b5eae2c3aa0307df56dd629ed7fbbff3aa32,ee6698c693912f29a93ce335dac37846dc70e525d4469cc29a918b9ce13d7e43,,21,train
ZE_174.png,train,640,511,,0.5kg:1;20kg:1;25kg:1;zacisk:1,1036e78838d608498e1194cba9c328faceaf0276c1ca34e9ec9ff707aea2f5ff,f1bd4e624fc7f38888fe5c05020b75fcf110cf171e5432e0e157ab99047c5fb0,third_party_video,,excluded
IMG_20251106_134629_jpg,train,640,640,2025-11-06T13:46:29,10kg:1;2.5kg:1;25kg:1;2kg:1;zacisk:1,16c77bd2fb34493aa168b7b93ec410d01011aeb22e4913281064daae22566299,9fffe080e31c744ce0009fbdd0ce163ce0381ce958c81f369ee5c3cb491e56e7,,16,train
IMG_20251106_134701_jpg,train,640,640,2025-11-06T13:47:01,10kg:1;2.5kg:1;25kg:1;2kg:1;zacisk:1,2ab641d24fe17492c3eada54544d3c9907d0b01fcfc256e43c25468d29ab5ca7,a104af6d0e697249567ab18a38925c9a3cdecdb6f186dc003ad9375dd32c33e5,,16,train
IMG_20250504_194537.jpg,train,480,640,2025-05-04T19:45:37,10kg:1;2.5kg:1;25kg:1;zacisk:1,e40910a43996474b435e946084be27452c4d58842472174d9fb57a4801122e5f,806d9c929996846daf69d9693ecc89d116b2896d76eeabb9a7885813816f7698,,7,test
IMG_20251106_134950.jpg,train,480,640,2025-11-06T13:49:50,0.5kg:1;10kg:1;2.5kg:1;25kg:1;zacisk:1,a513ba94da77f8e4ff082c05e6e18c51f36a0df506f9567b729c7a311947f693,b0f930bd53fc13f49674a410348053a856a0d9e2e5f383d347de7e025b8ac9ef,,16,train
IMG_20250504_194758.jpg,train,480,640,2025-05-04T19:47:58,10kg:1;2.5kg:1;25kg:1;2kg:1;zacisk:1,75352698e30caff69f359b13e3f17c6f59d020b2af01d274e29e0d0c003737ce,806d969299b2846daf6b9d6b3ef9896d1db6886636d2bbb9a5c84811812f7698,,7,test
ZE_77.png,train,640,461,,1.5kg:1;15kg:1;25kg:1;zacisk:1,27859af24c5458189ae06871bd08989737385e09abeb4a3de22d1e7c75003535,b232d4de5c986b7335ae8a96296390a5a352072fd297535ad88d6c529edae958,third_party_video,,excluded
IMG_20250504_195124.jpg,train,480,640,2025-05-04T19:51:24,10kg:1;2.5kg:1;2kg:1;zacisk:1,0c7ccae7a2a27fab6dc5a97a3eb001ca1a7d84bbda5dc4e1852bc3eca85665b9,d6899a7f8d2eba52a7ddbc198f70a50c3bc6e4097297694660206be7f4887383,,7,test
ZE_189.png,train,640,441,,1kg:1;2.5kg:1;25kg:2;5kg:1;zacisk:1,c56070467cd42745968b0ac6d78a4ad31cfd417287f0a59ed5b35aa626c2b757,fc4c6c73b783338c8fe8d1dc847fc237c0038c03b18cb18cf39c8c710e73df66,third_party_video,,excluded
ZE_91.png,train,640,499,,0.5kg:1;15kg:1;25kg:2;zacisk:1,102aecf2d0312272c92ab34f741aa27db70d34874c9ff2ac9baac9c4147695d9,a6665d86f999267981b03234dc0b99c6a3e4ce24be0bbccb83b0e730cd1bb61f,third_party_video,,excluded
IMG_20251107_102001.jpg,train,480,640,2025-11-07T10:20:01,0.5kg:1;2.5kg:1;20kg:1;25kg:2;zacisk:1,5abb2eaf04866a9bf0b8bbbdf70dbe605e6cdeae5dc802db98606c3a1f69d0e6,a53cb059984334a666b6ea9474b24aea9b4b114b991dd43c0c955d75e557aafa,,18,train
IMG_20251107_120339_jpg,train,640,640,2025-11-07T12:03:39,25kg:4;2kg:1;5kg:1;zacisk:1,b2deef385ff9ab9cb82cc1439d876a9a9b33b5e542979e0ac4372f180b409929,b64dc906cdb26533db4916c9d4b4693d275bb5b6605c1a4d4b6c5d8ab64b6894,,22,train
IMG_20251106_141004.jpg,train,480,640,2025-11-06T14:10:04,15kg:1;2.5kg:1;2kg:1;zacisk:1,fe48e0b528c295c9a17848edd8a850cd04979b265cbec8b30fb22bf59a3e2a8a,bd365d366d0b34c9b649bd299d23cd33c9b2e390809cc89c4afc3af21e721e64,,16,train
IMG_20250929_123423_jpg,train,640,640,2025-09-29T12:34:23,1.5kg:1;2.5kg:1;20kg:1;zacisk:1,1ce6192a5362f76a6a531827a64324448bf58de7787cf3e45bd31ae7e1ad039c,99249932999966cc8e64cc6d99b66699ce6cce4cdb383992ce6c996c993339b2,,11,train
IMG_20250504_194307.jpg,train,480,640,2025-05-04T19:43:07,15kg:1;2.5kg:1;25kg:1;2kg:1;zacisk:1,ec7de61723434d313ea5f21106ef4d6f5b4cae56cd70bc6bfff2180a1646cfd6,d5729d640a4db69b2e930ebce73a1a6d0acda5983b3595d3226c0a5cd5c27363,,7,test
ZE_101.png,train,640,527,,2.5kg:1;20kg:1;25kg:1;2kg:1;zacisk:1,4094f45378a3537802b2e06f81948d605434bf8641345d6f2faa7243344da56f,f3324cce8ccdb333f33249c1192d8ccea612d333cce524cd0cccb332d332cf3d,third_party_video,,excluded
IMG_20250929_120953_jpg,train,640,640,2025-09-29T12:09:53,20kg:1;2kg:1;zacisk:1,5da4fcc7adb7546f9f9107f511bba1fcf456043c2ae5e146fdfe5eaad9ef6789,996499369b33334c9964cc6431936793e66c666c666633cece619b649ce63393,,10,train
IMG_20250504_204639.jpg,train,480,640,2025-05-04T20:46:39,1.5kg:1;2.5kg:1;20kg:1;25kg:2;zacisk:1,ebbe377031429577aa94974dba8678580fb5b48485b292ac45484e0372395251,8665c6479c4226a070aa8bfaf9df8bd70a913b558e397c2cd13d473d83522f85,,8,test
IMG_20250929_120420_jpg,train,640,640,2025-09-29T12:04:20,0.5kg:1;2.5kg:1;20kg:1;zacisk:1,f8a51cdeb1b6eaff790018f38ddce2e00228ddc26ecaec7c01389fa70a5ac52b,9e6d9b66919e30c9ce64ce3931a621b2ce59ccc96699319cce4e9e6d2cb33132,,10,train
IMG_20250908_112746_jpg,train,640,640,2025-09-08T11:27:46,0.5kg:1;15kg:1;zacisk:1,9190b78a742703643ec279b55620f2d54251540cd2474d49bb5a4d8aab37a916,cc649936cccd66d93332cccd89b267993326cccdcd9933938ce69a6c66183933,,9,val
IMG_20251009_120434_jpg,train,640,640,2025-10-09T12:04:34,10kg:1;1kg:1;2.5kg:1;zacisk:1,da846e78a26a1ee39032c169afb0c08ebe6d3991e90531c7b175212170758486,ce389b26999331993366cc73ce3831983333cecd3cce6d93ce61932cc71839a6,,12,val
IMG_20251009_134635_jpg,train,640,640,2025-10-09T13:46:35,0.5kg:1;10kg:1;2.5kg:1;zacisk:1,6e086ddb55bb501e0562d5f35663b62773653ec1397393060ab5ce19f4cf3130,cc6699b299996679cc32cccc333233996633cc6c64c96713cccc99e4733333b3,,13,train
IMG_20250501_183422.jpg,train,640,640,2025-05-01T18:34:22,1kg:1;2.5kg:1;25kg:1;zacisk:1,d7e899754565da06fcbfe128d05ad747c12bea1131520da627b06680b0611671,837285b9dc8d31dc78cd237ac3b835637e29b910c3f1bd4d4c29a372c2d6265c,,1,train
IMG_20251106_140426_jpg,train,640,640,2025-11-06T14:04:26,0.5kg:1;15kg:1;2.5kg:1;zacisk:1,cd6a508dbb3398aa10f83e7d31197ab74e45f3e9815fb5183830b6fa6654a6f9,b336c92664c92499c64da6cd19923119cf69ce66193631b3f6cdc6cc5eb135b1,,16,train
IMG_20251107_101038_jpg,train,640,640,2025-11-07T10:10:38,0.5kg:1;2.5kg:1;20kg:1;25kg:2;zacisk:1,e4622f63acff1bab67b0024f78fd1dca3745dcdd891e4130e50560ebe6a940d8,a5b49aee997525b4d92c66306870b804a414980e534e5b4f661eb7af1f9f2f1e,,17,train
IMG_20251009_133854_jpg,train,640,640,2025-10-09T13:38:54,1.5kg:1;10kg:1;25kg:1;zacisk:1,600a4999b5a402234a216695e14caac80eddb569822fee16818a80bde3a81abd,ce5a9b399a6c658e9331c658994c64e3333966d264936d9c6c7193cb679e1931,,13,train
IMG_20251107_095336_jpg,train,640,640,2025-11-07T09:53:36,0.5kg:1;2.5kg:1;20kg:1;25kg:2;zacisk:1,43e2b77293a627d202633f78bb1ed7baf9a9f03d1edfc8869c7c0ad60fb0d905,c721fa1ddbcc256a198446a5f11c7c5a03d384bc35f5d8e4e35a4a153d8e15f5,,17,train
IMG_20251106_130857_jpg,train,640,640,2025-11-06T13:08:57,0.5kg:1;15kg:1;2.5kg:1;25kg:1;zacisk:1,7decb662171f086920113b9578b9c424d979e9615afbaf3c430f0b62a2a1c114,f8064e307191b381b383179d2af5e8c3b5cb8f4e2d6c4cf886724fb7e1603279,,14,train
IMG_20251106_141118_jpg,train,640,640,2025-11-06T14:11:18,15kg:1;1kg:1;2.5kg:1;zacisk:1,3e965890e753e8b94243185156b048be4ad2ba5f2361201ef06fa37cd0a12109,aec189c38cf1f67831781c6cf4c535451c9cd97249520b1b4797d3cd156d1cd7,,16,train
39.jpg,train,640,360,,2.5kg:2;25kg:4;5kg:2;zacisk:2,aa191181e9d7633abdc5a82bb74bf0e92b30f7c3c057d4ef13d810bc8deac7a4,d716972b24e92ce989b063945394969ba6938d97b2a5909d3c9f3c337f236780,third_party_press,,excluded
IMG_20250501_190906.jpg,train,640,640,2025-05-01T19:09:06,1kg:1;2.5kg:1;25kg:1;5kg:1;zacisk:1,97a57edbe8f5e19f227fa8c193853d8fbc3c69eb6dc6be8ffec009bd0216a907,909afc9b3cc9394539658d39a53b9d89bd441ecc1e66b1338ec4cb4a8adea6c2,,2,val
IMG_20251107_113721_jpg,train,640,640,2025-11-07T11:37:21,0.5kg:1;10kg:1;2.5kg:1;25kg:3;zacisk:1,e350a9783afb1f7c3e7f2b669d7b04ce86ad874687769053e34ae89fba4ea8e3,e73896569ad6355c99ca4a12a90f598aa9f1e195618f0d2b2e38af1e254e5677,,21,train
IMG_20251106_135943_jpg,train,640,640,2025-11-06T13:59:43,15kg:1;1kg:1;2.5kg:1;zacisk:1,797a29e779ffcc4b4230e680bb4a13f3116d2ab8326f5a2bd234379f3e2a96b4,ee47ce871a0f231df3339331c99c4666e0cc98620cb74cceaa46b644ff197999,,16,train
IMG_20250504_210745.jpg,train,480,640,2025-05-04T21:07:45,1.5kg:1;2.5kg:1;25kg:2;5kg:1;zacisk:1,60272c804b14d85eb863c831395ecdd3d4ee394136339474483fc2e180ab79e2,86a597b099593cf6ac669c63f4a599492d946f16663162a1410861be5f7e5fa5,,8,test
IMG_20251009_134253_jpg,train,640,640,2025-10-09T13:42:53,1.5kg:1;10kg:1;2.5kg:1;zacisk:1,6b30b50ff88c3e2533529307e403e5031129b91cbb0ced782d3489ddfb288a6c,ce799b6499b3619b3366cc72994c319e3326e639cccc6c9266539a4cc99a31b3,,13,train
IMG_20251107_104449_jpg,train,640,640,2025-11-07T10:44:49,15kg:1;25kg:4;2kg:1;zacisk:1,a326a50fdd2403c662da6a7140590a368e2c7c6fee28dc8d751f93d9aba13f6c,b0b08fefcf073d744d07b1363f444dc1b00645cb78c8b1764f54ff04d62c52f8,,19,train
IMG_20250501_183056.jpg,train,640,640,2025-05-01T18:30:56,1.5kg:1;25kg:2;5kg:1;zacisk:1,fb08a8d8891d6b463687e795a5008638a1a0470ea632b21b710ef7ef9483f8ff,83968f8f4cc9c8a367e66cb1ea196f19c8c728406f3dd1003153fd3f9980b767,,1,train
IMG_20251107_120033_jpg,train,640,640,2025-11-07T12:00:33,1kg:1;25kg:4;5kg:1;zacisk:1,50fce06a4fd248b514445b8196bcc40535c3902a03d51445e9dbe42394cfba1c,964dc96429b62593f2c9324949b46b6dcd8ab5b602d24b6d0feda5b278c96a93,,22,train
IMG_20251009_124402_jpg,train,640,640,2025-10-09T12:44:02,10kg:1;2.5kg:1;25kg:1;2kg:1;zacisk:1,f1fa5cabb71f231b7a7919dbd373f365c299ac47c19ac58aed3b193711f19197,96da9b699a4c3ce49369c6ce924d2c7c9319669664c76dbc6c30929b619e3965,,13,train
IMG_20251009_120512_jpg,train,640,640,2025-10-09T12:05:12,10kg:1;2.5kg:1;2kg:1;zacisk:1,10acf973dd199d442d5157f3898a5a8ddb59131d2d0ae2beeaefe5ee101b3108,9b6d9b24993265993366ccd9996c659b9333ccc931cc659364cb9b296c9331a6,,12,val
IMG_20250929_120950_jpg,train,640,640,2025-09-29T12:09:50,20kg:1;2kg:1;zacisk:1,e8bfb9a08a49446371cf303e272517ad5e846998bf675f232fea335d2f2af3cb,992699b6c673324ccc666cc3339b6649664c664c339b9999cc79399964d96799,,10,train
IMG_20251107_095339.jpg,train,480,640,2025-11-07T09:53:39,0.5kg:1;2.5kg:1;20kg:1;25kg:2;zacisk:1,0fda8492abd050d3dd96a98274af52594a2e497cbaa417a52232e7069469c1b3,c557ea45f9598d93367a99de9b29e244c132957a0e639762f180f050b7e40f8b,,17,train
IMG_20251107_104805_jpg,train,640,640,2025-11-07T10:48:05,15kg:1;25kg:3;2kg:1;zacisk:1,1fdc33a8272b8cce669ca43390c73017a8b5165bb9ecb6f8e5268c0df2a82144,a4719a5a9bcf65ad9834658e1ee11b78841d92e367390e69a027d0dc1be27fc3,,19,train
IMG_20250504_210332.jpg,train,480,640,2025-05-04T21:03:32,15kg:1;1kg:1;2.5kg:1;25kg:2;zacisk:1,52072d9c613cdf9d61dae0b042706f48d2724abc52cf8cfd17076f5bbf99097c,8d29918ab2d48e9c69013010e8cd2df533772eaeccaa07785f9107c7de2fce3e,,8,test
IMG_20251009_133620_jpg,train,640,640,2025-10-09T13:36:20,10kg:1;25kg:1;zacisk:1,a120102067118c50aac5726546aca5380157448d859689a2bcad6b23a6dd63de,ce6199b49936665b999c666999336692998e6669661964d366639b6c339c3996,,13,train
IMG_20251107_101034_jpg,train,640,640,2025-11-07T10:10:34,0.5kg:1;2.5kg:1;20kg:1;25kg:2;zacisk:1,3669c541d7a83eb7d1f9e727d3b8da4e927831a9c4c23928f8b60e6273b0010e,a2d4daf5d975a533c11c673013b187e3afb38b4b0bcd1b0de431f892291c693c,,17,train
5.jpg,train,640,360,,25kg:2;2kg:2;5kg:2;zacisk:2,9ed86a81038c0567108595968191d0426957628d2dd45adea6a08d63ae7dec13,c3d04b70ead9dc0ef509b73287b00d94e23db0cd1e8b7f23f22a787c4c896b61,third_party_press,,excluded
IMG_20250908_113041_jpg,train,640,640,2025-09-08T11:30:41,15kg:1;1kg:1;2.5kg:1;zacisk:1,0de4df2c2c12a0b924de59b77d6705e4e57987065d7ae815f434bb55a5ac4d06,ce6d9b64cdb364993326ccdbce6c619339b3cec9c64c31b34cc19a4c63993126,,9,val
IMG_20250929_124519.jpg,train,480,640,2025-09-29T12:45:19,0.5kg:1;2.5kg:1;20kg:1;zacisk:1,9ea58a24e2fd13e71a69b321c4814034361e1f7e571c676456d54632578effb5,8714bba2daa6a65a61ebb056267587509aa8871a69ab5c7748f1db1d9a56a61b,,11,train
IMG_20251107_112420.jpg,train,480,640,2025-11-07T11:24:20,0.5kg:1;10kg:1;2.5kg:1;25kg:3;zacisk:1,a0c203126539985b5ccc3dcdc7af2d364d7bfa0477ae66b3174457f474da149d,b6ae5aaada6c2527651cd94c7d4644765710776924a5ccad30a98e91ceb546f6,,21,train
IMG_20251106_130645.jpg,train,480,640,2025-11-06T13:06:45,1.5kg:1;15kg:1;2.5kg:1;25kg:1;zacisk:1,74487dd2224ede96c7ea9c187ac173e405b9a823d871abeac517edca959c0b21,e1959f545ad59ad4bda7b1e08f2a62e32c7ae55ba562c52ae12329baaab41151,,14,train
IMG_20251106_131402.jpg,train,480,640,2025-11-06T13:14:02,1.5kg:1;15kg:1;2.5kg:1;25kg:1;zacisk:1,8cf3f88fca6419556c64a2481810a925a7222fc47751b83c28e5da02dfaf29f6,f380907cb91b39d90f9c48c14b9cd891cd5da473b7723321263e64676e72cce3,,14,train
IMG_20251106_132951_jpg,train,640,640,2025-11-06T13:29:51,10kg:1;2.5kg:1;25kg:1;2kg:1;zacisk:1,7d4229d441799d9eedef69e06ce2cb6d627d79e3d141e6cebe365b129dd2c96a,f4a98e96d928752a1b57a55ae8661e8f2f9ea569e6d70ba8ad0ae14a90b42d4a,,15,train
IMG_20251107_115731_jpg,train,640,640,2025-11-07T11:57:31,25kg:4;2kg:1;5kg:1;zacisk:1,38105782713e4d2a3bfa0c2cfb478b95eca10318105461954ef94dc6d6675019,f87f89e7c3a5381d895f71ec948f69e54925f7f47c5abf4d3d00cc0249204924,,22,train
IMG_20250929_125110_jpg,train,640,640,2025-09-29T12:51:10,2.5kg:1;25kg:1;zacisk:1,1f68dbc365a752d9fbf57103ef7d07eccc259316f8c8149407f2da4da0b2b404,99369992ccf1664ecc6132cd993266ccce656665998c6733cc668e669999c9b3,,11,train
IMG_20250504_205213.jpg,train,480,640,2025-05-04T20:52:13,2.5kg:1;25kg:2;2kg:1;5kg:1;zacisk:1,94976132d6a2efc10bed538bed0a8264a9c2221a1892f3ca89f47ff75607c62a,8e968395916b8f9b65a36b20d8c874e803773a2b66a9389c68fc73e10be72f0b,,8,test
IMG_20251107_104604.jpg,train,480,640,2025-11-07T10:46:04,15kg:1;25kg:3;2kg:1;zacisk:1,e8bf1a03cd0493e03c8ce3da39cb5921f696a3269de539af631e9ea0b8497bbe,d7969d1f1c50f170715f45d9835742ca44c997e16fa6cc01a46087aa4fbcb3cd,,19,train
IMG_20251009_123900_jpg,train,640,640,2025-10-09T12:39:00,10kg:1;2.5kg:1;25kg:1;2kg:1;zacisk:1,46f20fad39c439fcf0528cf4871cf7077751378733447e33f56b8a01da01832f,d0dec533c7a1390dc52df18ebc2961ccc68d399435ac4bc74f214bf071ce6f30,,13,train
IMG_20250504_203211.jpg,train,480,640,2025-05-04T20:32:11,10kg:1;1kg:1;2.5kg:1;25kg:1;zacisk:1,b69d932885d0c77a3e2c06c4d5309c6f2675e4f978e5139466c018d06e90c380,c514befc8dbb921ab7d59cd11e6995581ac9a5121635091ca1e73befc51032f6,,8,test
ZE_79.png,train,640,518,,0.5kg:1;15kg:1;2.5kg:1;25kg:1;zacisk:1,08a2b11f3b3d9b1147679ba0f192aa8b337a93afb041163479e26c8091f838fa,b666acb05d9152e66a523599cea72b571568a2a52b5b856a22a531d5c76b66ad,third_party_video,,excluded
IMG_20250504_210422.jpg,train,480,640,2025-05-04T21:04:22,0.5kg:1;2.5kg:1;25kg:2;5kg:1;zacisk:1,1d183cc279a21ee0a3fa408b5a98eb5b595d925782ced6e3746e2c5c2e5c042d,824b985a9db495e5348f3d87a631368d198e6f7ac25b60954066c21acbdae7eb,,8,test
IMG_20251107_104933.jpg,train,480,640,2025-11-07T10:49:33,15kg:1;25kg:3;2kg:1;zacisk:1,77ee3d8f8c73004a13921c5b424b27604af5ce94a51353c11bb7a78e8acd9982,96add78d8b9e228788634d62b010321da9dc4b9a37553f47cc63a955ecd6bd48,,19,train
IMG_20251107_112415.jpg,train,480,640,2025-11-07T11:24:15,0.5kg:1;10kg:1;2.5kg:1;25kg:3;zacisk:1,6d52b58d92fa336a92ed575deb35ada6bb1c02f5be82bec5358534432ee0c66d,a573d7d31cda6d2b92b23528b568be52bba09a6176b56e58fb506904d8a04da9,,21,train
IMG_20251009_122953.jpg,train,480,640,2025-10-09T12:29:53,10kg:1;2.5kg:1;zacisk:1,495fbd0ed07fe12cbc15e0bd3f52d683da72f8d72310d4391fdef184d1b601ff,82f480e979cb4cea6662789e8d897e9d393b8f10d29d9b1db71b331c8d10b70c,,13,train
IMG_20251107_110316_jpg,train,640,640,2025-11-07T11:03:16,15kg:1;1kg:1;2.5kg:1;25kg:3;zacisk:1,3961e28893a65bb7d48d06af4d49b24691780f047ee391ccb72ee60d0f4625e4,e52bdce79ad15b9d991c4720a521e9ccee2047ae51ee1ae35ae3d39ce50c0543,,20,train
IMG_20250501_190439.jpg,train,640,640,2025-05-01T19:04:39,2.5kg:1;25kg:1;2kg:1;5kg:1;zacisk:1,b614363d386f6dacda93113ddbd80df32aa841e02f04068adf31a0f1dd2d8b4c,e36b9496cc9c336679cce633f63238cc4c36d989f19e0e664c9eb3495c940e1c,,2,val
IMG_20251009_132514_jpg,train,640,640,2025-10-09T13:25:14,10kg:1;1kg:1;2.5kg:1;25kg:1;zacisk:1,7cf62936e7fd3083cffc206c30509a85973ea714bbc3f1148d5bcfc8b466a83d,965a9b299a4c64f49369c6ce926d3cf93309e69264c7698c6638961b699f392d,,13,train
IMG_20250504_204057.jpg,train,480,640,2025-05-04T20:40:57,0.5kg:1;2.5kg:1;20kg:1;25kg:2;zacisk:1,5a0908c165862eb8a5965aaf908d8872f2096e23cc4d1ec1df383ebaffac2106,82b490ad9d4f917ba5929e06f462be5219ea8af62f5574608f8274298bbc0dfd,,8,test
IMG_20250501_190905.jpg,train,640,640,2025-05-01T19:09:05,1kg:1;2.5kg:1;25kg:1;5kg:1;zacisk:1,516a9a9a724385b55de3e58abe2dd3cf8dfb4246ccf0298a10a84111ceaa1fa7,9092fc9b3cd9384939458d39a53b9d8bad4d1ccc1e46b3378cc4cb4a9adea6c2,,2,val
IMG_20251009_124256_jpg,train,640,640,2025-10-09T12:42:56,1.5kg:1;10kg:1;2.5kg:1;25kg:1;zacisk:1,fe01f46a83e423008b7661b3d136eaa0d59afdcc4ea5c1020865f8253b0c3fda,961a9b699a6d34e69329c69e9a6d3cf9331966926496699c6c3292d3699e192d,,13,train
IMG_20251106_135558.jpg,train,480,640,2025-11-06T13:55:58,10kg:1;1kg:1;2.5kg:1;25kg:1;zacisk:1,18d31661742d3704490c65cf37d99bdae6bac6aedcfe7c8cf55283bb7c7137eb,f8f1dc29c61e67fe79c0829931f33a424adb68497662871bcf0b2a0aaa6c98de,,16,train
IMG_20250501_191357.jpg,train,640,640,2025-05-01T19:13:57,2.5kg:1;20kg:1;25kg:1;2kg:1;zacisk:1,f2b3e4d80539616a838e07bfecb55659fbac83dbb89a5267d2f2ba5465430531,b1b5ec9b3c93308a39c2eb3aa33f9991ab581c8b36cfb3688cc29b249ccda7c0,,2,val
IMG_20251107_120342_jpg,train,640,640,2025-11-07T12:03:42,25kg:4;2kg:1;5kg:1;zacisk:1,d9ba0a082f44e893f103a29b2628707d29e5b502c6fcaf20c4623accce401fe8,b64dcd4dcdb665b2f26916c9d8b46924958bb5b25a441a0d4f269deab25e6894,,22,train
IMG_20251107_111506.jpg,train,480,640,2025-11-07T11:15:06,15kg:1;1kg:1;2.5kg:1;25kg:3;zacisk:1,b69ea4b5a311ba25fe68ebd64bb11125b26480a3e6e58bf2fd5b8db7c7f4be17,f0d18d699e7c78f198f1dc396960586956587263daf0e5baf583a2c3f6068582,,21,train
IMG_20251107_111514_jpg,train,640,640,2025-11-07T11:15:14,15kg:1;1kg:1;2.5kg:1;25kg:3;zacisk:1,4e27fa0cc292efb981640a219b44af5a0d51b4d1846f1972892d3016e5d6337b,f9368b3e4f4b70f987e134f196c1320fd974b1d2889ecb0fcad0853235ac5a1c,,21,train
IMG_20251107_120025_jpg,train,640,640,2025-11-07T12:00:25,1kg:1;25kg:4;5kg:1;zacisk:1,f8ffaa417ce722d344657fbc5b3a4c3b5edfc52e05444de3c1775b42f66ccc50,964dc92449b626d1f8c9365848947b6dcd8bb5b602c0cb4d1fed85b3e8c97a93,,22,train
IMG_20250504_204636.jpg,train,480,640,2025-05-04T20:46:36,1.5kg:1;2.5kg:1;20kg:1;25kg:2;zacisk:1,4d8a39d637bde39c184cea488e01af50a7a4249bdfb1d282726ad7de7218217d,84c8ccdd98dd3dcf65dedf00e3208ba406a63b2398637843d172467b87f53e1a,,8,test
IMG_20250501_190047.jpg,train,640,640,2025-05-01T19:00:47,25kg:1;2kg:1;5kg:1;zacisk:1,35182712155edb84c83b6b60f31c2d835b4aaf005a56e0a22d41e03c76621237,e135b25aceceb33258c6ad2cf319b18e1ed3af24d8ccb3270e52b50cf9819466,,2,val
IMG_20250908_110112_jpg,train,640,640,2025-09-08T11:01:12,15kg:1;1kg:1;2.5kg:1;zacisk:1,5d1908ee2ab8c086c43018b5880e1670ace612ad539f094e33ab633217ff31ac,ce699b649931679b3366ccdb9b2c31939933c6d9338c64b3cc63939931982c66,,9,val
IMG_20251009_134407_jpg,train,640,640,2025-10-09T13:44:07,10kg:1;1kg:1;2.5kg:1;zacisk:1,9fe181d486c16a4391d066d87198c9f67c2f373d3273e448ebf3794f717754c9,ce6c9b24999330db3266ce59cd38318e31e7c6796499659a66d99a66d9a631b0,,13,train
IMG_20251107_112224_jpg,train,640,640,2025-11-07T11:22:24,1.5kg:1;10kg:1;2.5kg:1;25kg:3;zacisk:1,37ddabaa3fdc4b91240c2977d68d0f32671e68377f5e5c4a26bb8b0bad0c18ff,b0facd970fcb3478f6dc326cc9346993864b9349cc96b996a14ee549c6914a96,,21,train
IMG_20251107_100035_jpg,train,640,640,2025-11-07T10:00:35,1.5kg:1;2.5kg:1;20kg:1;25kg:2;zacisk:1,6eac40fe3cc0184d4a855977a611ad8ee2bde6d70e79d907ab3db50d8e5d853d,e631d2d69a8a25141bc9c6a2c43535d52eabd256e5381fc72ef35075a0ab4f5c,,17,train
IMG_20251009_134130_jpg,train,640,640,2025-10-09T13:41:30,1.5kg:1;10kg:1;zacisk:1,fc983b11f7c32973dfef992207a48525356e9260aac760e42806bcba8f3f7dca,cc61992699b173993326cccd99b233997366e649ccc96c996cd39b64664c31b3,,13,train
IMG_20251107_112211_jpg,train,640,640,2025-11-07T11:22:11,1.5kg:1;10kg:1;2.5kg:1;25kg:3;zacisk:1,c5d7590b7deb851fd29570f79326d39bc8855b69b0ddfb4f7c7db617af505f43,bc93cd932be9366cb64c366eedb76d91c54996484c9378974526e54986c84a96,,21,train
IMG_20251106_140412_jpg,train,640,640,2025-11-06T14:04:12,0.5kg:1;15kg:1;2.5kg:1;zacisk:1,8a454fcab4e3106e0a687aa945a83ec63aad9f31727336b480408eff2b96b8cc,b336c92764c92499c64da6cd19b6311bce69ce6619323133f6cce6cc4e712db1,,16,train
IMG_20251107_095439.jpg,train,480,640,2025-11-07T09:54:39,0.5kg:1;2.5kg:1;20kg:1;25kg:2;zacisk:1,6e3720cf375fec128ba28fdb7860f0ca19c9ce4f8b38d347631ce90a3a49d260,8e15df6b5da932de2699e095e5ad77e525a1a495e09527dd4fcc0d18a610a616,,17,train
IMG_20251107_120648_jpg,train,640,640,2025-11-07T12:06:48,25kg:4;2kg:1;5kg:1;zacisk:1,e1d52ba4d5f62e427b86b2d5a9215d0e6121a94ebfef6b07d949c0b3f0ed0846,a7189e1a9ed32c4c9e1c478c9de3bc74af4de1c7750c1e181ad19ad6da345e50,,22,train
IMG_20250501_190945.jpg,train,640,640,2025-05-01T19:09:45,1.5kg:1;2.5kg:1;25kg:1;5kg:1;zacisk:1,f454d412f95332e4d9901823324fcb55615e78e043c448b29d486503191ef040,8435ecb33c93708a7b8a5362e177c133cb5a0999549bb26ef81b4713983d36cb,,2,val
IMG_20250504_205005.jpg,train,480,640,2025-05-04T20:50:05,2.5kg:1;25kg:2;2kg:1;5kg:1;zacisk:1,da9f1245f24e389727c77b49b25e92d17b461de0c797935fefc120a4717b1f91,84a9ce4c9e4c34ef619bcb92fbb18ab602233b23583b7058d379a63d8b953e8c,,8,test
ZE_9.png,train,640,410,,15kg:1;2.5kg:1;25kg:3;zacisk:1,5b7fec7b038b684aa1d994f18fff693fbdf8df2490e7d99fbd8b4edf1104499a,c0071ffe8fc02619701f665387e07d24d926c2f95816198e6ff1b722e89c667b,third_party_video,,excluded
ZE_109.png,train,640,484,,25kg:2;2kg:1;5kg:1;zacisk:1,02c2e47ed4b0e98ce4b62d35c1132eb40f576922a9d23cd6fab76a4c4e342a99,966e499929b9f66e326e2ed6d56254a9299d054685a1fa89764b853ca76542f3,third_party_video,,excluded
IMG_20250929_124727_jpg,train,640,640,2025-09-29T12:47:27,2.5kg:1;20kg:1;2kg:1;zacisk:1,2804866652d19d1d305be30869728841c9c8b692b1883e279788398b7f04d900,996499369b3166cc986ccc6999336699ce6ccccc9b393993ce649b64993339b2,,11,train
IMG_20250929_120630_jpg,train,640,640,2025-09-29T12:06:30,1kg:1;20kg:1;zacisk:1,6c141365b7605b8196cc7ba5e3f03e3e704f1642cc58eaa881e4b2e3d9654f75,996499b29b33324c9966cccd31b36399ce6c6664334e3386cf319b3464c7339b,,10,train
IMG_20250908_113102_jpg,train,640,640,2025-09-08T11:31:02,0.5kg:1;15kg:1;2.5kg:1;zacisk:1,029633f9df2c091deded9b0b41d3b2e92997e3046c06ac94d42a8ab951f305e2,ce699b2499b364993326ccd9986c619a3933cec9cecc65b3ccc19e4d33993136,,9,val
IMG_20250504_205246.jpg,train,480,640,2025-05-04T20:52:46,2.5kg:1;25kg:2;2kg:1;5kg:1;zacisk:1,44a529b4343625d04d6ec326722998726728cad5c7d815a95763fd4222eed61a,8e968b97936b8e8b65a36b60d98874e823753a2f66a9289468fc33e11be72e0b,,8,test
ZE_22.png,train,640,443,,2.5kg:1;25kg:2;5kg:1;zacisk:1,0432c61f7ab6f9dcb094cf68626e4fee8d1945af425648384c4c10abb5523356,a31077ffccc411962968c798f3332cb7264c81a6d0ca2d2dfd92f36c1737ec09,third_party_video,,excluded
IMG_20250929_120240_jpg,train,640,640,2025-09-29T12:02:40,1kg:1;2.5kg:1;20kg:1;zacisk:1,df82dc0b5af293ef0094e29383a3501d96d1e3b15f9a1eb6d857c81d999a5df0,9a6d9b659b1936c99a6cce39313665a6c65964c964b13398ce4c964d38db31e6,,10,train
IMG_20251107_120215.jpg,train,480,640,2025-11-07T12:02:15,1kg:1;25kg:4;5kg:1;zacisk:1,14ae979d2693bcab7e80876049cb69d3f55467749a78b9d9082f32aae35dfba6,c14f8f168f3a62f320e1f3e0fb82bda38c037ac202c047f66fb696119e196dbc,,22,train
ZE_44.png,train,640,457,,1.5kg:1;25kg:1;5kg:1;zacisk:1,0e2cd05726db1b3ea2e9689dbfd3ed335095b72441dff6907762785e404b6c00,b18e55f0ce630d4a620538f3c7ccb19c2e752186dcefd71b60c62e37d088d37a,third_party_video,,excluded
IMG_20251107_101024_jpg,train,640,640,2025-11-07T10:10:24,0.5kg:1;2.5kg:1;20kg:1;25kg:2;zacisk:1,523ba8eec32aed6524916c95c1bdde41a07b7b4e501e7c30224826f53622d41d,a444996f1d3166b0838666ba186f1b6dc60193ce67bedc75b08183cf5b6ff031,,17,train
IMG_20250501_185955.jpg,train,640,640,2025-05-01T18:59:55,1.5kg:1;25kg:1;5kg:1;zacisk:1,2afaea42c3a529ac28bb5b63dbb56f63336d02c1e80358f28a6e77cd441b7a97,e135b25bccceb23658c6ad6cf339b1a61cd2a735d8ccb1270e52061cf909f067,,2,val
IMG_20251107_100018_BURST002_jpg,train,640,640,2025-11-07T10:00:18,1.5kg:1;2.5kg:1;20kg:1;25kg:2;zacisk:1,f267f28ecad41313206011de6bfa4d40b7d5fba0b8dc0a20da00add6fa9a3186,863793569adc661298dae06ea52cfdd15e06803c65709b8eac28da1b1ed74fce,,17,train
IMG_20251107_110529_jpg,train,640,640,2025-11-07T11:05:29,15kg:1;2.5kg:1;25kg:3;2kg:1;zacisk:1,a9fd7a73d3ec0b21cd297dbbf061a2ef40d017d8fac49a7e19a5d23c01cea92a,e666984291917b19893c633cfdc32d66187ac6be91c61cc2da7a50be77a43f41,,20,train
IMG_20250504_211221.jpg,train,480,640,2025-05-04T21:12:21,2kg:1,e1c3853081136a883a2d432b90f54cf5ce3ace376ffefa0de7252dc9aa36a99d,9dd285d1b2e5336c836e82a5ed40bc857a0b715a50b14c3accb7dd35f3c1714e,,8,test
IMG_20250929_121528_jpg,train,640,640,2025-09-29T12:15:28,1kg:1;20kg:1;zacisk:1,d06416a65c73d104f4c3e082391629fdb6fb9ddf60aa84720951ffa45e181b6f,cc649b32ccf366c93993cccc99336799ccc6ce4c333c6793ccc69b3466683192,,10,train
ZE_3.png,train,640,485,,10kg:1;25kg:3;zacisk:1,5ae16adf079f2a7c2b51002abd963c36c713ae994c42276f671d88eeb94d30ed,a59099649208d216d252f252e9246d286dad65f676da36d21a261b6edffe4ec6,third_party_video,,excluded
IMG_20250501_183751.jpg,train,640,640,2025-05-01T18:37:51,2.5kg:1;25kg:1;2kg:1;zacisk:1,047c40782bafcf148a145afa57e0159be1c49ed84ca406ad41a36d518602b289,836983d0ccdeb1ec78cef97903b8d1173e37cf5891e9c2703436ee3b816188e4,,1,train
IMG_20251106_130125_jpg,train,640,640,2025-11-06T13:01:25,0.5kg:1;15kg:1;2.5kg:1;25kg:1;zacisk:1,0ae4c1b3c02426446f8ab9f467177742c4c27948f335b17a4c31cf9032b9ed33,c6d0b90fdb6f6ee63b6d86d680f4086d290e96d04da11bdca4ffa6822ba15b0a,,14,train
IMG_20251107_105837_jpg,train,640,640,2025-11-07T10:58:37,15kg:1;1kg:1;2.5kg:1;25kg:3;zacisk:1,1e03e185279897795f5ff0ee48d7554bde0f418221f418c1c9a2a7d3f3611685,ad73d6d790d4a13dbddc0515a175a56e56b2d696a75a9ed21780d58a187a2d40,,20,train
IMG_20250501_190500.jpg,train,640,640,2025-05-01T19:05:00,2.5kg:1;25kg:1;2kg:1;5kg:1;zacisk:1,1a9b582e018aec4bd5dbe53a19f2acd6789a8dbffa48c53a2e3c1e4460e4711c,a36b9492cc983366398dc673e636399c0e77c919f38c0e660cdbf303b4c50eb6,,2,val
IMG_20250501_185801.jpg,train,640,640,2025-05-01T18:58:01,0.5kg:1;25kg:1;5kg:1;zacisk:1,5b3f35ff9b72c77dd314a0d58df0ed5823cf9ff21409cf1246d838aba91ed59e,e1b4b249ceceba3258c6ace6e319b3341ecb3733ccccf1861a5306720f49f1a5,,2,val
ZE_150.png,train,640,518,,10kg:1;25kg:2;zacisk:1,3f12d6bf88c82aa0100b6f573560e1c1681c0b68f7b524994a3230a28b587845,a32d7fee18801fb7780901ff7e00863f63f07c079a3f24e859c2974c583fcce0,third_party_video,,excluded
IMG_20251107_112512_jpg,train,640,640,2025-11-07T11:25:12,1.5kg:1;10kg:1;2.5kg:1;25kg:3;zacisk:1,9b63fc190a5162fbd6cc0e2c9fd30fa78e4221668fcc39e08fae3c555e7b9b67,a5399cf19ec756daf1ce60af9c211c701838e33de3a553a351a3c38cdb0cd943,,21,train
IMG_20251009_133101_jpg,train,640,640,2025-10-09T13:31:01,1.5kg:1;10kg:1;2.5kg:1;25kg:1;zacisk:1,dab1836cc6409c4494f0e0dece26df7c7efebc475d7e477441d91af3ab3fd193,969a9b299a6d3ce49329c68e9a6d3865934de69264d66d8c6c3496d3619e392d,,13,train
IMG_20251107_104554_jpg,train,640,640,2025-11-07T10:45:54,15kg:1;25kg:3;2kg:1;zacisk:1,6e51283224ed9ca80db69270258240ca9f416f044ad771f61a767f6bfddfdce8,f1f8811e8f0f31f8cd0eb00343d8a1fc710dd3c870d1cb86f3dbf58d01b43e9c,,19,train
IMG_20250501_185808.jpg,train,640,640,2025-05-01T18:58:08,0.5kg:1;25kg:1;5kg:1;zacisk:1,9e7e938947c5ff2ff9a01304f11e20ddb6d178f266a11bd62a1c302b0d8a88f9,e321b252ccd8b664799cb9cdc633b3211c963f67c898b10d1ed61cfe4812f32d,,2,val
IMG_20251107_115957.jpg,train,480,640,2025-11-07T11:59:57,1kg:1;25kg:4;5kg:1;zacisk:1,533590ab3cf0c0322a34e7b0151985f7707d3f7acfd8c3650259af46fc4aab28,f24dc11fcc3237dc630dc92b2f3ae4aed22d364dc197a926326d969ba1846965,,22,train
IMG_20250501_190908.jpg,train,640,640,2025-05-01T19:09:08,1kg:1;2.5kg:1;25kg:1;5kg:1;zacisk:1,da9d6a57033cc38e9391dd3cd39b7b9ee4335b0ede3bc7b450ff0955f7c1be81,9092fc9b3cd9394939458d39a53b9d8bad4d1ccc1e46b3378cc4cb4a8adea6c2,,2,val
IMG_20250908_105926_jpg,train,640,640,2025-09-08T10:59:26,0.5kg:1;15kg:1;2.5kg:1;zacisk:1,21f99a92dcded27757e4fe25d7bf10ad21dfafdce71b3e0000d47690032a7ee6,ce699b2499b3649b3326ccc39a64619b9933c6d9c6cc64b264e79b1963996c66,,9,val
3.jpg,train,640,426,,1kg:2;2.5kg:1;20kg:2;25kg:4;zacisk:1,2b86499be8722ef25b7108f1436e9638c9d0413815b4305fb76e116167851bf1,b33c4c084cc713b3e2806cccd938ce55913ac6c32b9965e76cdd761819b7becc,third_party_press,,excluded
IMG_20251106_140554_jpg,train,640,640,2025-11-06T14:05:54,15kg:1;2.5kg:1;2kg:1;zacisk:1,1d98944aa8adaeb8ecfe7a004990925cc00c6c9ac66643d07e3aa27403da2808,cc67cce7739c3318f3199bb10ce622cef0d99e330e664ce6f2319399091c698e,,16,train
IMG_20251106_140258_jpg,train,640,640,2025-11-06T14:02:58,15kg:1;1kg:1;2.5kg:1;zacisk:1,3691dd5b6845b75fe43b07f0417587c0fca127631082f88f7f4b97809ad20d18,dc66cce6311d339df3339b3048c0664ef4a48d334cc76ce6f64c9339199b29cc,,16,train
ZE_153.png,train,640,526,,15kg:1;25kg:1;zacisk:1,fcea354ed4beb2c73f9eca6eccae23afb50e7fbed457602ab6cae96f1bbaca3e,e7181aacec47930128c6f4f7bb192c0367cc5318b4803d7b60ffc71a3f0e2ce7,third_party_video,,excluded
IMG_20250504_203631.jpg,train,480,640,2025-05-04T20:36:31,0.5kg:1;2.5kg:1;20kg:1;25kg:1;zacisk:1,25d657a3e0daef0b0f702d403122db061e416ec29b642491e3bdba787997f3cf,e524a96d9abb9432365b1edbc651365a189a85b40679c1163dff3efbc5046344,,8,test
IMG_20251009_134255.jpg,train,480,640,2025-10-09T13:42:55,1.5kg:1;10kg:1;2.5kg:1;zacisk:1,a317ad5a92153695a5bf288434ab79a929d88dc06e270c13af7f7e835b9a5e38,c25ba01ebd06cd2d62257a11a4b5ce636a6f279126a54ae34a677fc26226cafd,,13,train
IMG_20250501_190136.jpg,train,640,640,2025-05-01T19:01:36,25kg:1;2kg:1;5kg:1;zacisk:1,349028e8357f8f70dcba6ac04ccb2dbf47b40bdfb1e31a8d8b78de7d94fdc909,e135b25aceceb23378c68c64f319b18e16d3af30d8ccb16706528e46f981b9e5,,2,val
IMG_20251107_101800.jpg,train,480,640,2025-11-07T10:18:00,0.5kg:1;2.5kg:1;20kg:1;25kg:2;zacisk:1,de7655f03aa698d49a826099e7b5c0921c3427d11e164a9c2594e02902ee3b3d,81dfc3c7ce0678b8b03ef43f6cca3228f07a15389f006e2b71a295c0037f7e2f,,18,train
IMG_20250504_195158.jpg,train,480,640,2025-05-04T19:51:58,1.5kg:1;10kg:1;2.5kg:1;zacisk:1,8d729a2dff4c93c4f3f627cc079980f4a8968e45c84b731940eb9039654d4229,d1229bfd096632222cd964d93f33c47e1b36e4494296b904aa74cf67f5087bb6,,7,test
IMG_20251107_104518_jpg,train,640,640,2025-11-07T10:45:18,15kg:1;1kg:1;25kg:3;zacisk:1,e0040900eae59f8e246b75644cb68a5192b062ccfea49e44aec1b9856f9f698c,e729d2c39bca6b291acae0ae08c7ad75e571479267a1587ac29eabacb7856103,,19,train
IMG_20250501_191424.jpg,train,640,640,2025-05-01T19:14:24,2.5kg:1;20kg:1;25kg:1;2kg:1;zacisk:1,d03877637abe453b7b17fb48809bee6d1e303d06f470ec7f7aa57b36ca71ac7f,a16bed3ebdae34c13884578066f871efe2608a755da6072afbf26e944321583a,,2,val
IMG_20251107_113649.jpg,train,480,640,2025-11-07T11:36:49,1.5kg:1;10kg:1;2.5kg:1;25kg:3;zacisk:1,11f828254717f5867aa77766bb4bb16f8e574f5dff38e839478cfa02f0b93ffd,e4be8cae55aef5412555e751d212cddee007e1771fe798e19260126892683fe8,,21,train
ZE_93.png,train,640,386,,0.5kg:1;15kg:1;25kg:1;zacisk:1,c50fbcb1f16d738555a68a7b4e1e459ee66b1da1bbe4191ed5b466281109d0b2,d19c4c673331b39c5c43cc464e63b988175cf31c4ce3c89e466733679b2c1bbc,third_party_video,,excluded
IMG_20251107_112246.jpg,train,480,640,2025-11-07T11:22:46,1.5kg:1;10kg:1;2.5kg:1;25kg:3;zacisk:1,cd11f80b2bcd657fd46f4f26f17c830148220fee1c64ec74dba633b963d781e9,f200c19288a32feb73acc3afdaff7f750d44c9170e5902005644c9f62b065eff,,21,train
IMG_20250501_185757.jpg,train,640,640,2025-05-01T18:57:57,0.5kg:1;25kg:1;5kg:1;zacisk:1,50cf6060441621cc5bd289519d889ed36dbebeac2d298bf866f913db99ee4272,e135b24bccceba3279c6ade6f319b3361cc32f31ccccb1a60e530e626989b1a4,,2,val
IMG_20251106_140545_jpg,train,640,640,2025-11-06T14:05:45,15kg:1;2.5kg:1;2kg:1;zacisk:1,8584652b89cb01dbd9b49705c3925d8f9871e1f320d666e11a0d24b225a897b2,cc67ccc7739c3318f3191bb10cc6a2ccf0d9ce330e664ce6b3b9d39949bc0986,,16,train
IMG_20251107_102002.jpg,train,480,640,2025-11-07T10:20:02,0.5kg:1;2.5kg:1;20kg:1;25kg:2;zacisk:1,ea564e52561abbc57e684882b436e2d1b3bc7bcade3882772e23169713de9300,a539b0d19ac635a66425eeb5759258ca9a5a13da9b19d5350ca57d47e456aad4,,18,train
IMG_20250501_190006.jpg,train,640,640,2025-05-01T19:00:06,1.5kg:1;25kg:1;5kg:1;zacisk:1,7a599f59a38b60ee66ab6a100fd5d92d99c0d41a9550ddf98c9675af446b6039,e24aa2665cb5ccc334bdd9993d99c066b253413536ec1cb6e352b25ad1803dfb,,2,val
IMG_20250501_190845.jpg,train,640,640,2025-05-01T19:08:45,1kg:1;2.5kg:1;25kg:1;5kg:1;zacisk:1,e68d025fc91d318d19b464125ae00c916c9fccf8de735f829bf42f6ae73f91cd,84b5ecb93c93308a7b8a5172e177c913ab5a1999768bb26eb40b5713982db7c1,,2,val
IMG_20251009_134629_jpg,train,640,640,2025-10-09T13:46:29,0.5kg:1;10kg:1;2.5kg:1;zacisk:1,7cf532bb82b1673c5a984c0cdf62149014094e1dd1893acd87f6a09c09a71eb6,cc66993699996679cc66cccc33363399c663cc6c64c96733cccc9924333333b3,,13,train
IMG_20250501_183423.jpg,train,640,640,2025-05-01T18:34:23,1kg:1;2.5kg:1;25kg:2;zacisk:1,c5ca6c97758dce12872e14582eb20a9c15e4d4b55a071ce4df8579d75f7f6cb8,837685a99ca9219c78998370c3383f6f7f3b9b1183f13d4f4c2282f61adc2c79,,1,train
IMG_20250504_193930.jpg,train,480,640,2025-05-04T19:39:30,0.5kg:1;15kg:1;2.5kg:1;zacisk:1,372346f9dc7744efccbc80f4b60dfb7eff0c9c32f0409d831656e33f21ba7fb2,d55a9d640a64bebbae990eb8c4f33e5d0a9d84331b2491cd28e62ad5d51b7326,,7,test
IMG_20250504_204615.jpg,train,480,640,2025-05-04T20:46:15,1kg:1;2.5kg:1;20kg:1;25kg:2;zacisk:1,add3956ef48e9f4b8a69d9548cea6a27c2fcb9d1eeb55f340d20b70e5be8217a,84cacc9998dd3ddf65dcde01e3208fa40fee3b2e98667043d172466286b53e3a,,8,test
IMG_20251106_134824_jpg,train,640,640,2025-11-06T13:48:24,0.5kg:1;10kg:1;2.5kg:1;25kg:1;zacisk:1,82fcff97ca408409e2d79f11de37d53e478977dd533927711da91255c5d25217,f5529bb6992ef0d20b110651f4e12e8e2aaa5ba93b3a19be2bc4fe5730550e99,,16,train
IMG_20250929_122612_jpg,train,640,640,2025-09-29T12:26:12,0.5kg:1;2.5kg:1;20kg:1;zacisk:1,aed87a1cf2dfec655ec6005a223c13e194b656c768c193f571885817845a7eef,cc64993399b166cc9933cc679b366399ccdb64cc6639673364c6996466c93196,,10,train
ZE_134.png,train,640,469,,25kg:3;5kg:1;zacisk:1,a80303fe5c81033f7f21c53044252e80d0dd85383f088a1ea37ec9d46513d916,fb761ddda601a2068802fcc626cdd2055b062db7367f76491dcf0dbe7780f224,third_party_video,,excluded
IMG_20251009_133238_jpg,train,640,640,2025-10-09T13:32:38,1kg:1;2.5kg:1;25kg:1;5kg:1;zacisk:1,86a0f03af3a1286323faaffee9dc2ad8284a887c75f0e292ae950f3b15eb9300,9a699b249b6666739b24ccd99b6631869324665b64cb6498663b9b196d987ce6,,13,train
IMG_20250504_210449.jpg,train,480,640,2025-05-04T21:04:49,0.5kg:1;2.5kg:1;25kg:2;5kg:1;zacisk:1,57f2b2c292359ccd980344fae7d3e754edd1dbac18dccc2417d9d3118d7ead86,81168d368eec8e0b3f3a0edd93c511390e5c258671b76d6767aee9b2c030f09f,,8,test
IMG_20250504_210903.jpg,train,480,640,2025-05-04T21:09:03,25kg:1,83a13af591e17a6b3ce7982ab4b2288118e8e49b039561ae55d884fff476cd60,95ed8078bb6833a6a3368216f575bc427ea968a974db449d8f5cd924736a7023,,8,test
IMG_20250929_121145.jpg,train,480,640,2025-09-29T12:11:45,0.5kg:1;20kg:1;zacisk:1,6e76b7228521f721d464eb0ffd68714254b01652f80f72db61b11fe6c324e78f,aca19673deffd8ed5a439e7ac8d1e901fac8639065b06585b528678a24916b55,,10,train
IMG_20250504_193944.jpg,train,480,640,2025-05-04T19:39:44,0.5kg:1;15kg:1;2.5kg:1;zacisk:1,36ec11165ec3691d9082c0d569cbaedbbe3c9078fe2603f5992dc692ffade6eb,d4a99d3a0b76ae9daecc0edec63d2f470b4687181b1291e62073665ed4a879b1,,7,test
ZE_5.png,train,640,387,,10kg:1;1kg:1;25kg:1;zacisk:1,dbbdab7a77643c599537954dc91b152b3012e2df7df606bcacf286982265f8d2,d31c06e21c4e67b9731cd7e2b81804e64e47303e84f07b9dc31bb93c85e32ede,third_party_video,,excluded
IMG_20251107_102018_jpg,train,640,640,2025-11-07T10:20:18,1kg:1;2.5kg:1;20kg:1;25kg:2;zacisk:1,69ac189845445414d37866ac524bf7b1498f17c81106122de962175c82117cbb,f967cd980c92727db364332348934c998d4d934f4cb36c371564d16c4a9b5a9f,,18,train
IMG_20251009_124105_jpg,train,640,640,2025-10-09T12:41:05,0.5kg:1;10kg:1;2.5kg:1;25kg:1;zacisk:1,54b5d84c0915e99396f68f3f5dc6dce8406f32d811bc7f92c8548608e74821ca,965a9b299a6d64f69329c6de9a6d3cf1b30c66926496698c6632961b699e192d,,13,train
ZE_73.png,train,640,481,,10kg:1;2.5kg:1;25kg:1;zacisk:1,c6096e74685044fc8a63df3084d30c80eb35dea810ac196d72c7357e975fab02,96b2233a91687a4dac441c87ab836987a76fdd6d0b49d3cbe287af0bd4214f58,third_party_video,,excluded
IMG_20251106_141003_jpg,train,640,640,2025-11-06T14:10:03,15kg:1;2.5kg:1;2kg:1;zacisk:1,59e765dcfd0b7a0a643ee82d51a56a4340a1b375e29184e4971144336a524888,a92649366c9936d8b64c0e690e79377097738e652d377913f2d2d2c65813cd87,,16,train
IMG_20250501_183051.jpg,train,640,640,2025-05-01T18:30:51,1.5kg:1;25kg:2;5kg:1;zacisk:1,711f27cd10eba5df7f53a66b1a7ac3d1d7fa8914d8df43cd331ad73950c7c572,87368f8f4cc9e8a367e668b1e2196f59c8c73910e73db1113173f93d99003363,,1,train
IMG_20251106_140419_jpg,train,640,640,2025-11-06T14:04:19,0.5kg:1;15kg:1;2.5kg:1;zacisk:1,f64694a797fe564bb27947a0fee4bb1c2ba65faeb81367769a7b7aa780e8444a,b336c9696ec93212ce4d36cd19b3261cce79cc6639363133f6ccc6cc06612db3,,16,train
IMG_20250929_120351.jpg,train,480,640,2025-09-29T12:03:51,0.5kg:1;2.5kg:1;20kg:1;zacisk:1,832e544c92a5590a0f8da1e7965b755fce2a539cb621790e904118e8928ecf2f,8ca8a7101f33c95d5a609e15ca8a8f299a60db164edf60e89d2ff5fe349468d6,,10,train
ZE_187.png,train,640,476,,0.5kg:1;25kg:2;5kg:1;zacisk:1,7d2b7c468fa3013a9e122b0e28ba78abe39cb93bf5fa11cbaba5650977dcf24a,f33d27c3dce03c0c9ecda9c340ffb71833154ce4b318005f4920ff870cfd20fe,third_party_video,,excluded
IMG_20251107_101758.jpg,train,480,640,2025-11-07T10:17:58,0.5kg:1;2.5kg:1;20kg:1;25kg:2;zacisk:1,28f3fcb786c7a2c5f5fc349685c1727154f3bae2f0e1575db4876d58ab6b4953,fe3a8e3899a419c0667b2782810ff80f38691960fd06f713a3e397ab1f3a6e32,,18,train
IMG_20250504_203715.jpg,train,480,640,2025-05-04T20:37:15,2.5kg:1;20kg:1;25kg:1;2kg:1;zacisk:1,2fc3b7f5b3de6ed7bf56a656f56882925fed1660ba19316f9305d60e0b360a32,a125a8699cba903634f31ef3867736f9189a85263673993c3fdc3eea8125624d,,8,test
IMG_20251009_120659_jpg,train,640,640,2025-10-09T12:06:59,1.5kg:1;10kg:1;2.5kg:1;zacisk:1,dab27dda3546cb009a69379c90d323a856c689cced131a0bce88b6eaee1b6e34,ce399b66998731993366ccf3ce3865933333ce4939cc6d92cc639329c7389924,,12,val
IMG_20250929_122259_jpg,train,640,640,2025-09-29T12:22:59,1.5kg:1;20kg:1;zacisk:1,575d7239d87139821721b229fa0b5f8a7de3a19f92074a36e42a8b6810d075f3,cc649b36ccf366999993cccd99316699cce6664c332c66634cd3996c66643393,,10,train
IMG_20251107_112313_jpg,train,640,640,2025-11-07T11:23:13,1.5kg:1;10kg:1;2.5kg:1;25kg:3;zacisk:1,25d92f479ea45df7fa0cd338207b0f908d4cfbca1bcc646fccdc47c9b3749002,d792cd936b69226cb6d8165449b649a5c549b64a32966bb7c569954b16da7a94,,21,train
IMG_20250501_190940.jpg,train,640,640,2025-05-01T19:09:40,1.5kg:1;2.5kg:1;25kg:1;5kg:1;zacisk:1,bc0b8343e1527cafccfa9f51759a520454e94c754a894257d10519e9ef2008db,8525edbb3c93708a7b8a5362e177c137cb524919549bb266f81b6613983d34cb,,2,val
IMG_20251009_133446_jpg,train,640,640,2025-10-09T13:34:46,1.5kg:1;2.5kg:1;25kg:1;5kg:1;zacisk:1,1eb26b9730adf30bb46dab4e9d5b074edffc6c1626459de4c9ff37edaecb4993,ce793326cc6632cfc339ccd939a3664c4d92364b4c9b649c3363ce59333c49a6,,13,train
IMG_20251107_111611_jpg,train,640,640,2025-11-07T11:16:11,15kg:1;2.5kg:1;25kg:3;2kg:1;zacisk:1,d5f20a7cd4b0b652e714990447ea6d63b79cf98721fe7ee7a76aa29cdc2608f7,ee6698d633916f29a13c613d99c3384e9e7ee6a51ec61ac29839889daba51ac3,,21,train
ZE_40.png,train,640,531,,15kg:1;2.5kg:1;25kg:2;2kg:1;zacisk:1,c7660d4325ce021d97aa8524dd521f765bff1837c653192c030232c8a6a1f147,a6cd599cd937e6cb999a88a2cce388baa6b38733331c731cd514a75488dc8ce5,third_party_video,,excluded
IMG_20251107_120707.jpg,train,480,640,2025-11-07T12:07:07,1kg:1;25kg:4;5kg:1;zacisk:1,873c22b49c329405d218d11d74943a72da5482d280b437f039723ee7c2dcb8f7,f3c6c49ccc58717df1769d50df7c374204140f48b34d45417c9833da9e5b447b,,22,train
51.webp,train,640,480,,2.5kg:1;20kg:1;25kg:3;2kg:1;zacisk:1,1ce9188ceee4b4a450741f8d958f81fb9c1e150f9e959133cac753954dcd8f2b,c187316b2c6835ab3e1d4a4e41a470f4da846bb9b24bb217c8e5d1fa2d953fc9,third_party_press,,excluded
IMG_20251106_141113_jpg,train,640,640,2025-11-06T14:11:13,15kg:1;1kg:1;2.5kg:1;zacisk:1,c1d1ce9b6ce84341f15ffeef034c515fcb6b178fcf1aa5588e56db3ff10a55bc,e665c9e34de366c1f2c326ccee65e3459d8c8327393331b34892fc54f8e80ce1,,16,train
IMG_20250504_203900.jpg,train,480,640,2025-05-04T20:39:00,1kg:1;2.5kg:1;20kg:1;25kg:1;zacisk:1,24448810f4eddfbfbde6f2cf1894d7876fee14db8f2743426d49f1a310c34abc,8524be2d9dba9a1ab6558df4d60985de1ac9859226395997a5ff3a8fc5147205,,8,test
IMG_20250908_105929_jpg,train,640,640,2025-09-08T10:59:29,0.5kg:1;15kg:1;2.5kg:1;zacisk:1,150c0db02da202f7d6a46c8fa5ce11bbf272e117bd47166182131819febf8f43,ce699b2499b3649b3326ccd39b6461999933c6d9e6cc64b2cc639b193199cc66,,9,val
IMG_20251107_104448_jpg,train,640,640,2025-11-07T10:44:48,15kg:1;25kg:3;2kg:1;zacisk:1,32064f8fc7aae1f7788f22a6b5bffe3998990205aaff00051ae251859da863d9,b1e18bac875e35e14f24b4fb845f4b25b0f801ec33e1db1e413e81c9df037a98,,19,train
IMG_20251107_104511_jpg,train,640,640,2025-11-07T10:45:11,15kg:1;1kg:1;25kg:3;zacisk:1,8a030687b95bcf5d905f56195bed4a5adc74673e4453cad0e620889ecf07fe8e,a739965692de671d1a56e19808c0ace1a5255617272d58e2d2fae2a4bf63677a,,19,train
IMG_20251107_120703.jpg,train,480,640,2025-11-07T12:07:03,1kg:1;25kg:4;5kg:1;zacisk:1,d830a5e10eb8f991b183104efcfd991f825c1730317b51dc653ba34486384ecd,f1e0c6cf8fcc6bff33f186dbcf9e31749771ce0d62ea4808400af141915f804e,,22,train
IMG_20251107_100947_jpg,train,640,640,2025-11-07T10:09:47,1kg:1;2.5kg:1;20kg:1;25kg:2;zacisk:1,28b04640ff98b1ef68b3ba5e41ce5ab9ed19ffdc70739a07daa64b3e023cd294,f8644c1acf1a7064f74c336222922c899fcd8f9f4c9a48b2b165f44dcbd87af2,,17,train
IMG_20250908_111437_jpg,train,640,640,2025-09-08T11:14:37,15kg:1;1kg:1;2.5kg:1;zacisk:1,9d0e68665cb5484d5799222c610ca64a56702b8316c8ccbd6f63293a9101ba45,ce699b64993166993326ccdb9b2c619b99b3c649639c64f3cc639b0c3199cc66,,9,val
IMG_20250504_203748.jpg,train,480,640,2025-05-04T20:37:48,1.5kg:1;2.5kg:1;20kg:1;25kg:1;zacisk:1,a0bf1113176f5a79e80c6d46df6fe7443bd031e0b99547ce96db13247fd205cf,a125a86d9cda903634d31cd386773ef318caadb2367189b63fc87fc98124626d,,8,test
ZE_224.png,train,640,510,,0.5kg:1;2.5kg:1;25kg:3;5kg:1;zacisk:1,4ebcec00a8804e00de44ecbc3a8b2662f5a9dad2f8860e90f8b6895521aaa2d6,e72d85291433823f1b981dcacf811287ac4e6f422383e581738ba46fe6eff387,third_party_video,,excluded
IMG_20251106_130032_jpg,train,640,640,2025-11-06T13:00:32,0.5kg:1;15kg:1;2.5kg:1;25kg:1;zacisk:1,7f91ce89aa5e7fa25a21b8bf8407eb83cb5048313230b47f824268919d252644,8dcdd96d2a3662b3f323e44a483c4ccbec55d15859cd2865e4394b2b47a7a633,,14,train
IMG_20250504_204458.jpg,train,480,640,2025-05-04T20:44:58,2.5kg:1;20kg:1;25kg:2;2kg:1;zacisk:1,252810484654a024cbbac46b9633ee4c966c6119163b4e57f1432dcadbe57548,84ec8e0c984f25e3f1ff8bb1fbb38ab43a333b0178397158833da395bb943888,,8,test
IMG_20251107_112208_jpg,train,640,640,2025-11-07T11:22:08,1.5kg:1;10kg:1;2.5kg:1;25kg:3;zacisk:1,30324359ecddff90f0a55c6f815938069e9d35a5dc06c5f7fc365b42a2fe3572,f0b6cd962bc93479b2cc366ce8b66d33c54b964848967b26054ac559ce974a97,,21,train
IMG_20251106_135923_jpg,train,640,640,2025-11-06T13:59:23,0.5kg:1;15kg:1;2.5kg:1;zacisk:1,d4dab62da0d527bc1a164ffee3ad9bde589f5038e9d4866b8f4af097b8a44d44,95b7599b36dda6cde676e64ec84a234e0bcd4b6449e63992bd08fe494b180d18,,16,train
IMG_20250929_121555_jpg,train,640,640,2025-09-29T12:15:55,1kg:1;20kg:1;zacisk:1,f7f4563fa5639aa902b0cbb04231879a2ecfe283a3e984f6886be51b9ec3f65d,cc649b36ccb366c93993cccd993363998cc6cc4c333c3333ccc69b3466693996,,10,train
IMG_20251107_101204.jpg,train,480,640,2025-11-07T10:12:04,0.5kg:1;2.5kg:1;20kg:1;25kg:2;zacisk:1,5f230b673c621296dd8c4958e43c382c562cf5a04066e1cc5f8f44ab872bcb08,de3fc23bc980d9c211c36710e61a6cc384b0f26776738e9a09d2e63db6b5d896,,17,train
IMG_20250504_211025.jpg,train,480,640,2025-05-04T21:10:25,1.5kg:1;15kg:1,588b88f6f1acf25bb730a91feeef0f68508b0a86f189de3dcd06ebb5aed752ba,954896d5b2d6336e836e8225ed4cb88d7e0b689b64b34c3a8cbdd96d7340714e,,8,test
IMG_20251009_134618_jpg,train,640,640,2025-10-09T13:46:18,0.5kg:1;10kg:1;2.5kg:1;zacisk:1,be9b628cc802c36c39a0805e21b0cdc26eebee81d28bde9ddc91e55f57e090cd,cc66993699996679cc66cccc33323399c667cc6c66cd6733cccc992433333193,,13,train
ZE_213.png,train,640,551,,15kg:1;1kg:1;25kg:2;zacisk:1,3f46137131ad565b025bff5ac56c2dadec4b69a62dc66e5162b16087588949a7,f18d0dd2c6761b7a6c4c9803299247ede1af920f4c34d340e1640cf97b3fb78e,third_party_video,,excluded
IMG_20251009_134409_jpg,train,640,640,2025-10-09T13:44:09,10kg:1;1kg:1;2.5kg:1;zacisk:1,12166407f34689f2629b52e53900f329750c242f51aada98ec1be493903f13f4,ce6c9b64999364db3266ce3bcd18318e3367c6796498659966639e66999231b1,,13,train
IMG_20251107_101822_jpg,train,640,640,2025-11-07T10:18:22,0.5kg:1;2.5kg:1;20kg:1;25kg:2;zacisk:1,2e3bda0232f73cd542a4b4cb792b17fb5ba91a9286378010ede3b7c8fd22f17b,e0c7c13fc9be09fffc01f8c09e40608269f713ff3049ba003fc6d4c74c174f3c,,18,train
IMG_20250504_204321.jpg,train,480,640,2025-05-04T20:43:21,1.5kg:1;2.5kg:1;20kg:1;25kg:2;zacisk:1,1fd46c7caa8b9d4789be10a9fe28d8b0de40817af278e6627c2e003806923dc9,86d6a3f0992903c026d63af5fbffbcee51bd0b006aa066c4983e713d825d1fa1,,8,test
IMG_20251107_105012_jpg,train,640,640,2025-11-07T10:50:12,15kg:1;1kg:1;25kg:3;zacisk:1,8520950e2d0b16636455bda782f78e4e7a3620333ea2d3ef2ba466955d860f29,e7399ef398ce543c1af0e78f1be7ad78ef385431a521dac3d606a00cb0412fc1,,19,train
IMG_20251107_113351_jpg,train,640,640,2025-11-07T11:33:51,0.5kg:1;10kg:1;2.5kg:1;25kg:3;zacisk:1,72f0dfd39a46935bfb033d25b1ba90a6fd6cf27c5aab73f92e0d89359a3574d5,ff00c9decfc330cca0dfb0ccc17e698b8336921aa53bc9369b12945af87ca8e4,,21,train
IMG_20251106_134944_jpg,train,640,640,2025-11-06T13:49:44,0.5kg:1;10kg:1;2.5kg:1;25kg:1;zacisk:1,233c7736c92298b918d15a56a8778b4beb388b3b77f2e607415936ebe7adc550,e1e0ccbd63ff3f97d357c102e800d5c0d4a8dc249c35dc6d9c2b9e455e634545,,16,train
IMG_20251107_095513_jpg,train,640,640,2025-11-07T09:55:13,0.5kg:1;2.5kg:1;20kg:1;25kg:2;zacisk:1,b28a27dd482a8a45323e1047d7f737e2baabfe778bedb3b005c7c44c64e42409,fde24fda4d997066d706336220a90db91774c75978a9cd989765a7454a995aa2,,17,train
ZE_126.png,train,640,523,,2.5kg:1;20kg:1;25kg:2;2kg:1;zacisk:1,e308acf99b36c367db641de75ecd3121a041d650180bea6d5fcc616088d37002,f2f8d479209760023f051f4f741f4c2dd52cc9745a3c447af4adb6b86b5a61b2,third_party_video,,excluded
IMG_20251107_105018.jpg,train,480,640,2025-11-07T10:50:18,15kg:1;25kg:3;2kg:1;zacisk:1,05fdf58111fa3461696a026bb11c697ea450164c43bc2b66a19dc2dd949a31e5,91fb9d00cf8efd1e3d00747e95c099596602c44671f55b81d575a660e6f8c717,,19,train
IMG_20250908_112500_jpg,train,640,640,2025-09-08T11:25:00,15kg:1;2kg:1;zacisk:1,d32194118ac8a820de3272cc4e7617ec253e9e2d862cdc2f6c9280ddd8388d20,cc649b26cc71669933a6cccd99306799ce66cccd931963338ccece6c663139a6,,9,val
ZE_157.png,train,640,448,,25kg:2;5kg:1;zacisk:1,6823373eb6ff15dce63bcce634a5f71ac5b41c8ec05ac50aadd6ff3ea793ed20,f31d06b79e673f0248cf95ff7c60823fb3994ce2d11a84064cc0c3fd9cee1446,third_party_video,,excluded
IMG_20251107_112242_jpg,train,640,640,2025-11-07T11:22:42,1.5kg:1;10kg:1;2.5kg:1;25kg:3;zacisk:1,19b868c1dfd9ad4a0c30e13482fcf44323b8826a009f17100fa98323b2a477e4,f4f6cd934fcb7478b6cc3664c9a44993855b9749cc962996216af549c6944a95,,21,train
IMG_20251107_104456_jpg,train,640,640,2025-11-07T10:44:56,15kg:1;25kg:3;2kg:1;zacisk:1,b4f7005d73ea15cb309c3a337a9ff9cca260de87ee52411ccb6b854f8b797656,f069ca0ece8230c9492db6f986ea482cb6a8502a70699f0cfed8ec5b5c3f7eb8,,19,train
IMG_20251107_113339.jpg,train,480,640,2025-11-07T11:33:39,0.5kg:1;10kg:1;2.5kg:1;25kg:3;zacisk:1,e4a4e53d110de5d6bbd0a1c6f355cb7609a8daada5541a73e6167596b585a279,f246c4060c0f330ec3178d933665e244bb5e3d42e992be6d766cc5ba6122d4ff,,21,train
IMG_20250929_123311_jpg,train,640,640,2025-09-29T12:33:11,0.5kg:1;2.5kg:1;20kg:1;zacisk:1,295af88e8414a897eb88a8f6ae203d2013b199f6c72688816f6ef837665bf6a1,98649932999966d9ce65cce699b66599ce6cce4d9a6c319e8c648c6c993139b3,,11,train
IMG_20250504_210307.jpg,train,480,640,2025-05-04T21:03:07,1.5kg:1;15kg:1;2.5kg:1;25kg:2;zacisk:1,b9875c7d2517ed68b676d62e975c6c054c375c148a8984dbb5a891026bf6237c,8d3a911fb2959e996146b226a99939e836747c9ecd5a07504b815f8fd64ecc3c,,8,test
IMG_20251107_100113.jpg,train,480,640,2025-11-07T10:01:13,1.5kg:1;2.5kg:1;20kg:1;25kg:2;zacisk:1,ec7e83e4fec365c61d22147e297e5b3943416fa36aa4348a2a96707b3122efb4,d93b85cd43c43136371283cb783d4c8c47f29b33cb4d6ac15793d5a6702c6e59,,17,train
IMG_20251107_100200_jpg,train,640,640,2025-11-07T10:02:00,1kg:1;2.5kg:1;20kg:1;25kg:2;zacisk:1,415fae469098eac57d86e5602732b17ad174a8754481a0654ef1ac141dc0267e,a599b498d66662e69bca672dcf1454f3847111dc799c9a6aae23d21a5b8654c7,,17,train
IMG_20250929_124023_jpg,train,640,640,2025-09-29T12:40:23,2.5kg:1;20kg:1;zacisk:1,0b88f9f6e1c7d0310119705a776cb1ccd05674fd6da215e0169f4c2bc776b381,993199b3999866cc9e65cc63998666c8ce6dce6498e4399acf319b2499e69996,,11,train
IMG_20251107_111701_jpg,train,640,640,2025-11-07T11:17:01,15kg:1;1kg:1;2.5kg:1;25kg:3;zacisk:1,5a9bb244442a0805ea3d9e38b637586ec3794fc9605ed0b59c1bac32bba3a63e,ac73dad233902d69e30c252cdbc31e1ad871e5874f8f8e5a90b1902757c67fc8,,21,train
IMG_20250504_194451.jpg,train,480,640,2025-05-04T19:44:51,10kg:1;1kg:1;2.5kg:1;25kg:1;zacisk:1,af2c3967204d4212479d20434d97b5413bbfa93ac7ee8d215866e2ab69009a05,85109aed9ce99632adb68db41e3785711acd851236b52947a4f77bccc51032ef,,7,test
31.webp,train,640,354,,0.5kg:2;15kg:2;2.5kg:2;25kg:6;zacisk:2,f1c8d6822963af21255643466edb2dd488229296cbf79f95b244627afaa6b62a,d330c3b38ccf5e96b4cc3c9ef0cc60ca43cac33307a3ce73833333e3c8b392b4,third_party_press,,excluded
IMG_20250908_112740.jpg,train,480,640,2025-09-08T11:27:40,0.5kg:1;15kg:1;zacisk:1,890678a438b355ced6e666b2482724e3ed70dcbca45d1393d567fff2c2fef511,8ea9a14f715f24ab35dbb4c919a0d8954346db22c69ef84531dff0f9b22121d3,,9,val
IMG_20251106_130129_jpg,train,640,640,2025-11-06T13:01:29,0.5kg:1;15kg:1;2.5kg:1;25kg:1;zacisk:1,051c5d2693364d1b1c9d3a82bf760639741bdd19293f4c3992d806497632e6e4,9dd9dbd47ee6b5b0f720240008837495f49ba1290b29194ce4c2e4335f3d1fff,,14,train
ZE_181.png,train,640,510,,2.5kg:1;20kg:1;25kg:1;2kg:1;zacisk:1,121f4468e70656d6c311847804c13b52908438e48fe0f9322dae5b7ef8115569,a330f0c5ccdaa733f18c1cde0ca969f1814fa6b0df54612f18f96188ba6fb465,third_party_video,,excluded
IMG_20250504_203613.jpg,train,480,640,2025-05-04T20:36:13,0.5kg:1;2.5kg:1;20kg:1;25kg:1;zacisk:1,52e93901dd8f3f436b9b0e26164e716614e874cce6c24aa3c09ec3cb3dc93225,a105a96d9eba9432365b1efb867136f8189a85341679d9143fff2eebc1046345,,8,test
IMG_20251107_111549_jpg,train,640,640,2025-11-07T11:15:49,15kg:1;1kg:1;2.5kg:1;25kg:3;zacisk:1,8c0564cf40cd427eefa9818c508b0ef35e50b5069d12f30cbe665c3b9cd19571,f2fa8f9e8f4a70f84db07d0ad4387d21a06983c075161f0c2a5fc65b872f0e3d,,21,train
IMG_20250501_182827.jpg,train,640,640,2025-05-01T18:28:27,0.5kg:1;25kg:2;5kg:1;zacisk:1,345aea79118219d67f2399828d218ba4280876133fc0b6f2dd249a7bdb6ab743,a7368f5d9af9b28a1b89d2f1a5150bae64a25971c716394bdaab6a20b26f4447,,1,train
IMG_20250501_190943.jpg,train,640,640,2025-05-01T19:09:43,1.5kg:1;2.5kg:1;25kg:1;5kg:1;zacisk:1,9124785c7a25bdfe764f3efb389bc90d3810703d7b98df56a56bd060c3083999,8535ecb33c93708a7b8a5362e177c137cb5a0919549bb26ef81b4713983d34cb,,2,val
IMG_20250929_123805.jpg,train,480,640,2025-09-29T12:38:05,1.5kg:1;2.5kg:1;20kg:1;zacisk:1,6880a4eec804ca88d29613082429fd831ec3d1804c4bbfeeea715efc505e5ecd,87163aa59ab2657b31e5b27427309b90cb3b656b587fd2d1a2adb20e242981fd,,11,train
IMG_20251107_100005.jpg,train,480,640,2025-11-07T10:00:05,1.5kg:1;2.5kg:1;20kg:1;25kg:2;zacisk:1,c77f7f6ea09b5425585cd96abf063efd0779dd0bb287c6a4f61ac61c1bfa85d8,8c07dd42310ae48d759a93b591b76fb553bac29c64bc5370813bc5bc9eb4d093,,17,train
IMG_20251107_095509_jpg,train,640,640,2025-11-07T09:55:09,0.5kg:1;2.5kg:1;20kg:1;25kg:2;zacisk:1,47885b804d29d12f0e4773f92f0faca84bd3cdd17c5ad5b9cfdedacbba29db2a,f0f24c8fec8b70e1874c3366089b4d95b374c6d970facdb4bf459e4944ba00b6,,17,train
IMG_20250501_190904.jpg,train,640,640,2025-05-01T19:09:04,1kg:1;2.5kg:1;25kg:1;5kg:1;zacisk:1,f3504001ca8eab2c96db1318d775c31cbf22d994824e6a6a362985588ac1814c,9092fc9b3cd938493945c939a53b999bad4d1ccc1ec6b3378c858b4a9adea6c2,,2,val
IMG_20251107_120422.jpg,train,480,640,2025-11-07T12:04:22,1kg:1;25kg:4;5kg:1;zacisk:1,859adc6d0e2b9a728591cee87e78133a21b4b4e5f9371c4e4ca0321a06d25bcb,a492e8f8d269376525a4cf2df2596486d9e3b619a531eb6c524a5bcba994b1a4,,22,train
IMG_20251107_111430_jpg,train,640,640,2025-11-07T11:14:30,15kg:1;2.5kg:1;25kg:3;2kg:1;zacisk:1,61fea4930ba5a51ec05170a0f2ca491f8f5314018adcf6891c1a84ce60390ed3,e72b9ce792d5139cb95c674aa14b2cc61e73047bac7dbc51b850985c18f81af1,,21,train
IMG_20251009_134156_jpg,train,640,640,2025-10-09T13:41:56,10kg:1;2kg:1;zacisk:1,b402a9f6cf84355e4fa3f59c8aa357dc46e906a7d737affdf31b1e2e92d9cc2d,cc619926cc7363993326cccc9933339b66666649dddc6cd931d39e64c6693192,,13,train
IMG_20250908_112630_jpg,train,640,640,2025-09-08T11:26:30,1.5kg:1;15kg:1;zacisk:1,ac7e6aa89f6f9d5f183caccc7a51543c317eb643a10b93e20fac58e9062fcb34,cc649b26ccf166993336ccc99934679b3266cccd93186733cce69a4c663139b6,,9,val
IMG_20250929_123402_BURST002.jpg,train,480,640,2025-09-29T12:34:02,1.5kg:1;2.5kg:1;20kg:1;zacisk:1,3ecb7b86b7e9b540017c1433778353444ab0ddaaa3dce9b2eeb8c4b9ba645ee5,850a3ab5dae3e73a21e5984326f49780cad1c70a6d655c5b68f59b4fba4aa4a9,,11,train
IMG_20250504_210331.jpg,train,480,640,2025-05-04T21:03:31,15kg:1;1kg:1;2.5kg:1;25kg:2;zacisk:1,7dec8e58ab765c4402a71cd57077044626d1cf54d9d34db671495f4270ad4934,8d2b910bb2d59e9961023032e89d2dfd32762eaaccaa07705f9107cfde2ecc3e,,8,test
ZE_209.png,train,640,525,,10kg:1;2.5kg:1;25kg:2;zacisk:1,99ace25319f9b9333b4907b91091f74d9d921e98698ef69116c4c2a142fa229e,f1f20d4dde100e0d6e64adcb303f449eb1a34fd04e66f1bfcc294d90c6e093b6,third_party_video,,excluded
IMG_20251107_101955.jpg,train,480,640,2025-11-07T10:19:55,0.5kg:1;2.5kg:1;20kg:1;25kg:2;zacisk:1,053f36e4a4c71b4f87f27cf48bfe6987e5d90ab1188a24b8fcca494b5bef8a32,a58ea86dd96134b3e694d7d650aa8965996d0144d7aa76952d7556a2ad4358af,,18,train
IMG_20251009_133759_jpg,train,640,640,2025-10-09T13:37:59,10kg:1;1kg:1;25kg:1;zacisk:1,0dc61d471ee47d91b3d24fd226f49565c0e00089a425b5b1ba7a2550e068f151,ce4a9b399e6c658e9b3366539b4c64e5333966da64d36d846638924b67863931,,13,train
IMG_20250504_205136_1.jpg,train,480,640,2025-05-04T20:51:36,0.5kg:1;2.5kg:1;25kg:2;5kg:1;zacisk:1,df6a2649a8321f185cba397837c74ece6c503224eae4f3ff0ba806c33a9a93ea,8e92839191698f9b64e77bf0d8e874f803753a256e89389c687c33650be72f0d,,8,test
IMG_20251107_115716.jpg,train,480,640,2025-11-07T11:57:16,25kg:4;2kg:1;5kg:1;zacisk:1,974daf122bf98e54b842b1c23d8e96094174659eeb089b3421f67da5c5478d0c,e9058d1d8d3d60e4e0e4ffe8f3499e695f49326292e64cbfa8099609749b50f9,,22,train
ZE_47.png,train,640,435,,10kg:1;25kg:1;zacisk:1,8ca4bde07a4fab2a4a4632870893a223cb536fecda1e221f910c997a0b592bf1,b3339ccc8ccceb33cd82cc83f9b1f8a8e00c200f004632663371ffe1fb31ff33,third_party_video,,excluded
IMG_20251107_115702.jpg,train,480,640,2025-11-07T11:57:02,25kg:4;2kg:1;5kg:1;zacisk:1,3abb322c934317f36da5f614f074dc42d8888dcad38d6afa039c094f879e66eb,f8f08b058fa57f79a85a47d270e9807e4922482d85a9a56bad6d25a43db25faa,,22,train
IMG_20250929_123901.jpg,train,480,640,2025-09-29T12:39:01,1kg:1;2.5kg:1;20kg:1;zacisk:1,375cc6af995123aa5e97debdb284361d5c620977ff6c4fd5ed437f57a6a11168,8e79735e95a964c463deb08b6e67962fde754a5459d0d0a8461696f16455a1c6,,11,train
46.jpg,train,640,335,,1.5kg:2;15kg:2;25kg:8;zacisk:2,bd82159ecc39e0a4ebfab2726a47175fe930092cec62a50709934372cd21c4fa,d259e8d7a19e6718a5d21a6d9ba41d83d71866a4f6664e65f4c819665d663986,third_party_press,,excluded
IMG_20250501_191504.jpg,train,640,640,2025-05-01T19:15:04,1kg:1;2.5kg:1;20kg:1;25kg:1;zacisk:1,1f6cc6db45d4c8d7f28c0482d4902d3bc4c109416ddb0cd609463b324423eeec,a12dedba3ca370c27ac25370637fd1b7ea5449925493b27d6ed24335183931c3,,2,val
IMG_20250929_120057_jpg,train,640,640,2025-09-29T12:00:57,2.5kg:1;20kg:1;2kg:1;zacisk:1,e522274cf6a0730157720481cbcfc6980ec3077773528ce9508b43c629ce92c3,9a6d9b65ce3964cd9a6ccc3031b664d6c6d964c9633333189e4e93336db261a6,,10,train
IMG_20251106_141041_jpg,train,640,640,2025-11-06T14:10:41,15kg:1;1kg:1;2.5kg:1;zacisk:1,1fa86125679a5c5c36455e373fc9688e152ba4f64a84408676bf921258c70873,ede7ccee33f83338a1f033b10de656e4d0c98b334ee64cced333d3116a00718c,,16,train
IMG_20250504_204600.jpg,train,480,640,2025-05-04T20:46:00,0.5kg:1;2.5kg:1;20kg:1;25kg:2;zacisk:1,5a9ad3349c6edf6642f52c57300a8ae9c3b7457c234c853c7f63116b14cbd4ed,8ccacc9998dd3ddf67dcde00e3208fa087ee7a4e98667047d3724c6286a43e3a,,8,test
IMG_20251107_112406.jpg,train,480,640,2025-11-07T11:24:06,0.5kg:1;10kg:1;2.5kg:1;25kg:3;zacisk:1,d708d64eb7bdce41ca3f5362ddf1995652fd6938277997498da311c2b7a60a66,a5b354d39a5e6d36c9935b4a65acc5346512914cd94ab7a2c6aabeea3340ab53,,21,train
IMG_20251107_113349.jpg,train,480,640,2025-11-07T11:33:49,0.5kg:1;10kg:1;2.5kg:1;25kg:3;zacisk:1,a361f97d0f0ecfe17509b2c92f05b1ca71ce4dc7b5f17b7002e988510b8533ca,f1e390bc8d9c8c3c33ecb60c963d9b777f32cc33487b206b126e5a0e2c8c259e,,21,train
IMG_20250501_191212.jpg,train,640,640,2025-05-01T19:12:12,1.5kg:1;2.5kg:1;20kg:1;25kg:1;zacisk:1,1c88455117fb6d8c11b2259d8bfa0d170f0341cd2e357183556b2c95e3efd7e6,a16aed767dae708552955245e2e0c364ca7559375dbee27168b4426c987a3457,,2,val
IMG_20250504_211058.jpg,train,480,640,2025-05-04T21:10:58,10kg:1,46ab7cadef82206540af1501c290ac6092c2300e9b1e4d973af16d451f1eda67,95da87c1b2e5336e836e82a5ed48b88d7c0b79da64b14c3a8cbdd92d7340714e,,8,test
IMG_20250504_205728.jpg,train,480,640,2025-05-04T20:57:28,10kg:1;2.5kg:1;25kg:2;2kg:1;zacisk:1,5c7d64f8603fd6bb5efa60f9e6519e4e41cffa9205cb570c3703fb27a185c38c,8c2a863893dc1ee26f183a0ac21f7b8787de76f09dfe6922918f67c52e0a5872,,8,test
IMG_20251107_095812.jpg,train,480,640,2025-11-07T09:58:12,1.5kg:1;2.5kg:1;20kg:1;25kg:2;zacisk:1,0ee13d8382a2a3eac9d71f1321259daf3cf477c06e8b56b3c34cdae9b2f10c8f,e8baf83a2f3fc20c5454b055a7c787c731e547c2860bb55d782cdaaf61027af0,,17,train
IMG_20251009_122927.jpg,train,480,640,2025-10-09T12:29:27,1.5kg:1;10kg:1;2.5kg:1;zacisk:1,561fb73cdb1f06f5eaa2ed446ce368ef4690d2288b5cf2127338b4cd858bd7c6,80a481c9795265c266c67998893976353b329f19b639bb7bbf1333398f30361b,,13,train
IMG_20250929_121748_jpg,train,640,640,2025-09-29T12:17:48,20kg:1;2kg:1;zacisk:1,679dd415e99d0f796ba55b9bfedb51a019314555b6b7b19f9e2f0d649b30000f,cc649b26ccf366999992cccd99336699cce6664c333c66c639ce996466633313,,10,train
ZE_200.png,train,640,481,,1.5kg:1;2.5kg:1;25kg:2;5kg:1;zacisk:1,c3ef599f217a06926b88517cedb9b8678a10aee8d1184d3ec9086a114fd884a0,a6cc59b47333a64bcb984e6c58e671e4a6cda2331f315918d9c6b1c38d315f38,third_party_video,,excluded
ZE_145.png,train,640,492,,2.5kg:1;25kg:2;zacisk:1,93ba14bc77fac364d90caa59974a2219d41d7bdb151b1f5186baaa538a924805,e7051f4189527584ca59af1924361bcc6a0c4df3ebc0d63cc770a7e39bc81ddd,third_party_video,,excluded
IMG_20251107_120616_jpg,train,640,640,2025-11-07T12:06:16,1kg:1;25kg:4;5kg:1;zacisk:1,291198f1b29901d96b5a98527e58e6bb24793b6a2e056d4c887e7b9c0369a3db,a995d6863ce56b4be31f63481a701cb5d1cfe12c4f182d5181ef94be1e946bc1,,22,train
IMG_20251106_135534_jpg,train,640,640,2025-11-06T13:55:34,10kg:1;1kg:1;2.5kg:1;25kg:1;zacisk:1,194e99cb7dd8547d45eb10de98eba7fcc47bf083e2525551d77689c8a580a1cf,aed3d92d47ec3692cc676648193874db3198de211b33193464cce64b5e715d9c,,16,train
IMG_20251107_112206_jpg,train,640,640,2025-11-07T11:22:06,1.5kg:1;10kg:1;2.5kg:1;25kg:3;zacisk:1,77d451df08dd75305098896ee488c8023ad95720353da39dcd474d880c1ed075,be1fcdd10be9363eb6463266dd376991c7cc93684c937993a026e16987484e92,,21,train
IMG_20251107_101841_jpg,train,640,640,2025-11-07T10:18:41,1kg:1;2.5kg:1;20kg:1;25kg:2;zacisk:1,fd6c8240b7b2cb5b60fdab570cf52c1fa17db60794c80f042ef440c763b98e79,ac3499549b8e66abd731e75599d578caafaaa43542941bcabc2b8299723a3d42,,18,train
IMG_20251106_130455_jpg,train,640,640,2025-11-06T13:04:55,1.5kg:1;15kg:1;2.5kg:1;25kg:1;zacisk:1,bbb5254b78050376b8de3b0639d51dd66ae6786cb3d316456051825bad593714,d4a6c539db40eccc9b39011bb0a79b3b6b5e99086c4fd6b7e6a46b5013ff2480,,14,train
IMG_20251107_113424.jpg,train,480,640,2025-11-07T11:34:24,0.5kg:1;10kg:1;2.5kg:1;25kg:3;zacisk:1,1b95092ecec2aa7ad0c7c07710716f2252b107a11755f1c4cac678ead5750cbb,d90dc444e6623323c8d9ccfd2799c666b9702f998cccf9f09733c405277956e2,,21,train
IMG_20251107_101819_jpg,train,640,640,2025-11-07T10:18:19,0.5kg:1;2.5kg:1;20kg:1;25kg:2;zacisk:1,6fc41cd385f69b5d8b3bd5767eb657bd17a3b38fb6bba7aa89e7b095d903835d,a3c08140cfb41bffe81f709f925f00b76ff713c831c8fa983f9884c74c1f4f20,,18,train
ZE_84.png,train,640,451,,1kg:1;25kg:2;5kg:1;zacisk:1,10cb33da3a3483810941e8231efabfe00ac050bb8bf754cb4be16a6a9789e72d,85459157da6e2850a43ca2dacd5255a23aa7a577e3eb3bab99d43c1a92ec485d,third_party_video,,excluded
ZE_198.png,train,640,638,,2.5kg:1;25kg:2;5kg:1;zacisk:1,455dd830a4d4149b716103049b54ca4e281ec08f473de65218da792ae792588c,a9dbbdde3f5c3f5939bb00cf06c5af01ea214a6968d1e09941391338b5b8b338,third_party_video,,excluded
IMG_20251107_095933_jpg,train,640,640,2025-11-07T09:59:33,1kg:1;2.5kg:1;20kg:1;25kg:2;zacisk:1,633ff823c7b436ef356047a3995422b3cc70351a0fef4260cd4c3732fca8c61a,f0e9e1c18f1e706acdbab60590e91f86797ec781b4818f3ef24d8769cc261683,,17,train
IMG_20250929_115558_jpg,train,640,640,2025-09-29T11:55:58,2.5kg:1;20kg:1;zacisk:1,2c2ed2a27e494c8edc76087d9b52892015141581e75a442220a5726afa42c5ef,9a6c9b26993966cd9e64cc3931b66492c65966cc66cb319dce6c9a6c34cb3163,,10,train
IMG_20250504_195157.jpg,train,480,640,2025-05-04T19:51:57,1.5kg:1;10kg:1;2.5kg:1;zacisk:1,23eba2c74da8fa6aca416c7c2e600eee5f407e8436800e2b5fb2ce4e89de3710,d1229bfd096632222cd964d93f33c47e1b36e44942d6b904aa748f67f5087bb6,,7,test
IMG_20250504_194951.jpg,train,480,640,2025-05-04T19:49:51,10kg:1;1kg:1;2.5kg:1;zacisk:1,d7ef40b6a067851a3b5e92ffdf692d9a30d83062dcebb88337678d5cfa915ffb,d120bb750f36a2882ccd6cdd0731b51e3bb6e4491a96c146a2716fe7d4887bb3,,7,test
IMG_20250908_113133_jpg,train,640,640,2025-09-08T11:31:33,0.5kg:1;15kg:1;2.5kg:1;zacisk:1,28449a20df23959da474a5de33aca4ba8ba14c66b8f6af694d6832ecdaa380f2,ce6d996699b3649b3336cc99cb2c659a31b2ccc9924c30f36ce38e4d23993336,,9,val
IMG_20251106_141150_jpg,train,640,640,2025-11-06T14:11:50,15kg:1;2.5kg:1;2kg:1;zacisk:1,e86160574ac6816db5164e8e3292efeb79a1ee54b6140bd5fdc665e395592f91,e0738e3718e439cf3398719cd10462698e7a8f334e630e67bcf2e65b410679c7,,16,train
IMG_20250504_194516.jpg,train,480,640,2025-05-04T19:45:16,10kg:1;1kg:1;2.5kg:1;25kg:1;zacisk:1,9f52561fee061835a4dc32d45a11e0e1f92dc8e6c00398ba36442fd068bdc0d3,806d9c929992846dab69996b3efc89d716b2896d76eaabb9a5885013817f7698,,7,test
IMG_20251106_130552_jpg,train,640,640,2025-11-06T13:05:52,1.5kg:1;15kg:1;2.5kg:1;25kg:1;zacisk:1,85a88f3077173223270e298d3acda4fd371f3254147d2551266cfd55847fbcf1,dd9adb581ecc2cd4d630e488c2a94e9ddcd5ded594aa9d28e9654365523534b2,,14,train
IMG_20251106_140555_jpg,train,640,640,2025-11-06T14:05:55,15kg:1;2.5kg:1;2kg:1;zacisk:1,92ff60cf4dcb9e2d8f098cb73aa02c1415f57d739d553a976bf8d8e38308602f,cc67cce7739c3318f3199b310ce626cef0d98e330c664ce6f271d399091c698e,,16,train
IMG_20251107_111353_jpg,train,640,640,2025-11-07T11:13:53,15kg:1;1kg:1;2.5kg:1;25kg:3;zacisk:1,eb1cedbf607b85341a0bd944ec6228b1139d871acb3a165bf54fba521587b462,f07883aacf0f74788d1234fdb650714f5a707293a5b2cf0d4acfe53425286e39,,21,train
IMG_20251107_120604_jpg,train,640,640,2025-11-07T12:06:04,1kg:1;25kg:4;5kg:1;zacisk:1,636f44ea6b282b94cb0693bafbeb2c43d05f476d3303cee3efca7ee7439bc58e,a595d21632e72909e31c67491a611e70d9cfe1ad6f101a5385ef94fc3e946f83,,22,train
ZE_74.png,train,640,557,,10kg:1;2.5kg:1;25kg:1;2kg:1;zacisk:1,ba31f923c20abab65fa28ce4c58725755646ad474f764542b5576e3409219a16,a64cda2b599b6a4872693b972dc6b1a931b395d692af3511d20adacc594dda2c,third_party_video,,excluded
IMG_20251107_101828_jpg,train,640,640,2025-11-07T10:18:28,0.5kg:1;2.5kg:1;20kg:1;25kg:2;zacisk:1,c8aea48ca4e57a3bc09735ca1f27ed632cbd35dc0b4ea85eb2b175825fc054d1,e0d98c10c92437e096c971ef9e7f24007df0f3fd04134e92ff4ec07f21167fa0,,18,train
ZE_222.png,train,640,486,,2.5kg:1;25kg:3;zacisk:1,710f72f0a86c5ca7aa4f3d1d77605cdee780265c9abb71410e3db2266f29255c,ace5c0099ff2444cbb9be4a45bb3e4c42cfcd9592f378571700c1ce981ad47b9,third_party_video,,excluded
IMG_20251009_122556_jpg,train,640,640,2025-10-09T12:25:56,1.5kg:1;10kg:1;2.5kg:1;zacisk:1,bc0df9a9427862a4281fb5f11443280d592dcb00af21c4c592242f3d5c27ad5c,cc639936999333193336cccd9b36339999b3cccc331c67336ccc991c661931b6,,13,train
IMG_20250504_211307.jpg,train,480,640,2025-05-04T21:13:07,1.5kg:1,c8d9e85494f1083083fd3d8197ee58ad285bc0955707e4f3dea5cb9993db392f,957b90fd98303322832392b5e5d2bfc43b607a685495641a8e90dfbc737e716a,,8,test
IMG_20251107_110013_jpg,train,640,640,2025-11-07T11:00:13,15kg:1;2.5kg:1;25kg:3;2kg:1;zacisk:1,735b22998f6f17ecb536ef200f1aa8220524598ba857bfb50df2685b6028366b,ac7394f0538c616a9ace63ab6ca35270c5b9ba866cf3d071e10d3aaf3a387465,,20,train
ZE_83.png,train,640,471,,25kg:2;5kg:1;zacisk:1,554bff5e0ec7b773033c6bb8df48098ed5205e19fa45fb9148422f65ab7d706f,dd3a6b5a7e5733b5887fe40ce8c7bf010c8d07f8e21498e63c85ccdff1d80084,third_party_video,,excluded
ZE_33.png,train,640,452,,1kg:1;2.5kg:1;25kg:2;5kg:1;zacisk:1,7ffd7099a87579330beb13639ebccdf8d470f9722324b11836b8675897dff5a1,b18efb8cce71080666b35533bc8ca3dc61fb32465f98ca7c701746c48a71fb0d,third_party_video,,excluded
IMG_20251106_140336.jpg,train,480,640,2025-11-06T14:03:36,0.5kg:1;15kg:1;2.5kg:1;zacisk:1,d465ab65ce25413b75aa9c144322072048012488519c84d4090394bc964f8444,c2669d2d995903d1c63398e34dce2cb83d03bb2ca7358d918fc8734f2f0eba23,,16,train
IMG_20250504_194222.jpg,train,480,640,2025-05-04T19:42:22,1.5kg:1;15kg:1;2.5kg:1;25kg:1;zacisk:1,1ed76ae81f118324debf7b34e42f9f73eacfbc8756c375a575453e9cd34b3891,854490511abba4262cad1fa9e6673efa1a9a8d353eebb9bc26cb0ab3c114764d,,7,test
IMG_20251106_141001_jpg,train,640,640,2025-11-06T14:10:01,15kg:1;2.5kg:1;2kg:1;zacisk:1,6fbf5df4600c88d76b8e449332056ef867fdd5dbb0fcda4a36fae1e03ead5715,b12659326c9936d9b64d06e94f8d33ac13af97a407a613b2332b524f723b5cb2,,16,train
IMG_20250501_190728.jpg,train,640,640,2025-05-01T19:07:28,2.5kg:1;25kg:1;2kg:1;5kg:1;zacisk:1,3b9fde40ffed081e0ecc7259ff80a0f6724a585c33243837bdafe4bdb9aae42c,84b6ec993c9930c87949c97ba53b999aa9491d8916cdb366bce9172299bcb7c0,,2,val
IMG_20251106_134939_jpg,train,640,640,2025-11-06T13:49:39,0.5kg:1;10kg:1;2.5kg:1;25kg:1;zacisk:1,90ff047df173b5cdbd7895ff87ef58c12c2944c16a03049c954618619a2b54e0,e1e0bc3162ff21aa3a2f11174d976cff479ea9c01b415c43aedbd7c30a625145,,16,train
IMG_20250908_110014.jpg,train,480,640,2025-09-08T11:00:14,0.5kg:1;15kg:1;2.5kg:1;zacisk:1,adb435fb322bc9605f4ebf9ab2c98558bf0c25fab34f1238d0fd0d29b3112be6,9c2bab5e72d8256529b4b4ca9927d0964396d93584dff0dbb1dab0e12303e15d,,9,val
IMG_20250504_204523.jpg,train,480,640,2025-05-04T20:45:23,2.5kg:1;20kg:1;25kg:2;2kg:1;zacisk:1,ff8f9b7030d0bcd78609b6ad29d010858c1ba0afa2695707aa0b7ee1cb81a41d,89bf81a6b9a07f106e059c6fc25f9c1a1c5b76f991c961bd868f4e8d8c0a38e5,,8,test
IMG_20250929_120136_jpg,train,640,640,2025-09-29T12:01:36,1.5kg:1;2.5kg:1;20kg:1;zacisk:1,b514a0995b5d2455f171103c1b15025955425790766d9fc727e25bf4d75b1e70,9a699b659b2966c99a6cce39312665a6c6d96ccd64f133398ecc9a4d30d93866,,10,train
IMG_20251009_122900.jpg,train,480,640,2025-10-09T12:29:00,10kg:1;1kg:1;2.5kg:1;zacisk:1,115131ee750b7cb52ed75aa5d10e2dae238a6078a257caacb57177b52bde8871,c2d483a8bb892d69661abcae8d4d3e96bdabdeca12ce9d4b36a510b4d744308d,,13,train
IMG_20251107_120304.jpg,train,480,640,2025-11-07T12:03:04,25kg:4;2kg:1;5kg:1;zacisk:1,3528f050bc5dc8eab36fd2cab9443255fb2a1496d6ca378620351c0e2e3320d3,8331994199cc6b29ef619f6b6bee7bdc1ffb4f6a3bd4bcc6042388138092a092,,22,train
IMG_20250504_211245.jpg,train,480,640,2025-05-04T21:12:45,1kg:1,9e58d1f2000bc21a95948476aa7bcf46eda90e23530efd5dc4c8f5f615d4c0a5,95eb90789370232683378317e5ffbec07f6078a8545f641d8c9add107b6a7063,,8,test
IMG_20251106_130430.jpg,train,480,640,2025-11-06T13:04:30,1.5kg:1;15kg:1;2.5kg:1;25kg:1;zacisk:1,71ac8fb5ece4241a0cc2a0d9b36e1505dca2e74e6b0bbd135d2b9d2e54d11d9c,f5a88b140665fad9192634d273fa0c4c9b95d365e638a69e43e1f930359e0fc5,,14,train
IMG_20250504_205024.jpg,train,480,640,2025-05-04T20:50:24,1.5kg:1;2.5kg:1;25kg:2;5kg:1;zacisk:1,f592bbece1b94179b42d54ea5ddecad9d54e753592c674c548bf8ed3bee200b1,8dcacc9d96dd35cf45dedb10e3a08aa046263a2f58337053d3720e7b8b953e19,,8,test
IMG_20250908_113019_jpg,train,640,640,2025-09-08T11:30:19,1.5kg:1;15kg:1;2.5kg:1;zacisk:1,a95a0e5cda742ac0957a42e3a2c5eae31a3599878cf6a115ac10d6aebd2d9efb,ce699b64cd3364993326ccd3cc6c61923333cec9c6cc61336ce39a4d671931b6,,9,val
ZE_139.png,train,640,559,,20kg:1;25kg:1;zacisk:1,afa4a1a4d49129d3122515f3b3860ee5aab84f2dc23872a793d019c725d37660,ff807ee2b3ffb3bf8047c0018c00e000f1000c7d23fdf7d05c412c6725ff73bf,third_party_video,,excluded
IMG_20251107_095944.jpg,train,480,640,2025-11-07T09:59:44,1kg:1;2.5kg:1;20kg:1;25kg:2;zacisk:1,91cf26ede4597c30ba147366d0ad603b630216bbd4fd4dcb6b26334e73765b6f,a314e09f8cf18c3d330f73fc0c0dda50b33fa3e00c58e7d3712f81e09c3775a5,,17,train
IMG_20251106_140811.jpg,train,480,640,2025-11-06T14:08:11,15kg:1;1kg:1;2.5kg:1;zacisk:1,c353abb6199d61685168f06d1ff2b614aafed501ad8eeb6c42910563bfa77141,ef0781e0b0b8f31890ec98fcb8189391d5c0ec8cacfc97fd97118f019e551e7d,,16,train
ZE_68.png,train,640,593,,2.5kg:1;25kg:1;2kg:1;zacisk:1,4a11de0fbe802c6ad5ede0c84d689aaf8533367279a9dc0d8889fffde134690e,a6c9b374d926a49b3b329b51c4c953647f139b3183fc44da1922a65de6d95964,third_party_video,,excluded
ZE_24.png,train,640,536,,0.5kg:1;25kg:2;zacisk:1,fcb61df3ffcc1f6a890c5924ab73dafa7f6720633128ec4189c631323b945a46,b873330543053161b39eb177b873b3db339a235b03d331da2717bc73d904d984,third_party_video,,excluded
IMG_20250929_122416_jpg,train,640,640,2025-09-29T12:24:16,0.5kg:1;2.5kg:1;20kg:1;zacisk:1,a4663dc7e82d47f3748ba8b362b561f3d2c25ac4c112a4a14dea33bebe5d64e7,ce6c9b268db1648c9933ccd99b366499cce666cc3339649398e6ce6d66993186,,10,train
IMG_20250929_121226.jpg,train,480,640,2025-09-29T12:12:26,0.5kg:1;20kg:1;zacisk:1,66943f9011a0f9b8040a094a0cb0db5f25872b260ab53e7d258f958c8a2e122b,864a938ccd18cc355b149f24754ea6bf387b70c736eb30db968570ed2f48e5a0,,10,train
IMG_20251106_130612_jpg,train,640,640,2025-11-06T13:06:12,1.5kg:1;15kg:1;2.5kg:1;25kg:1;zacisk:1,8fd3d859781068ea37e8ea110ffb47a047421eb603c2300006ebc1f07ad9e915,e75b959592aa6b6e114d52b4d66789670aac9a2ae4e7a2c20b5c46e9f4e6e0d4,,14,train
IMG_20250504_205119.jpg,train,480,640,2025-05-04T20:51:19,1.5kg:1;2.5kg:1;25kg:2;5kg:1;zacisk:1,e3e470f3dc0b09f82f249b59ea90c6763bcfc89737074d69520da32322dd6bc3,8265a06f989a81f7725f3d0bec527a1339af2dda6b5b2f616400381ba81c2ffa,,8,test
IMG_20250504_204729.jpg,train,480,640,2025-05-04T20:47:29,0.5kg:1;2.5kg:1;25kg:2;5kg:1;zacisk:1,1414d054d8cdbf9d51068635680c6a01af6f7081abe5c42a4fe2f9deddbb6827,84edce449e4606e071eb8b9bfbbf82f70a311b015e097118d33da63d8bd63e84,,8,test
IMG_20250504_210106.jpg,train,480,640,2025-05-04T21:01:06,0.5kg:1;2.5kg:1;25kg:3;zacisk:1,5f00038542ec0ecc798b3f45a06709561c56491f27e7bdb6cde430daf47c56be,8d2a892ab2d41eb66f08764bc32769b3078a76d8ccba61aa874367c7269a787b,,8,test
IMG_20251107_120054_jpg,train,640,640,2025-11-07T12:00:54,25kg:4;2kg:1;5kg:1;zacisk:1,b3cef79b396a588a50c6d9aa350cc15e69309b86b1dcc7f1314f123190c17181,ad97d296d2d22d69d31e254e586176b0c92be42f4d34da56a5c3186b1cb45787,,22,train
IMG_20250504_205439.jpg,train,480,640,2025-05-04T20:54:39,1.5kg:1;10kg:1;2.5kg:1;25kg:2;zacisk:1,695e09833c2ac689d45a1df90cd7b628f414bc4934e5237ee63dc4c0c1c971d5,8c358e04936a1fb665af6f03c18375c0a6e73b2e44af6c9dc8b163e283cc7e2a,,8,test
IMG_20250501_183808.jpg,train,640,640,2025-05-01T18:38:08,2.5kg:1;25kg:1;2kg:1;zacisk:1,b09cca79e0d5c7c472193a13b4c02ae244192db4a55570722c4fac3b92cc309d,837974955c9e369738c63c4ea37b834a3723ee3bc5c9a1c884cc6696a393a16b,,1,train
IMG_20250504_194924.jpg,train,480,640,2025-05-04T19:49:24,10kg:1;1kg:1;2.5kg:1;zacisk:1,b6bcb6316c022b23fa33a5481242fe7266174a62080c8c4dd03c4f7e4479b2a4,84119b6c9e6c9412ad938c931e72955d1aacc55b16b6211da2ef6feec5117ba6,,7,test
IMG_20251106_135718_jpg,train,640,640,2025-11-06T13:57:18,0.5kg:1;10kg:1;2.5kg:1;25kg:1;zacisk:1,f18176115fd5e168ce0fe49f24a6aa18a0a43a0379bc84c085a91e9beac19153,ae998954194e66cae67366630fcc79d6d13cd3611b951898e4cee66b1f311c34,,16,train
IMG_20250908_105838_jpg,train,640,640,2025-09-08T10:58:38,1.5kg:1;15kg:1;2.5kg:1;zacisk:1,f4eef9fc1f59cea3e6505cae15babf4c4c533970af85e08d548e9e98a196bf20,ce699b2499b324cb3326ccc39b66219b9933c6d9e6cc64b264c79b0d63996c66,,9,val
ZE_20.png,train,640,429,,10kg:1;25kg:1;zacisk:1,424284296146e7194cf7d19d71c2f5898380916c45f329aa9d8c82b77e513f9f,d51ad54ad964dd9a9d0a9b6c0efb265e625659527910fd10dc95916f027f2255,third_party_video,,excluded
IMG_20251107_111802.jpg,train,480,640,2025-11-07T11:18:02,15kg:1;2.5kg:1;25kg:3;2kg:1;zacisk:1,e9a447cb37255d712351e0299bb33eb9d616bf1027f958f6a8ff238d4c2dc5e8,99f9ccddc01366d6adfce165b365b662f6703c503468b6681760fb606c83609b,,21,train
IMG_20251107_110209_jpg,train,640,640,2025-11-07T11:02:09,15kg:1;1kg:1;2.5kg:1;25kg:3;zacisk:1,3bf752228d537ee23907eabcfe17f21d97211a0d61db4f3f3c1b49bf2e6902cc,d9329913eccd3271c6c93249cda43937d4db1332c9b50b36fcda964a4f894e25,,20,train
IMG_20250504_195138.jpg,train,480,640,2025-05-04T19:51:38,1.5kg:1;10kg:1;2.5kg:1;zacisk:1,a873527718f92a3bb8b94c909abbfee19b712b949f8a7138e216060d55a40497,d7899a7f8d26ba52a7ddbc1d8771a50c3bc6e4087297694660206b67f4887387,,7,test
IMG_20251107_111635_jpg,train,640,640,2025-11-07T11:16:35,15kg:1;2.5kg:1;25kg:3;2kg:1;zacisk:1,459b6a53a4b7eb722323a3fcc48790c91a740c3f403bf635c36d5119b12a314b,fb32cd9726cd3278b24836644db64d8bc5cbb2e829b66b169659c5c94ec50a96,,21,train
IMG_20250501_190342.jpg,train,640,640,2025-05-01T19:03:42,0.5kg:1;2.5kg:1;25kg:1;5kg:1;zacisk:1,85e9488ee253d01d2e6bc3b237f471ba126e5765bd2192bb5ef75471a21ae4ea,e695916a992e26927326ccd9e4d93b2239c1d264e4633d9a5963e6f5b1363d48,,2,val
IMG_20250504_211247.jpg,train,480,640,2025-05-04T21:12:47,1.5kg:1,93bc79e463507dfb5e5a5e4b8791d50e7001832b287577b6437d0c3ed4034c2d,95eb90789372232683378215e57fbec07f6078a9545f641d8c9add147b6a7063,,8,test
IMG_20251107_111532_jpg,train,640,640,2025-11-07T11:15:32,15kg:1;2.5kg:1;25kg:3;2kg:1;zacisk:1,2d67784999709a17cbfa59d2458a1613eb610151b309a00bb85c58162ea950be,ec6698c693916f29a13ce335dac17856dc7ae52fd4669cc29a118b9ca11d7e41,,21,train
IMG_20250504_204553_BURST005.jpg,train,480,640,2025-05-04T20:45:53,0.5kg:1;2.5kg:1;20kg:1;25kg:2;zacisk:1,4858c28de5f02f71af0eea1318f4e626799d85e2e16e9bb900cbecccc590fc85,8489cc199add3fef67fe9a00e320aba48aae7a6f987b706393700e62ae953a18,,8,test
ZE_30.png,train,640,415,,25kg:2;2kg:1;5kg:1;zacisk:1,5f93b0de6ca25a67153e3095dc28468956d3257dc95dc8aa238c7ba354bb6d52,a6cde6ccd93219b294d04332f13339bb9e5dceee2337f0d57c8ac76402e2824c,third_party_video,,excluded
IMG_20250929_122448_jpg,train,640,640,2025-09-29T12:24:48,0.5kg:1;2.5kg:1;20kg:1;zacisk:1,faa8436f01d4878c5fd88f155ee93532257e9118eca203731e4a35777a78d2ce,cc659b2699b164d89b32ccd39b366599ccc766cc326c66336cc69b6c66993186,,10,train
IMG_20251107_115724_jpg,train,640,640,2025-11-07T11:57:24,25kg:4;2kg:1;5kg:1;zacisk:1,f7edb944c7013aa7a01712b51f60af8c6b680757158f3a8ac040ba3983870904,f87a89e0c3a4381c89da79c892cb49e04b24f6c87c5abe4f2c15ce374b694b3f,,22,train
IMG_20250504_205232.jpg,train,480,640,2025-05-04T20:52:32,1kg:1;2.5kg:1;25kg:2;5kg:1;zacisk:1,4fea1a0153e233a9f0153a3ae6223c39476bdf90b33c9bc450e656594b73f756,8e968f97936b8e9b65a36b60d98874e823753a2f66a9289460f873e01be72e0b,,8,test
ZE_111.png,train,640,591,,1kg:1;2.5kg:1;25kg:2;5kg:1;zacisk:1,46f61f618e9d7c82de34888fa2562c2848211f8d4e657d5a9f826e9dcefbb310,a4cb8d63193712dfb4df59650c61ed4a790594d3c6cb5b673171c5611b621c4b,third_party_video,,excluded
IMG_20251107_113252_jpg,train,640,640,2025-11-07T11:32:52,1.5kg:1;10kg:1;2.5kg:1;25kg:3;zacisk:1,677595a27ee6bdce171f4f516b6aec2794ba4b11b80d6e13a7d442b41494a8e8,a5a7d6f79218252cdb4a3556c14e3552ad30a1db68d61a51cf16b96550735f2d,,21,train
IMG_20251009_133857_jpg,train,640,640,2025-10-09T13:38:57,1.5kg:1;10kg:1;25kg:1;zacisk:1,d46fc6270efadddc397cf8215b454f04f8d6f3db5dec6b6b4559050587b82edd,ce5a9b399a6c65ce9b31e658996c64e3333866d364936d8c6c71924b671e1931,,13,train
IMG_20251107_095943.jpg,train,480,640,2025-11-07T09:59:43,1kg:1;2.5kg:1;20kg:1;25kg:2;zacisk:1,c44b64f99a1cc410d11e757ec8e2f502ac90a18438db6c7198a8a326f4e852fc,a314e09e8ce39c2d330ff3e80c1fda00b37e83c10cdae797113e8ce29d9765b5,,17,train
IMG_20251106_141025_jpg,train,640,640,2025-11-06T14:10:25,15kg:1;1kg:1;2.5kg:1;zacisk:1,6bccf7862d909d2b0d6631fe68a735ca33ec66b87cee6d0f3899ccd7d3544871,cc67ccc7630e3319b31913194c6e76ee909993314ce64ce6926790314bbd6bde,,16,train
IMG_20250504_203846.jpg,train,480,640,2025-05-04T20:38:46,2.5kg:1;20kg:1;25kg:1;2kg:1;zacisk:1,a9b355a50395eb569ec33d5b3b931099b3c6e0f845835e9f991fa9b008bce335,8524be2d9fba9e1ab6518db0d60985de1acb859206391b95a5ff3b8fc534620d,,8,test
IMG_20250929_121354_jpg,train,640,640,2025-09-29T12:13:54,20kg:1;zacisk:1,e49c00b03c219b1a87d09fce6199a640355384c54dfc529356a379f4c170cec3,cc669933ccd366cc9999cccc99b366c98cc66664333364cbcccc9b3266673199,,10,train
IMG_20251106_131259_jpg,train,640,640,2025-11-06T13:12:59,0.5kg:1;15kg:1;2.5kg:1;25kg:1;zacisk:1,18dcb13faf56b451ec719528d011dd045a210b5525215f1eab0579afcd7f053d,e1e0cc3961ff3b83d387f190edd0f5f1f445f42cac2d5c0d9c1f9e028e016c89,,14,train
IMG_20250929_120855.jpg,train,480,640,2025-09-29T12:08:55,20kg:1;2kg:1;zacisk:1,555b1965ae41df647d5bdb66782308311f0f283d7eb2eea5b70dad73e5a672ae,a75890e8cccdcd9d49d7c9fd6d3a82837d14aab5770a964aba9632242d6da21a,,10,train
IMG_20251107_115738.jpg,train,480,640,2025-11-07T11:57:38,25kg:4;2kg:1;5kg:1;zacisk:1,22fd34ce5417ea249e02d4bbd31329609f14546930527c9efdaa20a113ed36f8,f0f0c4408fce4f847cfc805846c06882397e9f19b3bbb97b99379333b0599e74,,22,train
IMG_20251106_141145_jpg,train,640,640,2025-11-06T14:11:45,15kg:1;2.5kg:1;2kg:1;zacisk:1,adea390f272b007a8986389db270f4f61e5fecebcde72ec2ab14d86cd2c9d9c9,e0638e6719ec318cb398f18cd9c662ef8e388f314c632c67b698e718c1a6f8c7,,16,train
IMG_20251107_112436.jpg,train,480,640,2025-11-07T11:24:36,0.5kg:1;10kg:1;2.5kg:1;25kg:3;zacisk:1,a5f70340bf6e42947c650e82d04f8a6c00f3ecf4a048775f78033431f7ee1a0f,fa2f8d66c5e049b93f0f87cd47e8320d802f24f86833d837b267344b8e5b8659,,21,train
IMG_20250929_115559_jpg,train,640,640,2025-09-29T11:55:59,2.5kg:1;20kg:1;zacisk:1,282c014625fb5dae098b3e4ed00e83bcd58c73c2838b2fc6b76e137466bdb6d1,9a6c9b269b3d66cd9e64cc3931b66492c65966cd64c3319dce6c9a6c34c33133,,10,train
IMG_20251107_113324_jpg,train,640,640,2025-11-07T11:33:24,1.5kg:1;10kg:1;2.5kg:1;25kg:3;zacisk:1,13cc44acc187029a5ce8e78f38f56a1d411daaa616ea60598dd25967d15a0ee9,a537da5392126729dd213501c3ad3ea2cf28dfcc3cc4cac86f9ccd5c74612e63,,21,train
IMG_20251107_095715_jpg,train,640,640,2025-11-07T09:57:15,1.5kg:1;2.5kg:1;20kg:1;25kg:2;zacisk:1,aeeb8ee267454ac1b541b83a31c16c6875176c2c966c32ea67282cd90d447505,a6af9beb8969291199c807a91bab395f2819d0885ccc99cd80c594c4dfce5f6f,,17,train
IMG_20251106_140824.jpg,train,480,640,2025-11-06T14:08:24,15kg:1;1kg:1;2.5kg:1;zacisk:1,4752042d62253d4f6b8c6a2f902ab68825b46f36c04e20f76d2915be162d37bf,fc3c87cf03837238f38f18ec03c73af19383d038e9872ce007c737e3a1c7f81c,,16,train
IMG_20250504_204441.jpg,train,480,640,2025-05-04T20:44:41,2.5kg:1;20kg:1;25kg:2;2kg:1;zacisk:1,72a9f5ff05477e03387bd0dba570a6ec952ccd6259fd0b9f25eb15c9e50feaad,8ccacc999cdd3ddf67d09e00e3208fac4eee3a3e586270529372067a8ebd383a,,8,test
IMG_20251009_133725_jpg,train,640,640,2025-10-09T13:37:25,10kg:1;25kg:1;2kg:1;zacisk:1,9e3cfc92e5fb669b09578ebe244b1dcb0333dcde21de7a1b4810a188d000ed3a,ce6d993cce3166da999c6663992661969931666b66c964d364c79b4d663119a6,,13,train
IMG_20250504_203156.jpg,train,480,640,2025-05-04T20:31:56,1.5kg:1;10kg:1;2.5kg:1;25kg:1;zacisk:1,5a1bc6b3e8e65b5205f65e8fa693b23d48a2079854aeba693a74c3be4f25e1e9,c514bef48cb9921ab7dd9cd41e6995581acda5121635091ca5f73befc51032d6,,8,test
IMG_20251106_140906_jpg,train,640,640,2025-11-06T14:09:06,15kg:1;1kg:1;2.5kg:1;zacisk:1,7f91c0ef3a6252fdbae2c4d139aff9380e64a18acdf4ebf257331526ed9eb540,b326d9376c992698c6cc66690992331c9b37ce660b2639b3e5ddccec0c1b0db3,,16,train
IMG_20251106_135526_jpg,train,640,640,2025-11-06T13:55:26,10kg:1;1kg:1;2.5kg:1;25kg:1;zacisk:1,b6a37ffde56f4ce7d520c3cfdd43a0542ce9eeb2251e8eb401522aeb32225482,a6d3d92d47ec3492cc67664c193974db719ade311b33193424cce6431e711dbc,,16,train
IMG_20250504_194809.jpg,train,480,640,2025-05-04T19:48:09,10kg:1;1kg:1;2.5kg:1;25kg:1;zacisk:1,a6f4cb08e696805e60e5c59c977e011ac9cb0b0cae1ba3ba47c67caf7510b8fb,806d9c929992846daf69d96bbee9896937b28a6f76d2ebb925884c03806f7698,,7,test
IMG_20251107_120005_jpg,train,640,640,2025-11-07T12:00:05,1kg:1;25kg:4;5kg:1;zacisk:1,26ebca953fa967010fb93678869941d395dc41303f5064744b0a8e4505bc4ed8,b649c96c8db665b2d24916c9dcb46b250f8bb5b6e85c9b4d87ec85b2841b4897,,22,train
IMG_20250504_210729.jpg,train,480,640,2025-05-04T21:07:29,2.5kg:1;25kg:2;2kg:1;5kg:1;zacisk:1,01caed45eaaea84dbe5f2e76c0399997a26359b47a97eee01ef05dbdfe3653c8,84a49b989b793c77ac679c72f6a591492d862f52665162b0c18a61be1d6f5ea5,,8,test
IMG_20251106_134529_jpg,train,640,640,2025-11-06T13:45:29,10kg:1;2.5kg:1;25kg:1;2kg:1;zacisk:1,ada08afe6e2f6a1004310fff572d82d831c35f21357eb1aa6854f9f9644b3147,f4aa99528b28aaa53b75de15cc0c3aa52d98c64af4c35aac0b79d4e3d14e1f35,,16,train
IMG_20251107_104528_jpg,train,640,640,2025-11-07T10:45:28,15kg:1;1kg:1;25kg:3;zacisk:1,d39f5a115f9820d93f3fe0042697e2a1cff31788a3f338d46054ce2d3df3a809,af2bd6d210dc6178f8fc128ca1edad686070421767399ac28f88f5bc1ef22fc3,,19,train
IMG_20251009_123545_jpg,train,640,640,2025-10-09T12:35:45,10kg:1;2.5kg:1;25kg:1;zacisk:1,bcf377e9ab9187524eaa4752aa1128e1c206ea90173fbcd36d10f92e41b1f688,ce5e9b29cc6c64869931e65c9b276ce1198c66dae6d36d866672c61b31ce1961,,13,train
IMG_20251106_132946_jpg,train,640,640,2025-11-06T13:29:46,10kg:1;2.5kg:1;25kg:1;2kg:1;zacisk:1,0c182861bb988288b62232ce1aa6766dd46c3b08212a1b71788798b6b19905db,f6d1c96fda4a32ae592bd4b2a9a554a52c2db69427e10a95a65af1d65bc81496,,15,train
IMG_20251107_100125.jpg,train,480,640,2025-11-07T10:01:25,1.5kg:1;2.5kg:1;20kg:1;25kg:2;zacisk:1,4526ead64dc6171a0dbece2a533f795de07a9f831f6e138f9ebaa38fd42b1ea0,dc0ec2f961f8180ecff366057f1dc1f01cdf6731565c184ee1b134669ccc5a19,,17,train
IMG_20251107_113233_jpg,train,640,640,2025-11-07T11:32:33,1.5kg:1;10kg:1;2.5kg:1;25kg:3;zacisk:1,7753bf6d5f147cfd164751c24ebca0ab7f458a86a523028fa5188bf5b3862d61,a4a5d2d59210652cdae73463c32a35baad2aa4ca2ce21f7aef1aa96f2c521b4f,,21,train
IMG_20251107_120100_jpg,train,640,640,2025-11-07T12:01:00,25kg:4;2kg:1;5kg:1;zacisk:1,6f614b1992d2799cdb933df8d2f468de150130f9ac7da8bc2b94cb01c186d9ac,ad87d296d2f02969931e214f5a6024b0c92be51e5b3cd2d6a1e31c7b1cb4df87,,22,train
IMG_20250501_190139.jpg,train,640,640,2025-05-01T19:01:39,25kg:1;2kg:1;5kg:1;zacisk:1,fae1becff7e1e8843a94eed7e2a626dd6216b692d511a96757f4c8df60fba349,a32192d2ccdcb23639cc8d69f333b1861cd68f09d9ccb3c60ed68f4df1239cc4,,2,val
IMG_20250929_121631.jpg,train,480,640,2025-09-29T12:16:31,1kg:1;20kg:1;zacisk:1,3e4e24b3c288e0136e0dfbe33a352d8b6698d5db3d1aa9c28946a3f55b6c4486,8c159f54732aca9761ca6ba9d9176eae726d98176c93306d86857073967d24c3,,10,train
IMG_20250504_205430.jpg,train,480,640,2025-05-04T20:54:30,1.5kg:1;10kg:1;2.5kg:1;25kg:2;zacisk:1,1b0491a1608a8a627705482912df55067b91d1772585ff45d88e73055f209d99,8e948f85934b8f1b65e76fe4cbc874e883753b5746a96885cc9c706883e46e0d,,8,test
IMG_20251107_104453_jpg,train,640,640,2025-11-07T10:44:53,15kg:1;25kg:3;2kg:1;zacisk:1,73ad395d66bc2dd0c0dfc812a710cb28dadd752062e45af5d8995cc558de0dfc,b0418f0f87023c4b4d2ea0f082da4f0fb1f013e3374bdb16c3f38359cf1e7a1f,,19,train
IMG_20250929_120747_jpg,train,640,640,2025-09-29T12:07:47,1.5kg:1;20kg:1;zacisk:1,733ce1006e80b1dad36b0fe835469e4e9eec509bd3b339f045c9d925298a840c,996499b69b39324ccc66cccb33936619e66c6664339a3193ce39999c64db6599,,10,train
IMG_20251107_113426_jpg,train,640,640,2025-11-07T11:34:26,0.5kg:1;10kg:1;2.5kg:1;25kg:3;zacisk:1,08fde7ad2491fba51145d7d78ec88ea04d3ecad3ea6b89ca7f1ae21497f02758,9336cdb26ec9264dd4c832644c93793794cc93630292cb17376d859b6af67a95,,21,train
IMG_20251106_140832_jpg,train,640,640,2025-11-06T14:08:32,15kg:1;1kg:1;2.5kg:1;zacisk:1,d78f219f31e72716783d698acca1069057c1297064bb3e65e671a3fe8ec9a090,e1f38e0618ec218fb339f30cdc0666c98ce69d33e663e4ceb9999319c33468e6,,16,train
IMG_20250504_205424.jpg,train,480,640,2025-05-04T20:54:24,1.5kg:1;10kg:1;2.5kg:1;25kg:2;zacisk:1,f23b55185c80da841e5cc6a2051b61fe390fc7f25bc7befe7ea5d49c136848cd,8e958e85934b8f1b65e76fe4cbc874e883753b4746a9688dcc9c706883e46a2d,,8,test
IMG_20250501_191503.jpg,train,640,640,2025-05-01T19:15:03,1kg:1;2.5kg:1;20kg:1;25kg:1;zacisk:1,0cddff517381b92cd1c602f3deb3ed3f0ff853914bf8454be304f9302a367868,a12dedba3ca770d25ac25370e37fd1b6ea5449937493b27966125235183b3383,,2,val
IMG_20251107_115909_jpg,train,640,640,2025-11-07T11:59:09,25kg:4;2kg:1;5kg:1;zacisk:1,bb26b1afc4204006a8a7efbc81a5336e48417b3421a77bf75b2ebdaf62d69f26,ad4ed4e492f46a549c662560d5743c758b7191e39c3f9c70a891cabf643a5c63,,22,train
IMG_20250504_205347.jpg,train,480,640,2025-05-04T20:53:47,10kg:1;1kg:1;2.5kg:1;25kg:2;zacisk:1,967cc3b5e2b3cd40d248e051cf0dcc3f4a5f051a7b773d7efbfd7c974e45aa39,8e968f85916b8f9b64e76ba0f8c874e823713b2b62a92c94607c33e90b6f2e0f,,8,test
IMG_20251106_135728.jpg,train,480,640,2025-11-06T13:57:28,0.5kg:1;10kg:1;2.5kg:1;25kg:1;zacisk:1,cc58dc4bb8d5874ac5d249e0e25a5ff38ec83a822e509e466865440cc78d4199,a44da98051aa2e552eeb1d777ae4fd5af2807246e04c785909f31eb798ea7ac1,,16,train
ZE_11.png,train,640,532,,20kg:1;25kg:3;zacisk:1,8830d2c676c5a6451b78eb4093c96e5d49d91d05ed2dc420774a98686e439902,f3e60c390c993126c2cd9dfdb1364ec864393be7853f7282c0008ed03fff4eb8,third_party_video,,excluded
IMG_20251107_101036_jpg,train,640,640,2025-11-07T10:10:36,0.5kg:1;2.5kg:1;20kg:1;25kg:2;zacisk:1,21bb9b2741efda3654c22afb40ecd0e91eb0a670153245826b9e87fba7fd2476,a2569a5a9871a5b0d19c679a03f281e287d089cc5bce5eccf4a6fcc62d5e6c2e,,17,train
IMG_20250501_191213.jpg,train,640,640,2025-05-01T19:12:13,1.5kg:1;2.5kg:1;20kg:1;25kg:1;zacisk:1,9a1467aa642e3437a3179b9b0513e02d6eb9322f622c3740e2668b3dbbc91bc6,a16aed767da670955294534562e4d364ca745bb55dbee27168b4623498783457,,2,val
IMG_20251009_133628_jpg,train,640,640,2025-10-09T13:36:28,10kg:1;25kg:1;zacisk:1,f993fc74844fee59ab878e16777274c65a24029c0c328612d16b0ed46e98a5fa,ce6199b4993766d3999c666999326696998e6669339964d366639b6c33981996,,13,train
IMG_20251107_104534_jpg,train,640,640,2025-11-07T10:45:34,15kg:1;1kg:1;25kg:3;zacisk:1,ad5d13ff7557ace9bab7e1fbf1740c2d8254e164598d8713eb292a60fc84c949,ae23960e12d62139f8dc599c18c7adafa529e0f37571dad6529ea02da4637742,,19,train
IMG_20250501_191340.jpg,train,640,640,2025-05-01T19:13:40,2.5kg:1;20kg:1;25kg:1;2kg:1;zacisk:1,c83afef1f0c295377a00c719035e8f919a5819947b4603a1e5d763b7e9e64943,a12dfdb33c82308a3b92eb72e3779995aa521d9a36ccb2698c829b249d8da7c5,,2,val
IMG_20250504_192451.jpg,train,640,640,2025-05-04T19:24:51,0.5kg:1;15kg:1;2.5kg:1;zacisk:1,44a71b751d5b317e5da7c065fa9e3523a1b9a500abc2ef5192c850d198169832,d555d1551aede1162abbcc6de5563b98ccb2e5337341a4c42aaae532954d1ac9,,6,test
IMG_20250501_185951.jpg,train,640,640,2025-05-01T18:59:51,1.5kg:1;25kg:1;5kg:1;zacisk:1,5e200d3c3906b7b52d134821854f79771d51e631a49042fa4dd1c03d22c6ef43,e135b25bcccab23658c68ce46339f33d18d227330cccf18d33224eda273ce9e9,,2,val
IMG_20251107_104821_jpg,train,640,640,2025-11-07T10:48:21,15kg:1;25kg:3;2kg:1;zacisk:1,9339b6a371b9c7075f33b7195624a23ccf560918213083227f0343c860f9de86,a4359e7b93c663aca82865af57531252905498e36fab0e69a839d0dc5b571f47,,19,train
IMG_20250501_190657.jpg,train,640,640,2025-05-01T19:06:57,2.5kg:1;25kg:1;2kg:1;5kg:1;zacisk:1,ea2832b9c50963ece8f0c9f1d734e9b7822090c45e45d65db85657d8fba97f79,a4b6fc993c9930c93949cd7ba73b9b8aad491cc91e46b3668ee1cb3288dc86c2,,2,val
IMG_20251106_134514_jpg,train,640,640,2025-11-06T13:45:14,10kg:1;2.5kg:1;25kg:1;2kg:1;zacisk:1,d3e44bfe1da1c7b209915e5858f6d6d8c0a9e2fded77b8db1a3896d9cf4fb84c,e5c7969adb8d4d6d133112b1d546ea631b2c1a98d233e96b3ba50632ca72e58d,,16,train
IMG_20251107_110504_jpg,train,640,640,2025-11-07T11:05:04,15kg:1;2.5kg:1;25kg:3;2kg:1;zacisk:1,943e973cb1318bd4618af5e3c181f1bc5c44dfb0cba5c1d2b4db3e854e3b7558,e6629c469191fb19a83ce33defc36c46dc72c53c95469cc3dad18a9ca13d3941,,20,train
IMG_20251106_140421_jpg,train,640,640,2025-11-06T14:04:21,0.5kg:1;15kg:1;2.5kg:1;zacisk:1,3b571661ca28d7795ec4824c26b0f568b811e334606b6508aaf192212c335da6,b336c96d6ec93312c64c36491993270ccf39cc6639363933f6ccc6cc06713db3,,16,train
IMG_20250929_121929_jpg,train,640,640,2025-09-29T12:19:29,20kg:1;zacisk:1,c1ac5a1d19cae55098f360bf3bd69694f47f1ba96a020cb072d77b909d0c4e41,cc669933ccd366cc9999cccc99b166c9ccc66664333266c36cccd96666673199,,10,train
IMG_20250504_205941.jpg,train,480,640,2025-05-04T20:59:41,15kg:1;2.5kg:1;25kg:2;2kg:1;zacisk:1,44df564f8225142c0d4342dea6afb120aa2554c398019ea4863b65099bc7c08d,8c2a8638b29c1eba6f0a3a0ae207bb9707c672f89cba693b93c363c62f88787b,,8,test
IMG_20251107_100520_jpg,train,640,640,2025-11-07T10:05:20,0.5kg:1;2.5kg:1;20kg:1;25kg:2;zacisk:1,77bc81c6c3c96f3d9f28f91171c101751695db76aa8002072b1271b0a28405a7,b24b8f8f8b267a764c9ba1f1125c762ef1a04749b03f49bb9368fd388d9207c8,,17,train
ZE_97.png,train,640,534,,20kg:1;25kg:1;2kg:1;zacisk:1,f6df357b41620ac26af464eda4e9c9593bddce74006dd1faffd4bb6ff4d45860,dd7bf16a8c437759b7696d98363455a3729d613052843443db06d1996b5a25b6,third_party_video,,excluded
IMG_20251106_134743_jpg,train,640,640,2025-11-06T13:47:43,10kg:1;2.5kg:1;25kg:1;2kg:1;zacisk:1,e5e1321513bf4aa3ecb1741a7900683440a4e920d2e684c5819393cada2c0293,b082c36dac58ad214c625e7cd397eb972c49a13ea196746c0be93a3aded15ab4,,16,train
IMG_20251106_140544_jpg,train,640,640,2025-11-06T14:05:44,15kg:1;2.5kg:1;2kg:1;zacisk:1,09223ea35eb701158c6a0a0eabb7d68b51a1ddb97ee27430bbd214529634e80f,cc63cce7739c339cf3191bb10cc6a2ccf0d9ce330e664ce6b3b9d29949bc0886,,16,train
IMG_20251106_140818.jpg,train,480,640,2025-11-06T14:08:18,15kg:1;1kg:1;2.5kg:1;zacisk:1,c4c7cbd4a9ee9d275f89b2149952fa850b19ee5768d3b1013c2efb960a09cc84,f1c68e31026c60ce863197330639b3ad8673e37fab31ad92ae71a9cc9263f4a6,,16,train
IMG_20250929_123406.jpg,train,480,640,2025-09-29T12:34:06,1.5kg:1;2.5kg:1;20kg:1;zacisk:1,5cf6a72a35f227b7a5a3080928ebdb4594d516de4ec8111bb0c6b48b64c68df1,8f153baad4a6657561cbb0c527e197809ba2cf14694ad8d76ba3921c6684a57f,,11,train
IMG_20251106_140511_jpg,train,640,640,2025-11-06T14:05:11,15kg:1;2.5kg:1;2kg:1;zacisk:1,1a42771a3d0e8cd036455871c09e81f7e0ad823937071b7b5bd864384cd72be0,ee63ccc65b983308e3d1399b0c66766d58c893330e666c66b133a6d9273c79a6,,16,train
ZE_199.png,train,640,536,,2.5kg:1;25kg:2;5kg:1;zacisk:1,33b35f819133fa1a817efb1c0846c2737e2fb5ff413bad9aff6bde9c5c07ba6f,e93373ce80d9419d1256e90f56f572c42903d2dd7e03a36cad8b7a50b98b04fd,third_party_video,,excluded
IMG_20251106_135532_jpg,train,640,640,2025-11-06T13:55:32,10kg:1;1kg:1;2.5kg:1;25kg:1;zacisk:1,096703bd9cf2907f2b124ed8573e697e972ba38967bf25c35fc9056a784a0929,ae91d92d476c3492cc676648593d74dd31dade611b37193424cc66434ef90dbc,,16,train
IMG_20251009_121539_jpg,train,640,640,2025-10-09T12:15:39,10kg:1;2.5kg:1;2kg:1;zacisk:1,382981f5c9957242948ec4504f21c26d0332e57123a62efb7288fcc8cc568439,cc669932989332cc330cccd9673366d98ccd66cc66cc649bccccccece6333333,,12,val
IMG_20251106_141055.jpg,train,480,640,2025-11-06T14:10:55,15kg:1;1kg:1;2.5kg:1;zacisk:1,d494ee60b0495ba40f85d30218b47930fa9575b703b01a23db36eb4c22c5d385,e219e3511dd61cced249f731e2321aee184dff52e7327677904a108a3f948e72,,16,train
IMG_20250501_191505.jpg,train,640,640,2025-05-01T19:15:05,1kg:1;2.5kg:1;20kg:1;25kg:1;zacisk:1,88ba7d03a3682b8add2cb1f4dc9be066040d9b34c16e005a36a672f0ef106bf0,a12dedba3ca770d05ac24370e377d9b6ea544d937493b27966165235183b3383,,2,val
IMG_20250504_205921.jpg,train,480,640,2025-05-04T20:59:21,1.5kg:1;15kg:1;2.5kg:1;25kg:2;zacisk:1,41fd4b62d276c2f556f987a74d5c4c2a020b7a1dd83e3ef2f63a8ad6c9acf91c,8c2b863ab2dc1eba6f083a8ae2073b9307863af8dcba69bb928363c6ae8a1c7b,,8,test
IMG_20250929_123812_jpg,train,640,640,2025-09-29T12:38:12,0.5kg:1;2.5kg:1;20kg:1;zacisk:1,3935b80b8c2d9fb8b82ca30a485328b0d338b9008b823c615ff69913d0c49ffb,99249932999b64ccce64cd3199b664ccce6ccecd9b3c31b3ce6498cc99a53333,,11,train
IMG_20250504_205642.jpg,train,480,640,2025-05-04T20:56:42,10kg:1;1kg:1;2.5kg:1;25kg:2;zacisk:1,93b1942b672c63427c34a70c088ca43a6d9ef9f0e641bba42cc0d5990d386b9a,886a8430b6b41cea6f10780ec61ffb1787dc76919df86922939f67d52e0878f2,,8,test
IMG_20251106_135441.jpg,train,480,640,2025-11-06T13:54:41,0.5kg:1;10kg:1;2.5kg:1;25kg:1;zacisk:1,79bee774a5d3b4553fca0ac0d813329fb14c950d43d17da4635c025e26b82af7,ba107ea30ae3512bb118d53fac402aa84bef48a7f137b11de41d64ff50beda12,,16,train
IMG_20251107_112203_jpg,train,640,640,2025-11-07T11:22:03,1.5kg:1;10kg:1;2.5kg:1;25kg:3;zacisk:1,7cf70905a759bb5080730dd49d6fc5b1e27dbc41fdf2c845cf9296db5c7697b7,be17c5932be9362cb6663266cd976991c56c93684c937993a16fa56987c84a92,,21,train
IMG_20250501_190302.jpg,train,640,640,2025-05-01T19:03:02,25kg:1,47fe584bf75dafd25084b7d356adb44206049818bd4d6cf50ea09826bf0be490,a32196d2ccdc332739cce733f3331cc60f73c9ccb3660e72c989f12106fc06ba,,2,val
IMG_20250501_185907.jpg,train,640,640,2025-05-01T18:59:07,25kg:1;2kg:1;5kg:1;zacisk:1,07394ad2d93d090cf14c1b7952ff6085ba4f478557a3a1fa94a308546ab2b5f0,e135b25aceceb33358c6ad24f319b18e1ed3a734d8ccb1270e52461cf981d8e6,,2,val
IMG_20251106_140946_jpg,train,640,640,2025-11-06T14:09:46,15kg:1;2.5kg:1;2kg:1;zacisk:1,fd4b94012997b7b71d9a3e2934873e09ad062ac164a306710f995173c8db014d,b326c9276c99278ccfcc6e694d23372ddd25cc6e4d241933f309c3cc0a4b3cb3,,16,train
IMG_20251106_133014_jpg,train,640,640,2025-11-06T13:30:14,10kg:1;2.5kg:1;25kg:1;2kg:1;zacisk:1,df6add9eefc09c026ada2bd70743c159a01f5c557c5c9cf33f6b891a0918c232,d6abd225e66ce6e6b765d44a0a0438a9b4d59aab9aad1bade4c8a6e30ea86e28,,15,train
IMG_20250504_205402.jpg,train,480,640,2025-05-04T20:54:02,10kg:1;1kg:1;2.5kg:1;25kg:2;zacisk:1,0380741a718e20ba704bff651b121b7a5df1ad9bcacb1b3fe736c28cab7d33bf,8c358c0d935e9eb7e7cf6e69cb8069c087e53afe4e2b60a98cb960e883c16a6a,,8,test
IMG_20250504_204132.jpg,train,480,640,2025-05-04T20:41:32,0.5kg:1;2.5kg:1;20kg:1;25kg:2;zacisk:1,d2764288267925cca43ad1fe6c8a6a9fddcb5a745daf9e6311616f2a6e320ce3,86d2a3f0992c03c426f43bfdfbdf383d73918a007e84bc5e193d21539f227d82,,8,test
IMG_20250501_190221.jpg,train,640,640,2025-05-01T19:02:21,2.5kg:1;25kg:1;2kg:1;5kg:1;zacisk:1,344f7a073c3a8eb292691bf8c6f9d465bf2455411a806ecf6248674b14858a4d,e321b292ccdcb26679cca96ce733b18c1cd2af2dd888b3650ed6870cf903b16d,,2,val
ZE_193.png,train,640,389,,25kg:2;5kg:1;zacisk:1,eb1faa3529793bac18127b84db281d595894b1ea3d40dbb950d4588a3529341b,ac93c6e49b4fccd81b6d332684ea4a75d345351813a7c2dce363be5e87a22835,third_party_video,,excluded
IMG_20250504_211342.jpg,train,480,640,2025-05-04T21:13:42,0.5kg:1,9be449b03ed68cfbe220718a6a8aac441c09cc26d4a833582792500e8fe0657c,95da84f1b235332e832e92b5edd6be857a487a49549d6c1b8c95df4073e47142,,8,test
IMG_20251107_113328_jpg,train,640,640,2025-11-07T11:33:28,1.5kg:1;10kg:1;2.5kg:1;25kg:3;zacisk:1,0ede08356c3b737d4bc71270fb3245cce4334053883aa2119e82e6a8d2599196,a5afde7392126735da2336b5c3153e32cf149a897cc9cb482f98c80d78711d65,,21,train
IMG_20250501_185759.jpg,train,640,640,2025-05-01T18:57:59,0.5kg:1;25kg:1;5kg:1;zacisk:1,eff308c13738414e466191172710410bc84c16ac3ca31faadcbfaf1b73cbabe8,e134b259ccceba3258c6ace66319b3341ecb37334cccf1865ad30e720f49f1a5,,2,val
IMG_20251009_134249_jpg,train,640,640,2025-10-09T13:42:49,1.5kg:1;10kg:1;2.5kg:1;zacisk:1,725b85b1f822f7b923ce2894c1e88329d86727bb79638fe5632aa78f2e6e1aed,ce799b6499b3619b3326cc73996c318e933266398ccc6c9a66519a6ccd9a31b3,,13,train
ZE_141.png,train,640,569,,0.5kg:1;2.5kg:1;20kg:1;25kg:1;zacisk:1,045d94cf10e24766d1897ea67f4c6ac5661aba7a25607f0458dbdac3bf076493,a238499948e6a666eb994c9b2c06d999b6719664498e2267a65ba77f193f49b9,third_party_video,,excluded
ZE_203.png,train,640,489,,2.5kg:1;25kg:2;2kg:1;5kg:1;zacisk:1,09780d6bf82df37b45d471976de7c0a26e2e9f6918e07375c1b20fc16839c0a6,ad995b2db666e696d3280cd95a596499a4d2a76259475b2da13983bc5b4e5a07,third_party_video,,excluded
IMG_20250929_115711_jpg,train,640,640,2025-09-29T11:57:11,2.5kg:1;20kg:1;2kg:1;zacisk:1,8a0096c4839d4cb753104cfae4bb93ed4ba6f9caef0e27f2e883b3a60a028164,9a4d9b65cf3966c99a6cce39313464c6c6d96cc9653333399e4c9a4e69b23126,,10,train
IMG_20251106_130001_jpg,train,640,640,2025-11-06T13:00:01,0.5kg:1;15kg:1;2.5kg:1;25kg:1;zacisk:1,343928c11b19779ca0856ad6186c5d359bb1bb4339480a9a2cb0953e427d3a8f,d599d10b7362a657a703e667486a0858b5da90b34ca55dadc96cbb5ab6d21696,,14,train
IMG_20251107_095342.jpg,train,480,640,2025-11-07T09:53:42,0.5kg:1;2.5kg:1;20kg:1;25kg:2;zacisk:1,15834a671ce21b8ea6871162b722e93022abd94265b969667d4fc6c99de925ce,dc13e18c92e42955f1eed4ab6bd532425982ccd180f599be976a87115cbc587e,,17,train
IMG_20250504_203927.jpg,train,480,640,2025-05-04T20:39:27,0.5kg:1;2.5kg:1;20kg:1;25kg:1;zacisk:1,46391f517ca190a113f5d1f4c71189aee6e9ed4bf346245842a93facf1bfb43e,8504be299dfa901ab7159dbcfe7b95f61a8a859606315b95a5f63a8bc514620d,,8,test
IMG_20251106_131002_jpg,train,640,640,2025-11-06T13:10:02,0.5kg:1;15kg:1;2.5kg:1;25kg:1;zacisk:1,f8356bf3455427b5aad8c9e138ca9e00c247d8f58898ea3e58077bd52fcc9006,8ccc8ee3b0b330c3b263b3932cdd22df309a8e344e3c4e39b2b21fb64a6b49ab,,14,train
IMG_20250501_191428.jpg,train,640,640,2025-05-01T19:14:28,2.5kg:1;20kg:1;25kg:1;2kg:1;zacisk:1,cdd7ae1d1722d3ab0dc5b183666c3da0bd738495f7a974853f3a8958b63a5351,a129edb23da770d058864370637fd1a6ea74499664b3ba786c965335183b3753,,2,val
IMG_20250908_113017_jpg,train,640,640,2025-09-08T11:30:17,1.5kg:1;15kg:1;2.5kg:1;zacisk:1,b5349fc0fa3bc3029a50e1f04aa263c9bd5c6d94e9311cf948e68e718f3d3d4b,ce699b64cdb364993326ccd3cc6c61923933ccc9c6cc71336ce39a4c671931b6,,9,val
IMG_20251107_120359_jpg,train,640,640,2025-11-07T12:03:59,25kg:4;2kg:1;5kg:1;zacisk:1,5c59ed0ced58dc6ff0ac211ab23a871ac3d1e503ae186258802a5f79f3bb3269,964dc9266db2259bfa49364909346b6d4d8bb5b60492cb651bed85b2f9296a93,,22,train
IMG_20251107_115946_jpg,train,640,640,2025-11-07T11:59:46,25kg:4;2kg:1;5kg:1;zacisk:1,26710f9386c17ffa2db897e6644f9342979d68031e2ccc7cadf6d0869208d0b2,ad1dd54696f16979961634abc3d8223cad2babab68ae1ab2e4a2abab8e385a21,,22,train
IMG_20251107_095347_jpg,train,640,640,2025-11-07T09:53:47,0.5kg:1;2.5kg:1;20kg:1;25kg:2;zacisk:1,62dbf7e586a6bbbe8e5e5981362582cb683f501913557f248e66d4522a150ea5,c770f5eb94ce2dd01bc94ea1e23c71da742a89972435999fc63a54b8384eaa55,,17,train
IMG_20251106_141015_jpg,train,640,640,2025-11-06T14:10:15,15kg:1;2.5kg:1;2kg:1;zacisk:1,c5521e58205a226e29af8cfee57a4cb92203e41b5cfc03253e37dd98ddbbca8b,b966d976b0d13091b2f4a4d34d3b56a7d2cde9cc4b9c3911a474c2f45ab528b1,,16,train
IMG_20250908_113002_jpg,train,640,640,2025-09-08T11:30:02,15kg:1;2.5kg:1;zacisk:1,890328e074338ac70664f7f0d8b89bf3ac20170b46a8109b186d5ac0c2c76734,cc649b26cd9366d93336ccc9cc6633993993c64dce6c3193cce6ce6c21993196,,9,val
IMG_20250929_121711_BURST002_jpg,train,640,640,2025-09-29T12:17:11,20kg:1;2kg:1;zacisk:1,790807255394789c106c36ff96edae2941613c348d4fa06ea099dfc113a774bf,cc649b36cc7366991993cccd99336699cce6c6cc33386673ccc69b3166613986,,10,train
IMG_20251107_111647_jpg,train,640,640,2025-11-07T11:16:47,15kg:1;2.5kg:1;25kg:3;2kg:1;zacisk:1,b04ac8e5750e34ccf40d4e2629499a90f60be04d4ef0b3a2e292da64ad67e0cf,d932cd9726cd327ab649366448b44d8bd54bb0e809b67b378559c5db4ec54a94,,21,train
IMG_20251107_112940_jpg,train,640,640,2025-11-07T11:29:40,1.5kg:1;10kg:1;2.5kg:1;25kg:3;zacisk:1,c72ddb605297f8462607b841deade0f6a722e62ba2edfa3e3021b488ea4e44ce,f0d98b8b8b0772f90bb22d9786b14a07586db4c9f0bcfca40cef9ce1c463cca4,,21,train
IMG_20250501_183438.jpg,train,640,640,2025-05-01T18:34:38,1kg:1;2.5kg:1;25kg:1;zacisk:1,3f64616d05b0b5ac90181817754ef75ab92a67aaa701099606346922459eb107,837a85bccc8421fe78cc295ac39eb5637621bf08c3d8b1dc5c8ce733d8d32272,,1,train
IMG_20251106_135617_jpg,train,640,640,2025-11-06T13:56:17,10kg:1;1kg:1;2.5kg:1;25kg:1;zacisk:1,d02f794c0ae637ea9575708a731b9dea24714e6efb2466d852ec3f14b8c5e14e,f38680700fe1730f8732330e1baf718a24c88f34267e4ce919b9b7c6b0bf6ce9,,16,train
IMG_20251106_141109.jpg,train,480,640,2025-11-06T14:11:09,15kg:1;1kg:1;2.5kg:1;zacisk:1,ce253999d9f544fc15bc6478ccfb75ebae2fd7f213fce9e304ce8d9a8f6d0f25,accbcf4f9b2619240cc1069737b6577635df089ac8c6e2c668d67d93e89a4899,,16,train
IMG_20250501_190050.jpg,train,640,640,2025-05-01T19:00:50,25kg:1;2kg:1;5kg:1;zacisk:1,0e5a9649e76cafb5793caedecd15279541ea9899dbcd622e2a5048819e18bcce,e135b25aceceb32658c6ad2cf319b18e1cd3af24d8ccb3270e52b50cf981b0e6,,2,val
IMG_20250504_194227.jpg,train,480,640,2025-05-04T19:42:27,1.5kg:1;15kg:1;2.5kg:1;25kg:1;zacisk:1,c9f844a3bcac509bdd08d5ad168f6ebe2dc84f9aeea25904b6f61433a5cada33,d5469d4d1ad9a4322ca40ebce6723e6d1ad985323a2d8d9722eb0ad9d5167367,,7,test
IMG_20250929_115713_jpg,train,640,640,2025-09-29T11:57:13,2.5kg:1;20kg:1;2kg:1;zacisk:1,01eaa077068b8bd5298852ad979c6eff87f29b529400d1aa53a0066698d6e60f,9a4d9b61923966cb9a4ece79332464e7ce99ccc964b3333196499e4d6c9c3866,,10,train
IMG_20251106_140426_1_jpg,train,640,640,2025-11-06T14:04:26,0.5kg:1;15kg:1;2.5kg:1;zacisk:1,eabe7a7d0350bf8cfd4405a4920ff7cdee19bead82222a0df50c8fe5b85dfa58,b336c92764d92499c64da6cd19b23319cf69ce66193231b3e6ccc6cc1eb33591,,16,train
IMG_20250908_112131_jpg,train,640,640,2025-09-08T11:21:31,1.5kg:1;15kg:1;zacisk:1,faa52d201d8b6785e1978637d7da3349b1c381fe33514b36762acb9cd3e86590,cc649b26cc9366993326cccd99397399cc66cccc33197333ccce9c4c673131b3,,9,val
IMG_20251106_140411_jpg,train,640,640,2025-11-06T14:04:11,0.5kg:1;15kg:1;2.5kg:1;zacisk:1,0dee7ca857e9bacc96995397b8bdb28ddfb784c8092c7e5e3536c1b422ee4b24,b336c92764c92499c64da6cd1996311bce69ce6619323933f6cde64c0e712db3,,16,train
IMG_20251107_120101_jpg,train,640,640,2025-11-07T12:01:01,25kg:4;2kg:1;5kg:1;zacisk:1,b3fe21c8ecbf7593b2bcfa1789153405f33194ba7d029c3b6d46ad7c20aaec64,ad97d296d2d22d61d31e254f5a6134b0c92be71f5d3cd256a1e3106b1cb45f05,,22,train
IMG_20251107_110041_jpg,train,640,640,2025-11-07T11:00:41,15kg:1;1kg:1;2.5kg:1;25kg:3;zacisk:1,b83a748f24b71691985d8f5e678a03df2fe6ee4aed6408d0e52516c4691159a2,db36cb8666dd365886c9364c49b66c9ab17a87935b36c926854ac4832af57a2d,,20,train
IMG_20250929_120236_jpg,train,640,640,2025-09-29T12:02:36,1kg:1;2.5kg:1;20kg:1;zacisk:1,317b9318cd2aa0f2da79c1e43ef352306b1b4cd8635e99000d12e56132236d0a,9a6d9b659b3926cd9a6cce3931366486c65964c966b13398ce4c9a6f399331a6,,10,train
2.jpg,train,640,426,,1.5kg:2;15kg:2;2.5kg:2;25kg:6;zacisk:2,3ffe6337a5f7c327f21eaa1e7e494b4bd5966baaadc5ed67c0844378bafa9c1e,800e57eea02d75ec802d5fe682136df3a8317cccb8887c73eb3334d771aa9255,third_party_press,,excluded
IMG_20250504_204557.jpg,train,480,640,2025-05-04T20:45:57,0.5kg:1;2.5kg:1;20kg:1;25kg:2;zacisk:1,00ea8380bb024307d9fcca82e0bb7a54ed491ebb9045d19ab3a7c60d2a85f286,8ccacc9998dd3ddf67dcde00e3208fa08fee7a4e98667043d3724c6286a43e3a,,8,test
ZE_207.png,train,640,525,,10kg:1;2.5kg:1;25kg:2;zacisk:1,5d90511890978ffc19f887ca5e423d4141f22cb6194e6e7d4f13ac66fe983f42,f77d1df7e30c2619a649732c08a6f71c8cc318e3c996b73c22593269e386b564,third_party_video,,excluded
IMG_20250929_121531_jpg,train,640,640,2025-09-29T12:15:31,1kg:1;20kg:1;zacisk:1,f6547eb1d8a3c6622278086165b11af2d22cfc50f33fa58492bf36fcd05712c4,cc649b36ccf366d93993cccd99316799ccc6c64c33386693ccc69b3466683196,,10,train
IMG_20251009_122558_jpg,train,640,640,2025-10-09T12:25:58,1.5kg:1;10kg:1;2.5kg:1;zacisk:1,a9c505d5acc64f1c0980654b1729d916c3976f6efa05c1e4107b4e1a010f9989,cc619936999333193336cccd9b36339899b3cccc731c673364cc998c66d97992,,13,train
IMG_20250504_195140.jpg,train,480,640,2025-05-04T19:51:40,1.5kg:1;10kg:1;2.5kg:1;zacisk:1,909a3a03869ab9236e1c6d8f5be24434cec706388ec7fb90c44656efae61bfdc,d6899a7f8d26ba52a7ddbc1d8f71a50c3bc6e4087297694660206b67f4887387,,7,test
IMG_20251107_095807_jpg,train,640,640,2025-11-07T09:58:07,1.5kg:1;2.5kg:1;20kg:1;25kg:2;zacisk:1,973e5fbae57bbfd549a7c920f6e40c3a7b4316451c6fa8feee89b68b4476c581,f2c5e8f5cf1e9fcfcc1692ce925539ed33e21f81318009f63b6ad2099183d251,,17,train
IMG_20251107_100240_jpg,train,640,640,2025-11-07T10:02:40,1kg:1;2.5kg:1;20kg:1;25kg:2;zacisk:1,e8cbbaa97c4c88174d659285bf99c59465ad78d51f61fdb13e13f2be90d2ee42,a49680cf81d7409f98cfa41f551f7f83a771a7e435e41b6e02fd803dd01bea11,,17,train
IMG_20250929_123308_jpg,train,640,640,2025-09-29T12:33:08,0.5kg:1;2.5kg:1;20kg:1;zacisk:1,2247a76917ab68139619eab6ba9a6a89f1a9caf761bfc7839c5e83f79f1564b1,99649932999966d9ce65cce699b66499ce6cce6c9a6c3996cc649864993139b3,,11,train
IMG_20251107_113317_jpg,train,640,640,2025-11-07T11:33:17,1.5kg:1;10kg:1;2.5kg:1;25kg:3;zacisk:1,c532ea96793f3ea7aa076ff1be1932aa5fe79590e0aaf17be7cca199100bd756,a5abde7392136735da2336a3c3151e14ce34df083cd6ca492f9ccc0c74752d65,,21,train
ZE_159.png,train,640,513,,2.5kg:1;25kg:2;5kg:1;zacisk:1,92fda8a1771628cc80ef1af7067dd910af6f3f95a63740e07b792062985b1522,aaab1baa6a6ea4dad51159993aaa7a6ee4269d455b15590bacaaa4ae6295591d,third_party_video,,excluded
IMG_20250929_120628_jpg,train,640,640,2025-09-29T12:06:28,1kg:1;20kg:1;zacisk:1,b9d9bb2fa2c7e4183d56c0d189340b5c30d5dac0dbb6cfaa112aadca4aaf8910,996499b29b33324c9966cccd39b37399ccccc664664e33c6c6719b24666633b3,,10,train
ZE_32.png,train,640,505,,2.5kg:1;25kg:2;5kg:1;zacisk:1,b025de0c69a0b0cd9138a66fceb4d8ae44c2e965772d5571409d157f789178a4,a6cd8fa75936e68d07e30e8ea4d973b2cd52920de81624d847eead557090add2,third_party_video,,excluded
IMG_20250501_190844.jpg,train,640,640,2025-05-01T19:08:44,1kg:1;2.5kg:1;25kg:1;5kg:1;zacisk:1,408b5df00510553bb4bdaa4d108ff656fc82e3a362218e7e93e2288613aa9a4e,84b5ecb13c93308a7bca5b72e177c133cb5a19995499b26eb01b5713983d36c9,,2,val
IMG_20250504_195141.jpg,train,480,640,2025-05-04T19:51:41,1.5kg:1;10kg:1;2.5kg:1;zacisk:1,8df59f82dcc06e418c5b78f936ab191f7b002e917dca80f21d36f5bcb86fcb2f,d7899a7f8d26ba52a7ddbc1d8771a50c3bc6e4087297694660206b67f4887387,,7,test
IMG_20251106_132934.jpg,train,480,640,2025-11-06T13:29:34,10kg:1;2.5kg:1;25kg:1;2kg:1;zacisk:1,89c629a8aa08b1220aad22c48bc606ad2a07adf2fc21fe018a745bf283a1e8ad,f2a5f8b4b9aa3aa4b474d570c67486b508a71d6b356d91592651f693e512666a,,15,train
IMG_20250504_205033.jpg,train,480,640,2025-05-04T20:50:33,1.5kg:1;2.5kg:1;25kg:2;5kg:1;zacisk:1,85a322e42db5fba7b4cd83ef34d27c7bbd50af733f8dbe7141e966fd941b84ef,8ce9ce5c964d34ef61dbcb92f3b08ab402233a23582b7059d37926798b953e8d,,8,test
IMG_20250501_190448.jpg,train,640,640,2025-05-01T19:04:48,2.5kg:1;25kg:1;2kg:1;5kg:1;zacisk:1,78585aa8b39584f3e044797d86ea4234f0e2e5e40faf54ccb4c2d3a401069c17,e36b9496cc9933663999c662e626399d0ee6c919b30c0ee60ddbf303958d0eb5,,2,val
IMG_20251009_133631_jpg,train,640,640,2025-10-09T13:36:31,10kg:1;25kg:1;zacisk:1,cd7e3835ea8cecf0e73bb509e74e4e02d2ca4149fe147bcae82c9922a65720b7,ce6199b49937665b999c666999336792198e666966d964d366639b2c339c1992,,13,train
IMG_20250504_205600.jpg,train,480,640,2025-05-04T20:56:00,0.5kg:1;10kg:1;2.5kg:1;25kg:2;zacisk:1,c433ace39b7d597e99620bc9850e53c35809bf02ec463d536a714a66e2413351,8cb58e0fb35e1e3665cd7a81c38065c002ef7abe44ab68b9cae073ca9bcc783a,,8,test
IMG_20251106_135706_jpg,train,640,640,2025-11-06T13:57:06,0.5kg:1;10kg:1;2.5kg:1;25kg:1;zacisk:1,453549781ece001bfea818250c6c9b9193e455d7f954c6185cb2f5827e6e1041,aa998954594a66cae67366638fcc389ed9389b211b371d98e4cee66b0b3139b4,,16,train
ZE_59.png,train,640,566,,10kg:1;25kg:1;zacisk:1,49e055d838185a0e02af687994f6d2ca4a3aeec5899b29138ec297f210c557eb,abaaaaaaa6ea66ca98882adba37353629d8918a9a2266652a5db5cc9d74d5755,third_party_video,,excluded
IMG_20251106_140718_jpg,train,640,640,2025-11-06T14:07:18,15kg:1;2.5kg:1;2kg:1;zacisk:1,cb28632449426a0872919d189bdd2635002d55b89d13a5ece7431a1a36662009,f326d192e39b678cf31ce64cd6e92399cb38cb2c07330c730c9cdb6454711cd3,,16,train
ZE_226.png,train,640,584,,0.5kg:1;2.5kg:1;25kg:3;5kg:1;zacisk:1,79ae46815bf860fbeb70d548d1779534a1a27df1634c1b754cec9b88ea6e3f19,d9cc0606b333b1f0cccc8d9de627f272c35e8c8db1d9f97091238d0ec68cd279,third_party_video,,excluded
IMG_20251107_100322_jpg,train,640,640,2025-11-07T10:03:22,1.5kg:1;2.5kg:1;20kg:1;25kg:2;zacisk:1,39d9e371a026fee5bcb6400a2fa22426943f7bdf724630a3cc229f908b4f2c0a,f3c18bda8e167a43ccb812631741a53c732efc0121ed8d83782f887f0df64eda,,17,train
IMG_20251107_112905_jpg,train,640,640,2025-11-07T11:29:05,1.5kg:1;10kg:1;2.5kg:1;25kg:3;zacisk:1,c46fa208afbe649e8bacf74ccf7b083746e1761ca916a727143643f2a466d9b1,f0f38bb48f0e306896d9e4d38c72e907d965b2cbb0f2cd34ca87944bb5493a94,,21,train
IMG_20251106_131358_jpg,train,640,640,2025-11-06T13:13:58,1.5kg:1;15kg:1;2.5kg:1;25kg:1;zacisk:1,50931bc2414f2640959250282a21361616669484ca50561531421ff323438a26,f000cefecc3133b3de212349e90278f63f8fc634b0008c28bdbeb71796f9b269,,14,train
IMG_20251107_095328_jpg,train,640,640,2025-11-07T09:53:28,0.5kg:1;2.5kg:1;20kg:1;25kg:2;zacisk:1,cad9ee2c6f5f0ed9ba8e15d358c84b78b3dffc7eeb578ec276ba60e64f6e101b,c23353da3ddc67b51acaa42f705b36f926a71ad92251384fe60fc1b815e24725,,17,train
IMG_20250929_120743_jpg,train,640,640,2025-09-29T12:07:43,1.5kg:1;20kg:1;zacisk:1,675fafbe2060f7f7a448d1d60f70deab57519ea338b0b7d9ad545fd1b825f1ff,996499b29939324c9c66cccd33936619ce6c6664339e3993ce39999c64cb659b,,10,train
IMG_20251107_115820.jpg,train,480,640,2025-11-07T11:58:20,1kg:1;25kg:4;5kg:1;zacisk:1,4edff23f0a2165d904329a2ac164a76a9e883dc92dd049d59acd57efc1f07056,86639e4f9acd5fad66b784d782c76a0fbb06da404a40e69ca49ce668ee20df90,,22,train
IMG_20250501_190752.jpg,train,640,640,2025-05-01T19:07:52,2.5kg:1;25kg:1;2kg:1;5kg:1;zacisk:1,55a8b89aba249a27a5f35aa70bcfd23c0f490a7795086d3917b7a8c09495f698,80b6ec9b3c9930883989cd72b33e999baa491d991eccb3669cc903669afca7c6,,2,val
IMG_20250501_190452.jpg,train,640,640,2025-05-01T19:04:52,2.5kg:1;25kg:1;2kg:1;5kg:1;zacisk:1,e65c54b7eb0bfadb00f8ce27398ca73b98385bb063bad2006e80840944646cd1,e36b9496cc99b26439998e63e666399d1cf68b19f1982e660cf4b30bf1860cb5,,2,val
IMG_20251009_121912_jpg,train,640,640,2025-10-09T12:19:12,1.5kg:1;10kg:1;2.5kg:1;zacisk:1,174883db4c44f9938d0d14b4db1df402129185b18c3d49ca0c25c0d800acb000,cc67993639983399ce66cccd633063199b67cccc64cc6633cc6c992ccd9931b3,,12,val
IMG_20251107_095427_jpg,train,640,640,2025-11-07T09:54:27,0.5kg:1;2.5kg:1;20kg:1;25kg:2;zacisk:1,9e2afd648ba27d3fd6204a41eea405850dbc6201a64da06f4c75086759962139,c633d34b52d807339bcba535b4341b4b4f23c63025b58d8ceabaf8c81ccd0fcd,,17,train
IMG_20251107_111344.jpg,train,480,640,2025-11-07T11:13:44,15kg:1;1kg:1;2.5kg:1;25kg:3;zacisk:1,95d68720334d08d3af9a656571e0e750b151883204484d1e47e102e0809d8a70,f1e683c38e1e747ab2e1bc3cb3dc9a8ec920e92781c3b69a1549e265d542a5ba,,21,train
IMG_20250501_182830.jpg,train,640,640,2025-05-01T18:28:30,0.5kg:1;25kg:2;5kg:1;zacisk:1,8b372f6401b7fe88452374e312eeb2f3b2d96275cfa2a6f2c2b7d801faafc1b1,a5368f5c9a79a28a1b89d2c185550b9f64a679e1c615255edaab6a20ba2be6e7,,1,train
IMG_20250504_194520.jpg,train,480,640,2025-05-04T19:45:20,10kg:1;1kg:1;2.5kg:1;25kg:1;zacisk:1,a2fba7f576cb68196c957d6d596b287c62991eea8333f943463cc2823a7c545a,806d9c929996846dab69996b3ec889d716b28b6d77eaabb9a5885013817f7698,,7,test
IMG_20251106_131214_jpg,train,640,640,2025-11-06T13:12:14,0.5kg:1;15kg:1;2.5kg:1;25kg:1;zacisk:1,00c39c28ac93e615e4a20b76c864616f4ad38933993811f1883f312a424d4220,a556f063db6c176e1bb16b5884de4e2368ce84f3371119cd7b2cca63b4862b1c,,14,train
IMG_20250504_204553_BURST004.jpg,train,480,640,2025-05-04T20:45:53,0.5kg:1;2.5kg:1;20kg:1;25kg:2;zacisk:1,22e65ef7dd0ab146ea12711b927201e327c39f4e4689f8f7b648d2cc187144f7,8489cc199add3fef67fe9a00e320aba48aae7a6f987b706393700e62ae953a18,,8,test
IMG_20251009_133827_jpg,train,640,640,2025-10-09T13:38:27,1.5kg:1;10kg:1;25kg:1;zacisk:1,2d71f5b43196eb4cb564ce4535bd335495c0113373baf73343e906879d0b5b76,ce5a9b399a6c648e9b316658994c64e73339e6d264d36d8c6c71924b678e3931,,13,train
IMG_20251106_130315_jpg,train,640,640,2025-11-06T13:03:15,1.5kg:1;15kg:1;2.5kg:1;25kg:1;zacisk:1,e0e705fbad2b3ea00f3040d6e3da1a60046922827084f42008cb383d25d5d640,f08bcc5ed1f683aed2440f432c792c7dd079d25b26c14ed347b8c13e581738f2,,14,train
IMG_20250908_105747_jpg,train,640,640,2025-09-08T10:57:47,15kg:1;2.5kg:1;zacisk:1,078e35f46a4eac2837c5f3911bf3db673c6dc3a7c5082650c10fd9ff7ad86d77,cc659b36999964d93336ccc39b3665989993e64d66cc649366638e4c31996d33,,9,val
IMG_20250501_190730.jpg,train,640,640,2025-05-01T19:07:30,2.5kg:1;25kg:1;2kg:1;5kg:1;zacisk:1,7cf840350a8468ba89145e73b944ea1fe877b9a97a2861cb1c77b8125b1b9a83,84b6ec993c9938c93949c97ba53b999aaf491d8916ccb3669ce1972298fca7c0,,2,val
IMG_20250501_191436.jpg,train,640,640,2025-05-01T19:14:36,2.5kg:1;20kg:1;25kg:1;2kg:1;zacisk:1,72f5e356159935b3dd41678a25831c31c592f9fa2d0895f54fd5ecaff3537cef,a12dedba3da770d058c24370637ed1b7ea74499244b3aa796cd26335183d3743,,2,val
IMG_20250504_195119.jpg,train,480,640,2025-05-04T19:51:19,10kg:1;2.5kg:1;2kg:1;zacisk:1,76c405d80db430dea73cf88d889494bb3e3794ea543e273994f02c4f239ebddc,d6899a7f8d2eba52a7ddbc598771a50c3bc6e4097293694660206be7f4887383,,7,test
IMG_20251107_112409.jpg,train,480,640,2025-11-07T11:24:09,0.5kg:1;10kg:1;2.5kg:1;25kg:3;zacisk:1,89e999989bb5854fb57b6c89bdb398fda1c9247001c8b39441f834c3b7dc52dc,b4995449994b669bc8dc5b455497c7ba6caa98aadcabb098c6154665b377ad48,,21,train
IMG_20250501_191207.jpg,train,640,640,2025-05-01T19:12:07,1.5kg:1;2.5kg:1;20kg:1;25kg:1;zacisk:1,a2564e2d2bba8b5b7dd0721dcd14afd47106a489c6c26ca16c3bc7173f4a9986,a16aed767da7709452945261e264cba4ca7459b775bee27164b44268987a3657,,2,val
IMG_20250504_194748.jpg,train,480,640,2025-05-04T19:47:48,10kg:1;1kg:1;2.5kg:1;25kg:1;zacisk:1,8b9bae1161d75552f0d066508dadc04788558c48656017249108a612d9f68804,806d969299b2846daf6b996bbecb89691fb2886676d2bbdba7884801813f7698,,7,test
ZE_161.png,train,640,539,,10kg:1;1kg:1;2.5kg:1;25kg:2;zacisk:1,63b268a0998fb042639781aac257407e31f8e379368dcdd4555afb1127d8c665,aaaa1aaba48ce4d4d3752caa531a5553a555912a5adad555a5dc6e4c5a55e555,third_party_video,,excluded
ZE_106.png,train,640,596,,25kg:2;5kg:1;zacisk:1,c8106b257d48796ea89e35e51b9475733c56617bf084504a608780864dcc1bc0,9aeb18a3d07556dca8acc94c115cbb612a69a666d6c5592c38bec64ea56ed8ce,third_party_video,,excluded
IMG_20250504_203715_1.jpg,train,480,640,2025-05-04T20:37:15,2.5kg:1;20kg:1;25kg:1;2kg:1;zacisk:1,e8d81561ebbcd6aab9fa1471c263315bc57371163bf93a32e9d784cea662722b,a1258a499c9a943436f31ef3867736f8189aa5331673c93c3fdc3eeb8125624d,,8,test
IMG_20251107_105931_jpg,train,640,640,2025-11-07T10:59:31,15kg:1;2.5kg:1;25kg:3;2kg:1;zacisk:1,fbd21cf865ffb683f82da9a6f270b229ac231eee4a781754b4b4c509366aff1b,acf3b5d2638c66ad983c65986ee11d24851906873e739a78a38fc1df5e603cf0,,20,train
IMG_20250504_194917.jpg,train,480,640,2025-05-04T19:49:17,10kg:1;1kg:1;2.5kg:1;zacisk:1,ccef7a4f85591a0568d40d9925268c9d0b9a92d1b2a92ac9cf63aa4324892dcc,84119a6c9aec9432ad938c931e7695591aacc55316b6a11da2ef6beec5117be6,,7,test
IMG_20251009_123031.jpg,train,480,640,2025-10-09T12:30:31,10kg:1;2.5kg:1;zacisk:1,83f06b2d535a0d0188ca3136485907eba4e07b2489f5d3ce1a713439bf3bfdcf,82f680e479eb646a66627c8f8d8c7b9c3d999fd4930c9d0cb709951e978e3207,,13,train
ZE_54.png,train,640,503,,2.5kg:1;25kg:2;2kg:1;zacisk:1,023d09c5b433ab876bc13787065f24922fdeeeafef83890a572348e87ef2337a,e1dfb530a443e1dfa3f30e40eb0fcb6f8f003e1ce0ffc28092b09e03ef08e1ea,third_party_video,,excluded
IMG_20251107_112912_jpg,train,640,640,2025-11-07T11:29:12,1.5kg:1;10kg:1;2.5kg:1;25kg:3;zacisk:1,68ffebd2b986a78db6d506d3121d7d04e614b24d4b85fc250655fbd2a366eb0d,f0f38b948f0630e8b6c9a41b8e32cd26e97cb1cab0dac934cbb68e69b5893a9c,,21,train
IMG_20250504_194923.jpg,train,480,640,2025-05-04T19:49:23,10kg:1;1kg:1;2.5kg:1;zacisk:1,16ffceeceb98f93d58adab8357358e3342c716ba7f428c8037a666b027b9e98d,84119b6c9a6c9412ad938c931e72957d1aaec55b16b6211da2ef6feec5113ba6,,7,test
ZE_151.png,train,640,444,,10kg:1;2.5kg:1;25kg:2;zacisk:1,65ed7cb96be551c71256ff4364a350a6b2ebe2543ad12d79438c205a7688d3ff,e3457fa080a23fc5e00c83f83f01183e63e04505f0faf36087b68dfe19fc5ecf,third_party_video,,excluded
IMG_20250929_123839.jpg,train,480,640,2025-09-29T12:38:39,1kg:1;2.5kg:1;20kg:1;zacisk:1,a4e3a605cec27fa7acda2fb2d6e2685551abb6acab24dd41dadf70d76686d858,8f5573aad0af657761cab0c566e39205daaa4f5469cad8f5628b927d620681f2,,11,train
IMG_20250504_203847.jpg,train,480,640,2025-05-04T20:38:47,2.5kg:1;20kg:1;25kg:1;2kg:1;zacisk:1,139ed77d735816218889caaa13ce21a4c2cff3525c80dd9a13cef6451d51e508,c534be6d8dba9a0ab6518dbcd60985de1ac985b2263919d625ff3bcdc5307205,,8,test
IMG_20251107_111743.jpg,train,480,640,2025-11-07T11:17:43,15kg:1;1kg:1;2.5kg:1;25kg:3;zacisk:1,8c2c0ddf500a5fca97bf69f232c3a8e039e8795ce4d8f8728f11910c821d3028,a524d552d2523072f5219f017563d2657a432f85cba123eabdf487f40fd7031f,,21,train
IMG_20251106_141010.jpg,train,480,640,2025-11-06T14:10:10,15kg:1;2.5kg:1;2kg:1;zacisk:1,68a3c7ad59e23bf95c8a95ed16b8b7c607d7a0549621c2b66a319989ef924f8b,dcf55cf5e06da26cc76dc71bc7194b12bb16969487934392ca6484a4749643cf,,16,train
50.jpg,train,640,373,,2.5kg:2;25kg:2;2kg:2;5kg:2;zacisk:2,2ab8e63d3c82605b26e73988eab84b555f0ed55f276ddf00bf5aa697bb80113e,99995966e699246fd9e6b390384ef799186666918c665b8eb9996666a3991866,third_party_press,,excluded
IMG_20251106_140641_jpg,train,640,640,2025-11-06T14:06:41,15kg:1;2.5kg:1;2kg:1;zacisk:1,df21b7a516d6fea2edba913541b5d7affa6e8815cb23837b93e0b09d1805bc67,a0730c66793e733852ce513b916f526e99e35d634d664d46ab538a5b3a53388a,,16,train
IMG_20250504_205852.jpg,train,480,640,2025-05-04T20:58:52,0.5kg:1;15kg:1;2.5kg:1;25kg:2;zacisk:1,a86e984f509ecb89f55a12a0ca959de578c30fdf2112e76f4a4081dbefa52c17,8c2ba63a93dc1eb26f183a0ae2077b0707ce72d89cba693b938363c6af8a587a,,8,test
IMG_20251107_113936_jpg,train,640,640,2025-11-07T11:39:36,0.5kg:1;10kg:1;2.5kg:1;25kg:3;zacisk:1,da6e59accfadf21036337633b876764c26c2d114ae2f4b5c940071caf0f9e785,863996759ad6395c994e6007a80558d25330e185e18551875297db9ebdafbd7b,,21,train
IMG_20251107_120701_jpg,train,640,640,2025-11-07T12:07:01,1kg:1;25kg:4;5kg:1;zacisk:1,c705bd5555e9e9d2063c451e7aabf58334e7b685ea049781898ff06a54c9d727,fc79890787a0340ea74bfb408ebf6d132d1b36cb34c54b254f81479b65d32d07,,22,train
IMG_20250501_190653.jpg,train,640,640,2025-05-01T19:06:53,2.5kg:1;25kg:1;2kg:1;5kg:1;zacisk:1,f378559d3b0f15e8943c51108033dc35a2b26163266110e841e0473126ee658e,94b6fc993c99384839498d3ba73b9b88ad491cc99266a366cec1cbb60cdce6b2,,2,val
IMG_20251107_112916_jpg,train,640,640,2025-11-07T11:29:16,1.5kg:1;10kg:1;2.5kg:1;25kg:3;zacisk:1,309b33b25fa59713226f243446832f7eececeea273cfc850bdbcc7b30c6e0a27,f0e98bfc8f0630688d9a25da86f84f175a6cb64b34538e160676c6f3c6738e94,,21,train
IMG_20251107_110251.jpg,train,480,640,2025-11-07T11:02:51,15kg:1;2.5kg:1;25kg:3;2kg:1;zacisk:1,94d748409601b9459f02f7f91b096c94f21ab4622a87c43bf07f737161037a98,f0f094208fbccf1e787024f804087bdfb1628b6fcc0c4c18efe89e40b77b3fb2,,20,train
IMG_20250504_204256.jpg,train,480,640,2025-05-04T20:42:56,2.5kg:1;20kg:1;25kg:2;2kg:1;zacisk:1,4f0a29f1cafdbd5918662b7d46da9ac045fcd5543b7f83a6da6292d5ffce0601,86d6a3f0992903c026d63afcebffbc6f51b52b006aa066c4983f713d825d1fa1,,8,test
IMG_20251107_105040_jpg,train,640,640,2025-11-07T10:50:40,15kg:1;25kg:3;2kg:1;zacisk:1,07b3758b73436c27e968b0a6ebe056e4ed0a045a9f1c393b512d3d415bfbd0fa,b0d18396cf163fc1c92c30f917c1b0ac7a29ff0125698f866ed68c6d8c764ed6,,19,train
IMG_20251106_131344_jpg,train,640,640,2025-11-06T13:13:44,1.5kg:1;15kg:1;2.5kg:1;25kg:1;zacisk:1,e3a331f22a93e30b826c06be9edf3fe8c69d0af4558c40df133bc59789faf205,d4bbd2a9a466e6cac655e4ca0c9d2890e5500d551eb9b3bcb1c5ef634b28f6a8,,14,train
IMG_20251107_120357_jpg,train,640,640,2025-11-07T12:03:57,25kg:4;2kg:1;5kg:1;zacisk:1,10dffddf03a89f06e1c2e710c769367a5c5f62e8bf8852488c2ad17728d9bca6,964dc92429b6259bfa4936d949b46b6dcd8bb5b60084cb6513ed85b278497a97,,22,train
IMG_20251107_112331.jpg,train,480,640,2025-11-07T11:23:31,0.5kg:1;10kg:1;2.5kg:1;25kg:3;zacisk:1,8ff6c801e90efec012d60acffe93e20bbb62327363d068abd646f60aa154b5eb,a4ced82dd13424c3c507db6d3cd1c3dab79a4033196d5ce4a496e61c3c6d99e6,,21,train
IMG_20250504_210447.jpg,train,480,640,2025-05-04T21:04:47,0.5kg:1;2.5kg:1;25kg:2;5kg:1;zacisk:1,509dddf42954dd66288d9910eac220f032d46925a159f2e176871eb0fc89ffee,81168d368eec8e0f3f3a0edd93c511390e5c258671b76d6567aee9b2c030f09f,,8,test
ZE_50.png,train,640,512,,1.5kg:1;2.5kg:1;20kg:1;zacisk:1,e0f306089c63c05882df2ec846ce44f75dca9ca1d3ae028ea795ab9bf14b41c4,b8900747326c8d83a0dce7671baa1dc1675dd8a29f92725c756f17499e93823e,third_party_video,,excluded
IMG_20250908_113129.jpg,train,480,640,2025-09-08T11:31:29,0.5kg:1;15kg:1;2.5kg:1;zacisk:1,9b4b1f4f5ad4593b550db1294ccc13fe97026650834bc1db9bb0ccee9352dfa5,82d6b1607926b66db458927cccd9c163c1e99689b632bc66869f8bde21c9e783,,9,val
IMG_20250929_121719_jpg,train,640,640,2025-09-29T12:17:19,20kg:1;2kg:1;zacisk:1,3acf310cfc6f720cedaae044277501b1552c264bff9c7ef5d5ff2b8954d3bcf6,cc649b36cc7366993992cccd99336799cce6c4cc333866e3ccc69b3166713186,,10,train
IMG_20250504_203819.jpg,train,480,640,2025-05-04T20:38:19,1.5kg:1;2.5kg:1;20kg:1;25kg:1;zacisk:1,835245d62cfce031ea8c8481195c38ec681b37cc7e2a930e94a343bb2694b242,806db84b99909077a6a29da0fe7b9fd4189a852566637bbfadc47a188925665b,,8,test
IMG_20251106_135005.jpg,train,480,640,2025-11-06T13:50:05,0.5kg:1;10kg:1;2.5kg:1;25kg:1;zacisk:1,ef4f609a8f1b3b58c57a61a5dbe8fdc1ce60028e625918bebcc7678bdae41d01,8f8c2e1c679d4768446ec467e0bbd794db16f80b6c4535e425b22c267a0dd38f,,16,train
IMG_20250501_183416.jpg,train,640,640,2025-05-01T18:34:16,1kg:1;2.5kg:1;25kg:1;zacisk:1,9b837c46f4be46dce159d9f3d1db0d9e5e801bbc818d98c2738f38c5780ec007,837285b1cc8d21fc78cd2b58c39835637f3bbd1ac3d0bdcd4c2da372d8d22254,,1,train
IMG_20251107_112305_jpg,train,640,640,2025-11-07T11:23:05,1.5kg:1;10kg:1;2.5kg:1;25kg:3;zacisk:1,da0aa638c688e2bac5c50767871fe90b632bc62f6fd002e6290ec076802ccf5d,d7b6cd966a49306db2e832744db64da7c5c992ca3a966b36e56985490ed34a94,,21,train
IMG_20251107_112237_jpg,train,640,640,2025-11-07T11:22:37,1.5kg:1;10kg:1;2.5kg:1;25kg:3;zacisk:1,3bbfc61636b7d3946671e4a680c679e8e8ca1c7137b5b68f15df789619c2fa56,f0f6cd934fcb7078f6c83260c9246993875b974bcd963996212ef569c6314a94,,21,train
IMG_20250908_112138_jpg,train,640,640,2025-09-08T11:21:38,1.5kg:1;15kg:1;zacisk:1,5cfdc4292089492b6ced35b3374107630744553ef2a7636f5e47317208d2d87d,cc659b26cc9366993326ccc999397399cc66cccc33197333ccce9a4c673131b3,,9,val
IMG_20250504_203620.jpg,train,480,640,2025-05-04T20:36:20,0.5kg:1;2.5kg:1;20kg:1;25kg:1;zacisk:1,1aae5a18b0156c6b9597f72515f80287fb87c9b223d596285f2c3fdf1e0cb04b,8049884b99b2906534f61cb6a6e73ef319b2ad6d7e639b3d3f981dc281696299,,8,test
IMG_20250929_121717_jpg,train,640,640,2025-09-29T12:17:17,20kg:1;2kg:1;zacisk:1,d1c6dc52a2f14ae52dc3080fb6e54d100ff1dfb7126c9cdadb8e3386e6c5af09,cc649b36cc7366d93993cccd99316799cce6c64c333c6633ccc69b3066613986,,10,train
ZE_155.png,train,640,519,,2.5kg:1;25kg:2;zacisk:1,4aca96df428a10473a774f24842d7688baed9d305ec46b4f4df6610d59f44176,f27549440d8a873200c47cdd7b30220b60f7f7950d4cb87a4bd7fdf47629c85d,third_party_video,,excluded
ZE_86.png,train,640,555,,1kg:1;25kg:2;5kg:1;zacisk:1,1d8311c268a9b7bbddf7736f65ce47b7896614baf86c0f4c7cd7d465919425d1,c2a3c5835646a8752e319e2a6c9c6ed4b886e1f72d61383d6f1fb782992709f4,third_party_video,,excluded
IMG_20250504_205027.jpg,train,480,640,2025-05-04T20:50:27,1.5kg:1;2.5kg:1;25kg:2;5kg:1;zacisk:1,c504892348934c80cb155f7f37835b0b9a822eb0da777f35317a5e424ece3121,84edce4c924436e961ebcb9bfbbf8af702233a015c097018d339a63d8bd63e8c,,8,test
IMG_20251107_101951_jpg,train,640,640,2025-11-07T10:19:51,0.5kg:1;2.5kg:1;20kg:1;25kg:2;zacisk:1,a9c15e61df3fdc62af27689e2986c2176fb34c3d103a69ad9ee7477d6a65b54b,a58e98691d7324b5a78c65b2de312a63db45904209ae176d6e21e09c9d967bef,,18,train
IMG_20251107_100546_jpg,train,640,640,2025-11-07T10:05:46,0.5kg:1;2.5kg:1;20kg:1;25kg:2;zacisk:1,c9ca4af97b0ff5109d9716fcfc11e835bfdc3ae472731c257249f25ec82ad429,f2d99f1f8f2625e1adb9a1e1924c581efa2ef4f921c302a243628714a536f8eb,,17,train
IMG_20250501_190431.jpg,train,640,640,2025-05-01T19:04:31,2.5kg:1;25kg:1;2kg:1;5kg:1;zacisk:1,c0ea1fdb7e8d510ce9b1403c8d7fdcd586034969397586db81c6a6a6734a5a26,e2d495a9d92332d97b33c4c4e46839bb5c64d33364c91ce9e234f2141d3a3e6d,,2,val
IMG_20251107_100130.jpg,train,480,640,2025-11-07T10:01:30,1.5kg:1;2.5kg:1;20kg:1;25kg:2;zacisk:1,dbb2ee3a14ce7e367dbbd269b75e35200520c492897ff8fb97bdca2b55fda7a2,d0c3cffd630c3263cedd65573444933d31f744dc1228a36e67db1023ce4c295b,,17,train
IMG_20250929_123858.jpg,train,480,640,2025-09-29T12:38:58,1kg:1;2.5kg:1;20kg:1;zacisk:1,cca8cab9856bc640f6c8dc2f6e4becdc91a45731f4c54a5fa90449b14ee2a69d,85abb894da5934ad3c329b0ba3cec9c54ba074b6de0ab37ab1c7b3c12494ccf2,,11,train
IMG_20250929_120244_jpg,train,640,640,2025-09-29T12:02:44,1kg:1;2.5kg:1;20kg:1;zacisk:1,2a15eb0bc7ae96890597bb449d70d425002b4a87d7873c7a6156357c64ea03c4,9a6d9b659b3926cd9e6cce3131366486c65964c966b33398ce4c9a6b39b33126,,10,train
IMG_20250501_190033.jpg,train,640,640,2025-05-01T19:00:33,25kg:1;2kg:1;5kg:1;zacisk:1,ddb9809c3d22248e5326534fbc6893e9c9525684705176a996b56cbfeb6f249b,e135b25aceceb33658c6ac646319b3ac1cd32731ccccf1a60652461ef921f9a7,,2,val
IMG_20250504_204211.jpg,train,480,640,2025-05-04T20:42:11,1kg:1;2.5kg:1;20kg:1;25kg:2;zacisk:1,d7f018eff5b13f679b9bd4e0959efd9c594f370090eaaff46a4945c7adb889f1,8c2b860cb3d41ff06d42720ff007399776643afc617a29ab32c527269cd8787f,,8,test
IMG_20250504_204133.jpg,train,480,640,2025-05-04T20:41:33,0.5kg:1;2.5kg:1;20kg:1;25kg:2;zacisk:1,7d189c7e02634cdafa34590e754b8a9050778d44c77ca9ccbb727ccf0c9542a7,86d2a3b0992c03c426d43bfdfbdf38bd73918a007e84bc5e193d215b9f227d82,,8,test
IMG_20250504_205111.jpg,train,480,640,2025-05-04T20:51:11,1.5kg:1;2.5kg:1;25kg:2;5kg:1;zacisk:1,f5179b24c357b3fdb096184b506d4f4eb22dead43d3813c83eceb9c02c9cd1a4,8e9a8b91912d8b8964f17bf4f8ed74fc23712a2562802cde607d33750be72f05,,8,test
ZE_28.png,train,640,508,,25kg:2;5kg:1;zacisk:1,6482aaffeb42fc6a04e90471c9d3a340852d94be7fecb93d61793fd260e59324,a4c9d936db36e6c939b03d286c6d0b26529bd6c8f6d0ac7e09266923e3c1a6cd,third_party_video,,excluded
IMG_20251106_130154.jpg,train,480,640,2025-11-06T13:01:54,0.5kg:1;15kg:1;2.5kg:1;25kg:1;zacisk:1,97c5239f64ff998578ef9e456a9a1eeeb1f1787ee51785903772c578e05b9bb9,bb11a1e048e6d23bf53ceb4410f0e48f205e547828bdfb0e45616eed7a784f1d,,14,train
ZE_124.png,train,640,549,,2.5kg:1;20kg:1;25kg:2;zacisk:1,acc4f0f56e22e4f0ed89c79ca6dd6d22ede94339f9ae7828c1cd49570ca8d6b7,a4b653279b37a49697271923b6d2a1376404c6ceedb2f45ec1241b5f67523133,third_party_video,,excluded
IMG_20251107_112328_jpg,train,640,640,2025-11-07T11:23:28,0.5kg:1;10kg:1;2.5kg:1;25kg:3;zacisk:1,d89f571574d27a970b82fc344ef5e91181da9d77fb19630a40ab63137b5b3c9b,a4e3da7b33382d2de1c725265b3a1e5ac8e3e4874dad3c619095920e1ada5fe1,,21,train
IMG_20250501_185856.jpg,train,640,640,2025-05-01T18:58:56,1kg:1;25kg:1;5kg:1;zacisk:1,99482b4f4a74667d378f39cbcf8ad7bcbe5d898b4f6d8b5e4052133be9ab2ea6,e135b25accceb23658c6ade46319b39c1cd2a731c8ccf1af0e72465af101f8c7,,2,val
ZE_112.png,train,640,585,,2.5kg:1;25kg:2;5kg:1;zacisk:1,38b7e2aeffd231eb91a5f4df84ac340f280c4064fbfc89223bd9b3fcaba71f15,d959ec51426542b5d231e8494da6f4cdf19f1b12691e7388b2165a5e1cb5b5ad,third_party_video,,excluded
IMG_20250908_113155_jpg,train,640,640,2025-09-08T11:31:55,0.5kg:1;15kg:1;2.5kg:1;zacisk:1,1c4afce13fe23a330605fc5d2bf25876681feba6bf24a686908ab5a282575367,ce6d996699b3649b3336cc9bcb2c659a3132ccc9964c30e36ce38e6d23193336,,9,val
IMG_20250504_205556.jpg,train,480,640,2025-05-04T20:55:56,0.5kg:1;10kg:1;2.5kg:1;25kg:2;zacisk:1,eb8c4e8b9e94cb919ddf3131b8fbf61e0968fd1d01e7c46e5f60fa6af83312d4,8cb58e2f935a1e3667cf6a89c38065c082e77afe44ab68b9c8a163ea83cd6a3a,,8,test
IMG_20250929_123733.jpg,train,480,640,2025-09-29T12:37:33,1.5kg:1;2.5kg:1;20kg:1;zacisk:1,d819bba231273e3d217830827498d6a9eb2a62306315832e89b47e83667c601f,87163aa592b265793061b27427b0da9b4f1b65695877b2d1b30cb60e25b989fd,,11,train
IMG_20251009_133829_jpg,train,640,640,2025-10-09T13:38:29,1.5kg:1;10kg:1;25kg:1;zacisk:1,b9c124d45135ce6ed1a773ee831a1261524ca8ea766362d5cd9cfec640898976,ce5a9b399a6d65c69b31c658994e6ce7333866d264936c8c6c7192cb678e1931,,13,train
IMG_20251107_113440_jpg,train,640,640,2025-11-07T11:34:40,1.5kg:1;10kg:1;2.5kg:1;25kg:3;zacisk:1,96eec43692e6ba72d0faccdbd82e082404ec33455d7751f229ca4e3c84430e96,ace3dbc2d3182d25f34e25264b1a3619eca5f72e49d29a4ba48b9a2c1ad279e3,,21,train
IMG_20250908_105919_jpg,train,640,640,2025-09-08T10:59:19,0.5kg:1;1.5kg:1;15kg:1;2.5kg:1;zacisk:1,5a5dd76583d51fac7dd81f6ef6000fafe77f63149d79bfd57d61bf5f63e96da0,ce699b2499b3649b3326ccd39a64619b9933c6d9e6cc64b264e78b1933994c66,double_labelled,,excluded
IMG_20251107_104759_jpg,train,640,640,2025-11-07T10:47:59,15kg:1;25kg:3;2kg:1;zacisk:1,f529ae253d1c6fda39b5f658256075afc0c21263565a0ae3d05bdf70d85d8245,a4399e6b93c665a49836658e1ed11a72809d9ae767399e6be027d8dc1a62474f,,19,train
IMG_20251107_115714.jpg,train,480,640,2025-11-07T11:57:14,25kg:4;2kg:1;5kg:1;zacisk:1,99460082bd470f949c90956323756fefcce2bb378827b0e9a67da983a98bdcbf,c10bcb1aca3962e1e0e5fffab2d285a16d9630e682d66c9fb508951874deb2e2,,22,train
IMG_20250504_192452.jpg,train,640,640,2025-05-04T19:24:52,0.5kg:1;15kg:1;2.5kg:1;zacisk:1,b72620c07d2d7c49a8b406fb4be60967b49fba0d095f41c2d748273ce1762429,d557d1551a6de1122abbcc65e5563b98cc92e5337361a4462aaae532954d1aed,,6,test
IMG_20250504_210942.jpg,train,480,640,2025-05-04T21:09:42,20kg:1,f8d1a5463a19c4982a98f2621e65c65d2e1a4e15cb210234feea2ae2c05ade3f,95da82f5b2c5233ea3268225fd4cbc857c0b68fb74bd4c3f8c35d9247340714e,,8,test
IMG_20250504_211231.jpg,train,480,640,2025-05-04T21:12:31,2kg:1,8a78bee4b808c9a095ca611b565c1f79eda0f24ca16c39e48eeefbc5229017dd,94ed907c93722b33a3338317f56fbf407fe06aac544c44058e98dd9a7b6e7021,,8,test
IMG_20250501_190229.jpg,train,640,640,2025-05-01T19:02:29,2.5kg:1;25kg:1;2kg:1;5kg:1;zacisk:1,0d0be11290e59dd4bf7130f6298d06b319100286097944b39e10a3e17f92b3b9,e121b252ccd8a66679c6b9ec6633b3391c922777c888f1cd0e664ede2b02f16b,,2,val
IMG_20251106_140955_jpg,train,640,640,2025-11-06T14:09:55,15kg:1;2.5kg:1;2kg:1;zacisk:1,fd3c3be74d0328693cc6611c954b64e9cf4472b2e302a69832b694f40260de64,b336db726cd966c8ee4c6e4949323b12db4cda4e49361933f359c2cc0cb23cb2,,16,train
IMG_20250908_111620_jpg,train,640,640,2025-09-08T11:16:20,15kg:1;1kg:1;2.5kg:1;zacisk:1,4e5f8e76063373f8ff8d2890e783ad5de5580895ec505f398e0bf8ecd77723f5,ce699b64993167993326cccb9b2c619b9933c6c9739c6493cc63931963987c66,,9,val
IMG_20251107_112234_jpg,train,640,640,2025-11-07T11:22:34,1.5kg:1;10kg:1;2.5kg:1;25kg:3;zacisk:1,4a2d0eee5e29c571a720233225067cb3d68514b80ff5504df3c859a601511773,b0fecd930fcb7478f6d8326cc9a46993865b9749cd96b996210ef549c6904a94,,21,train
IMG_20251106_134739.jpg,train,480,640,2025-11-06T13:47:39,10kg:1;2.5kg:1;25kg:1;2kg:1;zacisk:1,06c21e7712a436514830a4a91942ec36c2271bf187832610b4bebba8fc673b5a,b1ffc805cf309f1b69e060645c8dd8ef9336efb92d0948cfc0cc33825f131d0e,,16,train
1.jpg,train,640,336,,25kg:4;5kg:2;zacisk:2,19ec1c36acf59b68690b1a1a7ce7068315c0a7dba5e8337cda52bce283509305,9867a19927ba45a667d8de66d6aa36993a0768c5c867e196a7103e192a5969dd,third_party_press,,excluded
IMG_20250501_183444.jpg,train,640,640,2025-05-01T18:34:44,1kg:1;2.5kg:1;25kg:1;zacisk:1,9e4028f521a2275fb9f93921036c4df1ac4f907c0845d8a14824f590e72d55eb,837a81bccc8da1fe58cc385ac39cb15e662d3f01c398b3da1c8c673dcd339253,,1,train
IMG_20250501_183749.jpg,train,640,640,2025-05-01T18:37:49,2.5kg:1;25kg:1;2kg:1;zacisk:1,1a942191d06858f3a905c90e13c0f2dff771cd767d33508d540d4edf22a31c38,816983d8cece91ee78cef96d03b8d1543e37cf5e91e982e016766e17c1718161,,1,train
IMG_20251107_111740_jpg,train,640,640,2025-11-07T11:17:40,15kg:1;1kg:1;2.5kg:1;25kg:3;zacisk:1,83a13ac64951316c838fc2972f9cc1bbdccb64e4ffe883b3510a8d2a5374b626,b536d563d07b3422df2137e0eaf02bc7a3b580ef840fca464a08782cfcbc2ff0,,21,train
IMG_20251107_111405_jpg,train,640,640,2025-11-07T11:14:05,15kg:1;1kg:1;2.5kg:1;25kg:3;zacisk:1,84116a3d97f994af36245aeef0963d82088ee16486d185fd6c910db240567172,b0d187178707e0f94bb47e07b6db7847227da3c505a69f070a4fc94a856a0fda,,21,train
IMG_20250501_190051.jpg,train,640,640,2025-05-01T19:00:51,25kg:1;2kg:1;5kg:1;zacisk:1,05dfcd4136023602fa18b667b8cf6c5c43ec384b099d0b84911f4671df1ce061,e135925accceb32678c6ad2cf319b18e1cd3af24d8ccb3270e52b10df983b466,,2,val
IMG_20250504_192457.jpg,train,640,640,2025-05-04T19:24:57,0.5kg:1;15kg:1;2.5kg:1;zacisk:1,6c62b6e9e6be080960fa0b5580e89a63332ba23cf772dfdc8fe50bcb809df399,d555d1551aeda1362abbcc6de5563b98ccb2e5337341a4c42aaae532954d1ac9,,6,test
IMG_20251106_140602_jpg,train,640,640,2025-11-06T14:06:02,15kg:1;1kg:1;2.5kg:1;zacisk:1,53fdc4b62d88b3a09be4e4c9591305f1fed595a1e3bca0bb01c0e566b14d0f78,b326d9326c9926dcc66c26604993339c5db3ce66462659b2e59dc4e64e495db3,,16,train
IMG_20250929_125614.jpg,train,480,640,2025-09-29T12:56:14,1.5kg:1;2.5kg:1;25kg:1;zacisk:1,72200510d2c5ea53d756b3f6a68bb3c16114e7f07f944dfc12dfde01c0cc3fdf,8e637356959c8ca36b16b3b56502a73a12969cef4c4e9a7d599d431d92a1f42a,,11,train
30.jpg,train,640,359,,1.5kg:2;10kg:2;25kg:6;zacisk:2,086ace037ec21a8e2be8c5dd46fdf5977e7b6851dbdde2727b559e673f77c647,cb5047389ac64724ba7245b1fa323d30f8260ce47539c2de363bb8c747c3f353,third_party_press,,excluded
IMG_20251107_110539_jpg,train,640,640,2025-11-07T11:05:39,15kg:1;2.5kg:1;25kg:3;2kg:1;zacisk:1,90021bd4fb5959fb3610672eb1410482e1a971a0beaaa821b35e4f90f964fdf8,e666984291917f39992e6531fdc3654e1c7ac59e91ce1d425338548ee53c7d61,,20,train
IMG_20250501_183704.jpg,train,640,640,2025-05-01T18:37:04,1kg:1;2.5kg:1;25kg:1;zacisk:1,31ea99cfd2d1af0e8207e5e8df89e90b78798a1fab7f05899dd2284712cfe45f,80938027c73c98543e38cfbb30c3d0a03bcf67e39ef38813d22d276ce5a7a89f,,1,train
IMG_20251106_133031_jpg,train,640,640,2025-11-06T13:30:31,0.5kg:1;10kg:1;2.5kg:1;25kg:1;zacisk:1,3f69009eb4b8b01c2dba894533d2afd2816d240cfcda739cb531588fead26ac3,b8588fe17fd3715a03ea512d28eb2ef8f21d9daa08b68df5c03f887440f82ca9,,15,train
IMG_20251107_100018_BURST001_COVER_jpg,train,640,640,2025-11-07T10:00:18,1.5kg:1;2.5kg:1;20kg:1;25kg:2;zacisk:1,97173aa6ac7efda802136dd5feb54f8c743481e2476d641db490c3e15e69334d,8637935e9a5c661298cae47c2d38dd4b4a3f813865709b8fac295a511bd76f4c,,17,train
IMG_20251107_095654_jpg,train,640,640,2025-11-07T09:56:54,1.5kg:1;2.5kg:1;20kg:1;25kg:2;zacisk:1,4d24e02d3c149e920eda0f6e9a112941961a5b0f468da857ea8df0b27c3d7a18,a4ccf94acd3165a3998c6712e8f34ecb865090cc71ced9290c39a29c5bcff4e7,,17,train
IMG_20251107_120036_jpg,train,640,640,2025-11-07T12:00:36,1kg:1;25kg:4;5kg:1;zacisk:1,21140b636a4ab3b3ef4715138b4578407e433fab34a8caa6cfb9e6fee0a78d8a,964dc92469b62593f2c9365949346b6dcd8bb5a684864b6d0bed85b2f81b6a93,,22,train
IMG_20251107_111812_jpg,train,640,640,2025-11-07T11:18:12,15kg:1;2.5kg:1;25kg:3;2kg:1;zacisk:1,f566e2eb03ad9722282f709cea849ec40fdf6832dc848df02e6ff606a0cf74c3,f963c9e7c5c53071a05bb06d912c6f83cf1a969a4f984b243f94b4da296bcaa4,,21,train
IMG_20250501_183055.jpg,train,640,640,2025-05-01T18:30:55,1.5kg:1;25kg:2;5kg:1;zacisk:1,77e38662963969d965edb920bbc30281ddd4efa42dd0946630f81e171040c7eb,87368f8f4cc9c88367e66cb0ea316f1948cf68c06f3dc1043153ff3f9808bd47,,1,train
IMG_20250929_121755_jpg,train,640,640,2025-09-29T12:17:55,20kg:1;2kg:1;zacisk:1,a2fc8f3f1a3504e762465d41aa8b0d9a953d6cdddc80a39e9d4907bf1a0878c9,cc649936cc7367999993cccd99336699cce6664c333c64c6198ece6466633393,,10,train
ZE_49.png,train,640,438,,15kg:1;zacisk:1,3d89cf4caf0be1eccbd006f303ce0759ebf179719ae9ced74283beb64c46409e,b89827679aec8d13f6ab1b64c1039cea7b154828bed76822a56d0ad78422f7ed,third_party_video,,excluded
IMG_20251106_141153_jpg,train,640,640,2025-11-06T14:11:53,15kg:1;2.5kg:1;2kg:1;zacisk:1,a189a34762f6e832e4dacf8dbe92abab3d60b687f7a11f7fd6e54b85f899af46,e1738e4619ec21cd3399718cd98672e98e6a8f3146636e6718b0e659e52c79e6,,16,train
IMG_20251009_133203_jpg,train,640,640,2025-10-09T13:32:03,1.5kg:1;2.5kg:1;25kg:1;5kg:1;zacisk:1,61da08da3902520e5619861cc7100bebcf4c677cac3a22ff4868b930eb99e9a2,9a799b249b6666d39b34ccd99b663186932c665b64c96d9864d393196d98cc66,,13,train
IMG_20251107_120410_jpg,train,640,640,2025-11-07T12:04:10,1kg:1;25kg:4;5kg:1;zacisk:1,3f6844525d6b557e0cc9f50e946b6749fb9ab9fb8cbe3f11a05c1a0c4c0ab356,adadd21cb2782d69d29e20cf5a6165b0c96be53f4b3c9245a1e718721cb4eb0b,,22,train
IMG_20251107_110201_jpg,train,640,640,2025-11-07T11:02:01,15kg:1;1kg:1;2.5kg:1;25kg:3;zacisk:1,26b8bc259ba04c96b741a33e04d6e7ea955a2814ad8041d091999a20ba385e3a,d932cd8f26cd7272c6c936cdc9b63813965b95a069b68996b4cac5cb46856a95,,20,train
IMG_20250504_194748_1.jpg,train,480,640,2025-05-04T19:47:48,10kg:1;1kg:1;2.5kg:1;25kg:1;zacisk:1,61964cec3696d023eeb72bca20a68171b7e2a377adf458d1a85c02548c3b408e,806d969299b6846daf6b996bbecb89691fb2886676d2bbd927884801817f7698,,7,test
IMG_20251106_134731_jpg,train,640,640,2025-11-06T13:47:31,10kg:1;2.5kg:1;25kg:1;2kg:1;zacisk:1,cb301691854725017ed50bb662032ff935a033d244782bcbaa291bd5576df368,e000c6e5cc6131f3942391a513077dbebbfd9e7e11848809b89d8ff6cc6479f1,,16,train
IMG_20251107_101206.jpg,train,480,640,2025-11-07T10:12:06,0.5kg:1;2.5kg:1;20kg:1;25kg:2;zacisk:1,8fc0555e5e2216838d1c72db065bbcefe47f9094431a6adcbc6df87655ed7afc,de2fc389ddc09de327d0a61c98e78234f3270d8c8996f161f62949e2e71d7261,,17,train
IMG_20250501_190152.jpg,train,640,640,2025-05-01T19:01:52,25kg:1;2kg:1;5kg:1;zacisk:1,551e3f050e22e53d846d869e043a057486c88dc1e9fa72f71fa4f1d172619995,a125925bccceb33238c68d6cf339b1861cd38f31d8ccb3e60e528f0cf981b9e6,,2,val
IMG_20251106_130559_jpg,train,640,640,2025-11-06T13:05:59,1.5kg:1;15kg:1;2.5kg:1;25kg:1;zacisk:1,55d457a2cafa9bee2a42531f65ef2d568fd698773e4288fbb1ef22644a035f82,d59bd151e664e6a6e774e66854a32b15b4d5d3331a1b954cb155b1431b1c955c,,14,train
IMG_20251106_131517_jpg,train,640,640,2025-11-06T13:15:17,1.5kg:1;15kg:1;2.5kg:1;25kg:1;zacisk:1,168a420caecc82040d7462061f5be8a8cffc7a5bc0d390cb2eb3c7633770f26e,a183dea0cc18a8174e7c578d93a3f1ea689b2394b146641c5a7962dfc4bf17ab,,14,train
IMG_20250929_121110.jpg,train,480,640,2025-09-29T12:11:10,20kg:1;zacisk:1,b12944b5f36cab7284df0e5e5838a6e8b90a43329317e80e646d0ab7c953c6dd,865e9708dd35c8275b549e2d655eb6bd70ef60cf34dbb4d3b68522e80d0ae500,,10,train
IMG_20251107_120158.jpg,train,480,640,2025-11-07T12:01:58,1kg:1;25kg:4;5kg:1;zacisk:1,9c2489a1c0dbab5623a8b306d1a6a576f26ea05486d696569d5afd63c5ebba6a,e1e0cd8a8f0f7070b074faff7bfd86f44ecc7a6580614601ba4a9786648678b6,,22,train
IMG_20250504_205634.jpg,train,480,640,2025-05-04T20:56:34,10kg:1;1kg:1;2.5kg:1;25kg:2;zacisk:1,278e48a8bd064382da22dac1599e3523cd1b197f35cddb25cadf9e7aa701685c,886a8430b6b41cea6f30380ec61ffb1787dc76919df86962919f67d58e0858f6,,8,test
IMG_20251106_140252_jpg,train,640,640,2025-11-06T14:02:52,15kg:1;1kg:1;2.5kg:1;zacisk:1,2d8ab1e4ca29789c2769deeddc9ae22fe6d46f070008a1ccfa8416ce741b2933,fe66ccc6311922ddd333b3184cc0737be4848d335cd74cc6f60cb33b199949cc,,16,train
ZE_116.png,train,640,552,,0.5kg:1;15kg:1;2.5kg:1;25kg:2;zacisk:1,09a925917726bd46586accf85e1f7cbad95ac6d2d9f8b8d2b3d188010f5ff188,ddacb52c25e33322f35ddb2b4d48d9b5f64c6b9a0b60f302f28607934942e49b,third_party_video,,excluded
IMG_20251009_134128_jpg,train,640,640,2025-10-09T13:41:28,1.5kg:1;10kg:1;zacisk:1,79f66c05602364781806fe2fbf374267a184a0c83a5f51adce1b96665ebbf23a,cc61993699b333993326cc6c9932339933666649ced96c997cd39b64664c31b3,,13,train
IMG_20250504_210107.jpg,train,480,640,2025-05-04T21:01:07,0.5kg:1;15kg:1;2.5kg:1;25kg:2;zacisk:1,da8f64251dc72880aaf4856a327432426fb154f69848d9abed73bbaff455a4c1,8d2a8b2ab2d41eb66f08724bc30769b307ca76d8ccba68aa874367c7269a787b,,8,test
IMG_20251106_133024_jpg,train,640,640,2025-11-06T13:30:24,0.5kg:1;10kg:1;2.5kg:1;25kg:1;zacisk:1,3dbe8baab1266cc60dfa01fa33dba0422a4d7915e669ad33cbefb09c615673f1,f871ee3c7fb33316e204f1302d783dcd158f8ca74820dc62a45a2fce7b6569a0,,15,train
IMG_20250504_194922.jpg,train,480,640,2025-05-04T19:49:22,10kg:1;1kg:1;2.5kg:1;zacisk:1,1abba82f7d9650235a4b68d1ced197487a3ba79f8185d8a0f8e0c900e644f038,84119b6c9c6c9412ad938c931e72957d1aaec55b12b6a11da2ef6beec5117ba6,,7,test
IMG_20251107_100942_jpg,train,640,640,2025-11-07T10:09:42,1kg:1;2.5kg:1;20kg:1;25kg:2;zacisk:1,7b762e781d10ce7c3b0f5ae109bb16676dd082de455ee6e784124ce011a14a93,f0e3cd8fca8f70e4a74c33660a12489fd975cfd9c8924c32b565856d41ba4ab6,,17,train
IMG_20250504_203352.jpg,train,480,640,2025-05-04T20:33:52,0.5kg:1;2.5kg:1;25kg:1;5kg:1;zacisk:1,6c6600a5baecf9cf4eaf04c92c6009592141c5446ed2b71b9dca24f70f0d6f5d,c506befc99b9923aa7de9cdc1e6195511ac9a51a16f60914a4f72befc51032c6,,8,test
IMG_20251106_135457_jpg,train,640,640,2025-11-06T13:54:57,10kg:1;1kg:1;2.5kg:1;25kg:1;zacisk:1,4c7606e44ad94bc20ba9aec66cced857168402c7ed7a5c22fe5f2b8b844c1e14,b4dbd12959ac66aaab23262a08ee31ceb4cdc6c10bbd19bcb18cd26296fa9d9a,,16,train
IMG_20250929_122300_jpg,train,640,640,2025-09-29T12:23:00,1.5kg:1;20kg:1;zacisk:1,34067520f0457d59f1aa56358564e381756c940f469261fe749a2cc857af8774,cc649b36cce366999993cccd99336699cce6664c332c66664cd3996c66623393,,10,train
IMG_20250504_194705.jpg,train,480,640,2025-05-04T19:47:05,1.5kg:1;10kg:1;2.5kg:1;25kg:1;zacisk:1,1c2e8fc3f3125eea6b5fd2fcb23a85e681fdb2fb8113ccf12aba3e72aa8003ec,806d9e929992846daf69d96d3eec89dd16b2886576eeabb9a5885813806f7698,,7,test
IMG_20251107_120244_jpg,train,640,640,2025-11-07T12:02:44,25kg:4;2kg:1;5kg:1;zacisk:1,dbdbeafbe4e2603f7c1edeeb5bd18e3c92cda88421ef5df4ca56e820d173e726,e318821a9ad758c79e3e479ca161e15473d250f3525c0e5062f3f0afa5adbde1,,22,train
IMG_20250929_123555_jpg,train,640,640,2025-09-29T12:35:55,2.5kg:1;20kg:1;2kg:1;zacisk:1,382221f94d93414ff39331d64f39cf3a3fa297401ac23144c486dadbab2908e6,99249933993164cd9a6ccc63993364d8ce6cce4d9b393993ce6c986c993339b3,,11,train
ZE_133.png,train,640,517,,1kg:1;2.5kg:1;25kg:3;zacisk:1,848bdda380e7a261e7a05ad37323ef623ecc13aed521bf649afc1ac0d20a308e,d9dc1b09e626e456f6d69ba9db59994da2a8e4e6e54698b99b99e553086036a0,third_party_video,,excluded
IMG_20250501_191433.jpg,train,640,640,2025-05-01T19:14:33,2.5kg:1;20kg:1;25kg:1;2kg:1;zacisk:1,8314963375e6f3a103d395a5ef1ca2c1cf304f65c6e9e425838383c710a58a39,a129edb23da770d058824370637fd1b6ea74499664b3ba796cd64335183b3743,,2,val
IMG_20250504_210547.jpg,train,480,640,2025-05-04T21:05:47,0.5kg:1;2.5kg:1;25kg:2;5kg:1;zacisk:1,7d6752cd211cba69ea70ce05f92f44290c2ad85b4738dae3ca90370fa77e3389,81179f148ee8881f3f3a87ff934d16690c7c218671b72c757e78ec62c001739f,,8,test
IMG_20251107_100051_jpg,train,640,640,2025-11-07T10:00:51,1.5kg:1;2.5kg:1;20kg:1;25kg:2;zacisk:1,0fbfefbdda1a2db58c357379090e033390b5cef2a07a39ab021c7dffb9901d30,8637929e18dca5619bcb024ba534bfd14e07c63325a519cec71f5031b8e7e74e,,17,train
IMG_20250501_183414.jpg,train,640,640,2025-05-01T18:34:14,1kg:1;2.5kg:1;25kg:1;zacisk:1,ed955ac3ff715d06e607b2d6fc4ab50ee8d46aa4510bea6d3efbca58ff920ee0,837281b1cc8da1fc788d3958c398b146773b7f1fc390b3d85c0d6731d9f38252,,1,train
ZE_43.png,train,640,425,,25kg:1;5kg:1;zacisk:1,2a44f289d2901c7499c39907916022d90c8442ca2cd8828b2749ac158b750308,9333677798ccc79870700fc4f18b9f77e0e03e0f211c9e76f3032ccd21d813c7,third_party_video,,excluded
IMG_20251107_115805_jpg,train,640,640,2025-11-07T11:58:05,1kg:1;25kg:4;5kg:1;zacisk:1,83ed6574d40641eb98058ba64bca449144cbe5857bf94e895aa339e6d0ffd97f,e318961a9ad318f69e1e479ca5e1e155f3d250e353dc0e5022e1a5afa529bdc3,,22,train
IMG_20251107_115817_jpg,train,640,640,2025-11-07T11:58:17,1kg:1;25kg:4;5kg:1;zacisk:1,747dc6079f2f78b0f7404c1034e1f7e99d5081a59600897c6c0bdca08a5cd7c3,e3189e5a9ac36bce9e1e478e85e12d3caf0aa5e3752c9d185a521ad6485a5f43,,22,train
ZE_76.png,train,640,517,,15kg:1;25kg:1;zacisk:1,8b0023b4331968b16049508366dd47f2c6dc325766ef8afe5d6439e3e5dfe055,d64d2bb81597a26ea144509a2adcb56af6a42256c96aa7a5f256da6b4c2d3d96,third_party_video,,excluded
IMG_20251107_095545.jpg,train,480,640,2025-11-07T09:55:45,0.5kg:1;2.5kg:1;20kg:1;25kg:2;zacisk:1,18f446b2078845961de935cbcc99fa43169e0faa0cbd0841479e5210f0f3bc3f,d838845d67c671c33b318905cdcc646a464e9fb119b163e6604e34d99bb3dbb6,,17,train
IMG_20250504_194759.jpg,train,480,640,2025-05-04T19:47:59,10kg:1;2.5kg:1;25kg:1;2kg:1;zacisk:1,f08c2511ee941c93f5413ab9e77b95414d8d2f430a6d4bd327a5e1bca49d0ca1,806d969299b2846daf6b996b3ee9897d1db6886636f2bbb925c84811813f7698,,7,test
IMG_20250504_204451.jpg,train,480,640,2025-05-04T20:44:51,2.5kg:1;20kg:1;25kg:2;2kg:1;zacisk:1,2a9eb7cd51b5e7c95674172f0a2d24658d04097202618be1a08b29527b5796ef,86edfe44984030a8b9beebb9f9b58a113919b808783891deaa97bbd2bce070f8,,8,test
IMG_20251107_111621_jpg,train,640,640,2025-11-07T11:16:21,15kg:1;2.5kg:1;25kg:3;2kg:1;zacisk:1,a2149adb869e4cd7629bf7da8a95ed4bd3c5d0fe6e982d4577d96a07ca81a265,ce669cc633917339a13ce13c99c338c71c7ce6bcc6c71ac398d988bca39c2f03,,21,train
IMG_20251106_141125.jpg,train,480,640,2025-11-06T14:11:25,15kg:1;2.5kg:1;2kg:1;zacisk:1,10a6bab8e7d1d8b1d9b461be4fdd5f85ce9a23edc9aa7bd9f906e94f7b9a140c,f3c6bee39ccd9bcdbfb99bb94998c991c113d119108c62cc2648a6cdb6443e62,,16,train
IMG_20250501_190936.jpg,train,640,640,2025-05-01T19:09:36,1.5kg:1;2.5kg:1;25kg:1;5kg:1;zacisk:1,27743bcffe48f25937953b85f11ebf42e5321460a9339fc454f7313ad04cc3f7,8525edbb3c93708a7b8a5362e177c137cb5a49195493b266f81b4713983d34cb,,2,val
IMG_20250504_191931.jpg,train,640,640,2025-05-04T19:19:31,1.5kg:1;2.5kg:1;25kg:1;zacisk:1,7b3c2dd7e57b12b52dfc08a98e4dc40db9c2c38d98aec881cb0befb3104234fe,d094d0b00d33a118a64c2f7ed67139822d7a8639b5a93d5faf7b862a1d489777,,5,test
IMG_20251106_130318_jpg,train,640,640,2025-11-06T13:03:18,1.5kg:1;15kg:1;2.5kg:1;25kg:1;zacisk:1,7e3fb3027fa49c1b90e707eebdefe145eac5e9ab8b09b560c0d6c8216de5d6e8,e184c8fdd719b902f2e80e550ada6ed0d1a690a674ac5c355f6fc7e1c1a93cc9,,14,train
IMG_20251107_111640_jpg,train,640,640,2025-11-07T11:16:40,15kg:1;2.5kg:1;25kg:3;2kg:1;zacisk:1,410f83792e32f4a91a147e7c3b10caf942a4a761e0fbf71ef023371aa6aa9e83,f932cd9726cd327cb24836644db64dcbc1cbb0f809b66b178659c5c90ecd4a96,,21,train
IMG_20250504_210333.jpg,train,480,640,2025-05-04T21:03:33,15kg:1;1kg:1;2.5kg:1;25kg:2;zacisk:1,777f81f6ae4e4c1a326ba831930e6d9a45f23f3c6269ece5617bacf9d2fde5ab,8d29918ab2d48e9c69013010e8cd2df733772eaeccaa077a5f9107c7de2bce2e,,8,test
IMG_20250504_210257.jpg,train,480,640,2025-05-04T21:02:57,1.5kg:1;15kg:1;2.5kg:1;25kg:2;zacisk:1,f0dd8e3099b8f47d2fef77ecc5eb2cdf6ac0da5e3dfa29521d5045426d809c93,881d811bb1a29d0062cdb055c9b33fc836e8693acc3326c35f2cdefeac5fc0e7,,8,test
IMG_20250504_204756.jpg,train,480,640,2025-05-04T20:47:56,2.5kg:1;25kg:2;2kg:1;5kg:1;zacisk:1,14b50d714ec7f1f40cb60ff22801997bc5acd58b9dc5e6044fa93009163cb524,84edce449646366061ab8b9bfbbf8af702313b115e097818d33d263d8bd63e8c,,8,test
IMG_20251107_100030_jpg,train,640,640,2025-11-07T10:00:30,1.5kg:1;2.5kg:1;20kg:1;25kg:2;zacisk:1,829e64fd6ffae419dd8312174b0bc284ceddd009a3e67aa3e05b51b9d4854b79,e735da5a9a8d350f19d8e2a1c53c15ca2ea5d24be5941bca2635504abcd547ee,,17,train
IMG_20251106_134454_jpg,train,640,640,2025-11-06T13:44:54,10kg:1;2.5kg:1;25kg:1;2kg:1;zacisk:1,41d2d8daa394140862f8d63ad2c9778aa3b05e8ec5e41d41b718961f3ea92584,c4aac5abccdc64c419754fd54b2d596d4c55cb4b0b2d9b3ab4dab6eb4e2a0412,,16,train
IMG_20250504_203353.jpg,train,480,640,2025-05-04T20:33:53,0.5kg:1;2.5kg:1;25kg:1;5kg:1;zacisk:1,4f096cacb6b8bd67f48b8d8373b523ef3af1bb78914ee51eeca46bec809a41f4,c506befc99b9923aa7de9c9c1e6195511ac9a51a16f60916a4f72befc51032c6,,8,test
ZE_55.png,train,640,484,,25kg:2;5kg:1;zacisk:1,c46b8eaf017498e778cac19e1ddc71eda94780bd5e62c6a0ee5aa32cb6345211,a0d95936d575e4d9b19b9b224664355520d90eaa46aa75d59555ccab4aaab1d7,third_party_video,,excluded
IMG_20250908_112432_jpg,train,640,640,2025-09-08T11:24:32,15kg:1;1kg:1;zacisk:1,a9be34a7d6d11543b5c174d1e5db65fa47bda938d3b7a686beaa38d0bfc30f8f,cc649b26cc71669933a6cccd9931639998e6cccd33193333cce69e4c233939b3,,9,val
IMG_20250504_195101.jpg,train,480,640,2025-05-04T19:51:01,10kg:1;2.5kg:1;2kg:1;zacisk:1,41b1d51dd2922c456527241d25d2d42b31b4c43b86258dc3dac77eab2c284fc7,d6899a7f8d2eba52a7ddbc198771a50c3bc6e4097297694660206be7f4887383,,7,test
IMG_20251106_140611.jpg,train,480,640,2025-11-06T14:06:11,15kg:1;1kg:1;2.5kg:1;zacisk:1,8695ff7088869e7bf5f874ba0e6bd7d4aad4bc715e95f7a90427f2cdbaf05720,dcf65cb2ec39a46d302453268725e729e96c1ded9ad73332931b895839987692,,16,train
IMG_20250501_190257.jpg,train,640,640,2025-05-01T19:02:57,2.5kg:1;25kg:1;2kg:1;5kg:1;zacisk:1,c3447f4bbbae60f4c62a8ebc78d8bdc0e0b1ae2c6dabb85e79998c98d0a2be8c,a12196dacccc332339cce739f3331cc60e73c9ccf1c60e730e4ef921b4e50e9a,,2,val
IMG_20251107_101152.jpg,train,480,640,2025-11-07T10:11:52,0.5kg:1;2.5kg:1;20kg:1;25kg:2;zacisk:1,f6539be94aa7973324eb8008176f14265a4efb8585a6e3337e8b21f5cb397e7e,c3e0c24b5e0bfbc971cb4e78ccb571f06a339424b1422ae2de5129cb69e95e39,,17,train
ZE_160.png,train,640,463,,10kg:1;25kg:2;zacisk:1,23b350fc4737c17db671b775948e808cb88a13ad7a0224dc168435ac0bdbc183,a4c8592de672e6d2cd2e24ce7b19e4d3a4d119245b1dd939a7e206a37a9d6496,third_party_video,,excluded
IMG_20250504_203418_1.jpg,train,480,640,2025-05-04T20:34:18,0.5kg:1;2.5kg:1;25kg:1;5kg:1;zacisk:1,d17a03d0d7556c24d401e8c9b26abecf182b5be26afe9b22ca4d7b1515df99ad,8504a9241afb943336db1efb86633e791a99adda1e7281922fef3eef81146304,,8,test
IMG_20251107_095536.jpg,train,480,640,2025-11-07T09:55:36,0.5kg:1;2.5kg:1;20kg:1;25kg:2;zacisk:1,5131676f41248b2dfad8c3ab7df547c97da0f1dbef450cbd7c2ec82add23fe87,c3f9b309d804dfe467ff66ba94e7b4e46610670048044f68225b30ff9cf6d634,,17,train
IMG_20250504_203246.jpg,train,480,640,2025-05-04T20:32:46,10kg:1;2.5kg:1;25kg:1;2kg:1;zacisk:1,35871e81a907df022f406abe701622df1cd5cf7ddabdd313edc6f477ea79a08b,c510bef48cab921ab7719cd1166d95581acda53216354d1ca4f73befc51072d6,,8,test
ZE_2.png,train,640,392,,25kg:3;5kg:1;zacisk:1,c5c3850b169befae62aef7b9f79082d90dc34a40958dfc4d24a79bb8d5548e12,e6e6198dd8e386731869ce66ce14e614ce448cfa59e8398cb19dea9c5999a5d8,third_party_video,,excluded
IMG_20250501_190222.jpg,train,640,640,2025-05-01T19:02:22,2.5kg:1;25kg:1;2kg:1;5kg:1;zacisk:1,e4b5accae70e63d190ac72c1d2db989b2c9caba87a653ca7b4f19c94f7bbd165,e321b292ccdcb26679cca92ce733b18c1cd28f69d88cb3670ed2a70df9039965,,2,val
IMG_20251106_134930_jpg,train,640,640,2025-11-06T13:49:30,0.5kg:1;10kg:1;2.5kg:1;25kg:1;zacisk:1,42271feac751c738a9a2fd98e1173bfd05d6989547f581b23aa26f2764c3a1f7,c7dc4ee667933307b20493222fab6c4979019ad0d6e69ca2ac233c6876ad53f7,,16,train
IMG_20250504_205036.jpg,train,480,640,2025-05-04T20:50:36,1.5kg:1;2.5kg:1;25kg:2;5kg:1;zacisk:1,971a35a16e9246f8033d06ca06ce2dc9e782ed4fe66c62930290a0741e51cb1c,84e9ce4c964c36eb61fbcb9bfbbf8ab602233a0158097018d339a63d8bd63e8c,,8,test
IMG_20250501_190804.jpg,train,640,640,2025-05-01T19:08:04,2.5kg:1;25kg:1;2kg:1;5kg:1;zacisk:1,1d83b363a5a0b274ef6ca297d9752a3a1f7a9cda38c32284f4435c292d9585b2,90b6ec993c99308839c9cd3bb13f998aaf491d891ec6b3669cc9c32698fca7c2,,2,val
IMG_20250504_205247.jpg,train,480,640,2025-05-04T20:52:47,2.5kg:1;25kg:2;2kg:1;5kg:1;zacisk:1,aebd39a60a1c8fa42ab0676b9435d7c515c00505c99585ecbbd5a65562f95ec2,8e968b95936b8e8b65a36be0d98874e823753a2776a9289468fc33e11be72e0b,,8,test
IMG_20250504_210451.jpg,train,480,640,2025-05-04T21:04:51,0.5kg:1;2.5kg:1;25kg:2;5kg:1;zacisk:1,77d7aa9e12b52ee482275a99d415e12bfcf9b278e926611fdc021006e5981f5d,81178d368eec8e8f3b3a0edd93c511390e5c258671b37d6567aee9b2c030f09b,,8,test
IMG_20250504_205753.jpg,train,480,640,2025-05-04T20:57:53,10kg:1;2.5kg:1;25kg:2;2kg:1;zacisk:1,c4f4846c563a7e7cedfb127e1401947b2f79d6e3adbff17179e598cde22ff15f,8c2aa63a93dc1ea26f1a3a0ae20f3b8707de72f098be693390cb67c7ae8a5872,,8,test
IMG_20251107_095931_jpg,train,640,640,2025-11-07T09:59:31,1kg:1;2.5kg:1;20kg:1;25kg:2;zacisk:1,44a269a50d6e16b889eee6357ec00f4b9df0df400750c036d0198788139aa334,f245e1508f0f78adcdb83ac3b05107e7792ec698b4d00f9ef2ead17dcc941682,,17,train
IMG_20250504_205645.jpg,train,480,640,2025-05-04T20:56:45,10kg:1;1kg:1;2.5kg:1;25kg:2;zacisk:1,8b4267974b7e11132c8555d87751aea6fa3d3e192cc66cc532bbc7eac3734ba9,8c25a78e934f1ebd658f3ea1e28039c086eb3bde888f6c9980c063e2afc75e39,,8,test
IMG_20250501_185957.jpg,train,640,640,2025-05-01T18:59:57,1.5kg:1;25kg:1;5kg:1;zacisk:1,d7e75952a0476ec763c8fd4d0a671ea16aac9ad17c9f08d839dc8d2802c1f7f1,e135b25bccceb33658c6ad2cf339b1a61ed3a735d8ccb1260e52860cf989f026,,2,val
IMG_20250501_190036.jpg,train,640,640,2025-05-01T19:00:36,25kg:1;2kg:1;5kg:1;zacisk:1,e11ecd681c1b0c8c14ceff1eaa657589fb13f4ece2d6295ee4e37efc01afb4e7,e135b25accceb23678c6a8e46339b33c1cd22731c8ccf18d0e52461ef909f9e7,,2,val
IMG_20251106_141143_jpg,train,640,640,2025-11-06T14:11:43,15kg:1;2.5kg:1;2kg:1;zacisk:1,7fb0a08e1376837d516472985b5d6da59afd65adf428d9e6ba40edf915551a1d,e0738e231c6c31ccb39cf18cd9e6f245863c8f3946736c67b454e618e106f9e6,,16,train
IMG_20250504_204638.jpg,train,480,640,2025-05-04T20:46:38,1.5kg:1;2.5kg:1;20kg:1;25kg:2;zacisk:1,eae520b40954d071109482fda611a7859ebc15ebb77d889c36a2cb703b740124,8665c6469c4606a071eb8bfaf9bf8bd702b13b11ce297c28d13d473d83562f85,,8,test
IMG_20251107_111703_jpg,train,640,640,2025-11-07T11:17:03,15kg:1;1kg:1;2.5kg:1;25kg:3;zacisk:1,35031c69c9811283c3675df00195b4c453639de32c523a2a85b3cd36c573f384,ac73dada33982d69e10c252ddbc31e1ad871e5874f8b8e5290b190a657c67fc8,,21,train
ZE_154.png,train,640,562,,1kg:1;2.5kg:1;20kg:1;25kg:1;zacisk:1,30c333db625637c4c92a69bfc95db8b77d5cce127ca6d118d347e60fe69944f1,a6de3f30c8a1e462193e39cfe644c17984c79f0599579138c6b1e046fe5e01ef,third_party_video,,excluded
IMG_20250504_205638.jpg,train,480,640,2025-05-04T20:56:38,10kg:1;1kg:1;2.5kg:1;25kg:2;zacisk:1,5d4ee005300abd089610833b99a1ce97c9cd73e16c218f9e0b982375ab899520,886a8630b6b41eea6f30380ee21ffb1707dc76919dfe6922919f67c5ae085872,,8,test
IMG_20250501_190848.jpg,train,640,640,2025-05-01T19:08:48,1kg:1;2.5kg:1;25kg:1;5kg:1;zacisk:1,51db7a3e8d5cf97acc2294a58abd104f6047559a1591b7712e9dec639a8cb8db,84b5ecb93c93308a7bca5b72e17fc133cb5a09195499b26ef80b7713983c34c9,,2,val
IMG_20251106_135712_jpg,train,640,640,2025-11-06T13:57:12,0.5kg:1;10kg:1;2.5kg:1;25kg:1;zacisk:1,9abf3e4075801a67099d8aa509cb94b89284d068cfdfd4274a58dfaa22fca344,ae998956596a66eae673666b8dcc389ed93c99201b150c9ce4cee66b0b3139b4,,16,train
IMG_20250504_205531.jpg,train,480,640,2025-05-04T20:55:31,10kg:1;2.5kg:1;25kg:2;2kg:1;zacisk:1,df5d3c173ed826a0c991d74906cc2e2a555c7f009b09b0eae0ce26eb0f82d1ff,99448851b6a11ceb6e10601cd63e6b1e0e9976a14df56166cbbe679c1e3378e7,,8,test
IMG_20250504_210707.jpg,train,480,640,2025-05-04T21:07:07,1kg:1;2.5kg:1;25kg:2;5kg:1;zacisk:1,4416e17bfeb2a49f0df76afb48ede1e5c66236f7a6771f49bc92142fd26f3a6e,834d89768cb31e2caf1cc71ed25984b3066d25ed71c77947e89368a144b84fed,,8,test
IMG_20251107_111717_jpg,train,640,640,2025-11-07T11:17:17,15kg:1;1kg:1;2.5kg:1;25kg:3;zacisk:1,5196fba05817cbdcbc28711cfbd2a65a4577b38bf358230ee45d4838b92ae3b4,a4a3dad213da2529f0ce279cc3e73cfa9879c28b4fef6e69012c907512d20fca,,21,train
IMG_20251106_130053_jpg,train,640,640,2025-11-06T13:00:53,0.5kg:1;15kg:1;2.5kg:1;25kg:1;zacisk:1,3758dd58879aa988dacad8d9d140ce019f1a2b41a1284c5219279121c1ee317f,ddabd9481e6e2de6b736e6a6e2a442854c55c654e6d7148c8eadc845cb554aac,,14,train
IMG_20251009_132443_jpg,train,640,640,2025-10-09T13:24:43,10kg:1;2.5kg:1;25kg:1;2kg:1;zacisk:1,12bce9ac29a9cd023c2d9b9273e268d7b82f3a4c7f7eba6dd89ece014cf8eecd,96d29b299a4c6ce69369c6de9a6d6c7d931c669264c6698c6e329693619e3961,,13,train
IMG_20250504_195122.jpg,train,480,640,2025-05-04T19:51:22,10kg:1;2.5kg:1;2kg:1;zacisk:1,b1316600e96755c923e3f34c353669154b71ff474a3c968fa9d0b45bf6f1514d,d6899a7f8d2eba52a7ddbc198770a50c3bc6e4097297694660206be7f4887387,,7,test
IMG_20251107_104924.jpg,train,480,640,2025-11-07T10:49:24,15kg:1;25kg:3;2kg:1;zacisk:1,fb327f3bf65811e80fd11a2756cefafa5b3c428698b32a17e14ebf6fdc8f4e1d,9d379c759f500d111abaa2baa2efea679602fe006bb9babb9281834202be05ff,,19,train
IMG_20250501_190843.jpg,train,640,640,2025-05-01T19:08:43,1kg:1;2.5kg:1;25kg:1;5kg:1;zacisk:1,ff1bc69f576a309691ed2df0fed6eaeadb5f5817a58d6452e99dcf354f73b62b,84b5ec993c913a8a7bca597ae13bc913ab5a19995689b36eb40b5713982c37c9,,2,val
IMG_20250501_190307.jpg,train,640,640,2025-05-01T19:03:07,2.5kg:1;25kg:1;2kg:1;5kg:1;zacisk:1,7a810f4e043653d105de0bacf8352a1b5e662f703903152f2362ffd9d9597270,e36b9496cc98b266798dae69e632b99d1cf68b09d1982e664cb6b309f1028ecd,,2,val
IMG_20251009_133701_jpg,train,640,640,2025-10-09T13:37:01,1.5kg:1;10kg:1;25kg:1;zacisk:1,ebffe07dddb505b6a5845e33feb3b2256d64a23739567d1d705ebff62df73203,ce69993c996666c69999667b9926619699316649669964f364e69b0d631999b6,,13,train
IMG_20250504_194056.jpg,train,480,640,2025-05-04T19:40:56,1.5kg:1;2.5kg:1;25kg:1;zacisk:1,add3d1cb3a68a8bf4787335942715755768b6b9e83c944f8eccb9527650aa788,d5a99d3a8e76ae0daecd0edfd73d1b370946864c0b1694c429310356d4eb71b1,,7,test
IMG_20250501_190134.jpg,train,640,640,2025-05-01T19:01:34,25kg:1;2kg:1;5kg:1;zacisk:1,bb1c0210a0984778731366e9f4cafb783c3a64d0b49f8a8358d29da09ad438bf,e135b25aceceb23378c68c64f319b18e1ed3af20d8ccb1650e528e46f981b9e5,,2,val
IMG_20251106_140416_jpg,train,640,640,2025-11-06T14:04:16,0.5kg:1;15kg:1;2.5kg:1;zacisk:1,d9fc34278b06df982e05c2b21da4a66424eb8383d3fae8bdebcc6b3b136efbf0,b336cb5b66d92224cccd26ed19b62719da66c8cc2b333933f6ccc64c0c6325b3,,16,train
IMG_20250501_191338.jpg,train,640,640,2025-05-01T19:13:38,2.5kg:1;20kg:1;25kg:1;2kg:1;zacisk:1,6eabad10955c668330f3d0119e1f8c63bb2e181a126c8f17dbad5a4449698e26,a12dfdb33c82308a3b92eb72e3779995aa521d8a36ccb2698cc29b249d8da7c5,,2,val
IMG_20251009_120450_jpg,train,640,640,2025-10-09T12:04:50,10kg:1;1kg:1;2.5kg:1;zacisk:1,54ef0f1eae2433eac79fe00971b1c1dd3a42d65f4a2a4d385f429e53c4679c51,9a6d9b24993664993326ccd99b6c319eb332ce4931cc3193c663936c6d9b39a6,,12,val
IMG_20251107_113259_jpg,train,640,640,2025-11-07T11:32:59,1.5kg:1;10kg:1;2.5kg:1;25kg:3;zacisk:1,5c6db8d7b7851a0f28e30062d52389601f43a574a194ad971a3eed76dff1b923,a4a5d2d59210652cdae73c67c32a34ba8d2aa4ca2ce31e7ae79aa96bac5a0b4f,,21,train
IMG_20250504_205706.jpg,train,480,640,2025-05-04T20:57:06,1.5kg:1;10kg:1;2.5kg:1;25kg:2;zacisk:1,90a3c9d2ada03bb9143854c4bf0b8265b100ca7a520af18458cf5733f6f9ed14,8c2b863ab2dc1ea26f1a3a8be2073b8707ce7a9098be693382cf67c7ae8a5872,,8,test
ZE_194.png,train,640,574,,25kg:2;5kg:1;zacisk:1,4af95ae7074251a6ed7515cc6bce4b097190f588eb0750b37761ceeda0e62f30,a6d960111b66622339bd1b332ccde65179bf9491df0f63223d8deee43f030658,third_party_video,,excluded
IMG_20250504_204445.jpg,train,480,640,2025-05-04T20:44:45,2.5kg:1;20kg:1;25kg:2;2kg:1;zacisk:1,8f6c1fefda5babb55f05a7ff7020971cc5bd2f2544a503bec98f99d333d16d1a,8665c6469e4226a071ae8bdbf9dd8ad52b953b0c7e28792e813da354abd23cc5,,8,test
IMG_20250504_194716.jpg,train,480,640,2025-05-04T19:47:16,0.5kg:1;10kg:1;2.5kg:1;25kg:1;zacisk:1,d4200a72b652c51ac6637bd940447e5fac230b9fb538efb9aca45a918e4d1aaa,806d9c929996846daf6b9d6b3ecc896d17b3886636d6bbf927884811806f769a,,7,test
IMG_20250504_205400_BURST002.jpg,train,480,640,2025-05-04T20:54:00,10kg:1;1kg:1;2.5kg:1;25kg:2;zacisk:1,a7d58312fd4037cc778db8bf12c38bc7c036969e14ea7444960ffa37e5b1131f,8c958c9d934b1e1ae7876b61cb8071c887e57b7f0eab60bd8c9561e8b3c56a0c,,8,test
IMG_20250504_210424.jpg,train,480,640,2025-05-04T21:04:24,0.5kg:1;2.5kg:1;25kg:2;5kg:1;zacisk:1,204d6fa235f6c5b4b675ae6974ba5a631b2d9b16541170c0e9c14e135c5b7686,82d298d2992491e5348f7d0fae613689198c6f72c6536395487fc27acbd8e74b,,8,test
IMG_20251107_110257.jpg,train,480,640,2025-11-07T11:02:57,15kg:1;2.5kg:1;25kg:3;2kg:1;zacisk:1,2cdab730dab5920b35d615e77869ea6eb73a4c19eb0bd9eca6afabac3fa5f964,d2d5d0558c69612a61aac43ef26cab46ee946385b3cc8ff94bf9940796217e46,,20,train
IMG_20251107_111724_jpg,train,640,640,2025-11-07T11:17:24,15kg:1;1kg:1;2.5kg:1;25kg:3;zacisk:1,5405dd9295d49659c4f8962107861558b4ec7380558af55a631f70eb3f4057e0,a427d2d213d22529e08c279cd3e79c729879d0834fcf6f69a86db07552d21fca,,21,train
IMG_20251009_134405_jpg,train,640,640,2025-10-09T13:44:05,10kg:1;1kg:1;2.5kg:1;zacisk:1,8dde0f12a5bf27fb1b9194bf94c005fcaa8bff81bea96171365d752411ea23bb,ce6c9b24999364db3266cc19c99831cf3367ce796498659b66639a6699b233b0,,13,train
IMG_20251107_113304_jpg,train,640,640,2025-11-07T11:33:04,1.5kg:1;10kg:1;2.5kg:1;25kg:3;zacisk:1,3e604991a537ed8dfdf83802f2cbb05a2ce04537330fa701f48dfd56185829d6,a5f6d7d2921a253cd04a34e7c37e3618adb5a69de8e71a49af96a9a520f30a0c,,21,train
IMG_20250929_122447_jpg,train,640,640,2025-09-29T12:24:47,0.5kg:1;2.5kg:1;20kg:1;zacisk:1,0dc8c605933424b731c5033d7040e44887065766d205b11bdf3e711efddfe4b3,ce6c9b2699b164cc9933ccd99b366599cce266cc332c66336ce69b6c66193186,,10,train
IMG_20250501_185648.jpg,train,640,640,2025-05-01T18:56:48,1.5kg:1;10kg:1;2.5kg:1;25kg:1;zacisk:1,dd3949b2825b260e3177e5720aa5c57563fcd71e8b461041e949ac692fd040b9,e125b25accc8b22279c6bdece319b3241cd2af2dc8ccb1660e538e7ef181b1e5,,2,val
IMG_20250504_194518.jpg,train,480,640,2025-05-04T19:45:18,10kg:1;1kg:1;2.5kg:1;25kg:1;zacisk:1,c38b2186acb613472a39c907daefd057b05361535db24788dc5bf97ddb6d897a,806d9c929996846dab69996b3ec889d716b28b6d77eaabb9a5885013817f7698,,7,test
IMG_20250929_121628_BURST002_jpg,train,640,640,2025-09-29T12:16:28,1kg:1;20kg:1;zacisk:1,121e7bd514e1903b637d0caa5b4159e16ab4c752b4b6c19c57fe283515219a84,cc649932ccf366c9399bcccc99336799ccc6c64c33386693ccc69b3066793996,,10,train
IMG_20250501_191435.jpg,train,640,640,2025-05-01T19:14:35,2.5kg:1;20kg:1;25kg:1;2kg:1;zacisk:1,d92432e585625005c0a7f0ff5ecd312b6fb4a35605e9a2a528b5e2bab71c8092,a129edba3da770d058c64370637ed1a7ea74499644b3e2796cd263351839365b,,2,val
IMG_20251106_131205_jpg,train,640,640,2025-11-06T13:12:05,0.5kg:1;15kg:1;2.5kg:1;25kg:1;zacisk:1,a04364e90bb9a0248ad65e46f2a1760e85dbc4df77ee89c34cc563b82fddcee7,e5551b6ad36660b61b63e7ce0c736dcce44a8c79855459bc38f34e39e1502c66,,14,train
IMG_20250501_191510.jpg,train,640,640,2025-05-01T19:15:10,1kg:1;2.5kg:1;20kg:1;25kg:1;zacisk:1,91ac2bdd5b7cfab03123fa931bca45d6d1c59de662c1dbdcc8b1a47ead92021e,a12dedba3ca370c27ac25372e37fd1b7ea5449925493b27d6e92423518393383,,2,val
IMG_20250504_204149.jpg,train,480,640,2025-05-04T20:41:49,0.5kg:1;2.5kg:1;20kg:1;25kg:2;zacisk:1,a58470b54e9b16923e29262ada990c3aa36e9062f31caa42decb8dfd3d40fce0,8c3b8608b3d41fe06d0a720fd22731876678baf8617e29a332c567659c99787f,,8,test
ZE_158.png,train,640,431,,25kg:2;5kg:1;zacisk:1,8bfe81b66d00d946a5a5e2bd2fcac61ae2cc9b644bd27e636bee26820ab7dfa1,f18c2dd2d63f3dfa766088002efb4ef0b3882c7f7e3f9304070071f8e8d81b17,third_party_video,,excluded
ZE_36.png,train,640,404,,10kg:1;2.5kg:1;25kg:2;zacisk:1,c7459837dbd4aa098e4893e3346191a6697fa430cba4dd9e4b36f8f438aa0835,b66e9995c994f46ad56b846e552a955133529b3a3b556bd54666846294eaacac,third_party_video,,excluded
IMG_20251009_120509_jpg,train,640,640,2025-10-09T12:05:09,10kg:1;2.5kg:1;2kg:1;zacisk:1,418573fcc4fc0f00da4965fdbe3376521133dda5ab9252a8dca5c944b75b4906,9b6d9b24993265993326cc59996c659b9333cccd31cc659364cb9b296c9339a6,,12,val
IMG_20250501_191506.jpg,train,640,640,2025-05-01T19:15:06,1kg:1;2.5kg:1;20kg:1;25kg:1;zacisk:1,9037f9062cc3cf94c1592584338c57cdec21deb0ee12522c4bb3d0b997308e60,a129edba3ca770c05a865370e37fd1b7ea5449925493b27d6e964235183b33c3,,2,val
IMG_20250504_194919.jpg,train,480,640,2025-05-04T19:49:19,10kg:1;1kg:1;2.5kg:1;zacisk:1,0d440fc4756ca0cb7e766f7dca718f58770efb3abd14236cc27fbc8ee42661c4,94119b649e6c9412ad9b8c991e73957d1aaec55b12b6a10da0ef6beec5113ba6,,7,test
IMG_20251106_134725_jpg,train,640,640,2025-11-06T13:47:25,10kg:1;2.5kg:1;25kg:1;2kg:1;zacisk:1,db32e59fcc08f916bd65d300dc115ec959b3bcfd22cc3c0f899cae557f1a8a85,e100cfeccc7db18784663b8db1007593aefd8f26b1000e79b99995364eee78c9,,16,train
IMG_20251107_100513.jpg,train,480,640,2025-11-07T10:05:13,0.5kg:1;2.5kg:1;20kg:1;25kg:2;zacisk:1,765773af9d580fa91be6bf74b1e08a6c485c429badd5b568199085bab52c4f9d,dc27c437417fc339bf83bdc063c46e379c239d99b10867bc4762c46289ff2015,,17,train
IMG_20251107_112519.jpg,train,480,640,2025-11-07T11:25:19,1.5kg:1;10kg:1;2.5kg:1;25kg:3;zacisk:1,7bb13c7d822d9b27c41bc55b1438d45fe030877b69a7e8d9eabd3a2d1b6c6e6e,81b7936692e692f66dc3edcb876ba254e915cd181c181e5d0e1fd9d992c9e288,,21,train
IMG_20251107_095529_jpg,train,640,640,2025-11-07T09:55:29,0.5kg:1;2.5kg:1;20kg:1;25kg:2;zacisk:1,16ddd3b148eea487faf19da4a83b3f57dcbb7e06a7c652d547a4e786e0bfe1ba,f072cd9847893264879e33624cb96db6b3648fc978f2cc96174dc659e0365a36,,17,train
IMG_20251009_134513_jpg,train,640,640,2025-10-09T13:45:13,0.5kg:1;10kg:1;2.5kg:1;zacisk:1,3590b3372cbd0d830a3a6e749ed21e400e07daa61bfd504bc4500b3c6232eefe,cc669932999966cdcc66cccd33333399ccc9cc6666cc331966639ccccccc3333,,13,train
IMG_20251107_110603.jpg,train,480,640,2025-11-07T11:06:03,15kg:1;1kg:1;2.5kg:1;25kg:3;zacisk:1,302a35c2cd4e81d95c4bb619c8216026678305495e0fc8cdc40d46537225062c,f06086108f9f7b3930f007874f8fa3d1b7c7f3c6b9d34d8f44c45c28097c70f4,,20,train
IMG_20250501_190447.jpg,train,640,640,2025-05-01T19:04:47,2.5kg:1;25kg:1;2kg:1;5kg:1;zacisk:1,ffb4637eaeac6e708c58df6e26b21e328575678d2aeb2a58b6d0a4425dc3e794,e36b9494cc91326c3999ce62e666399d1ce6c91bf3182ee40cd2f30bb58d0eb5,,2,val
IMG_20250504_203228.jpg,train,480,640,2025-05-04T20:32:28,0.5kg:1;10kg:1;2.5kg:1;25kg:1;zacisk:1,028715e4725d1047a18d8abcb67aa5419db04f3a600ae47e0b62ebf5fc5b1f94,c516beed8cbb9232b75d9c941e6b95591ac9a51216710914a5ef3feec51022f4,,8,test
IMG_20250501_183043.jpg,train,640,640,2025-05-01T18:30:43,1.5kg:1;25kg:2;5kg:1;zacisk:1,a252c667b09e38ba19294e92a4337ffc8bb064433fe44ef5eb5d5e8c92c4151c,872e8f9f4cc9c88666c66ce7ca336e3a48cf48c06e3dc30d30537e71c819bd0f,,1,train
ZE_38.png,train,640,480,,10kg:1;1kg:1;2.5kg:1;25kg:2;zacisk:1,96d96f99cba03d82c0e354ff781ac575666b2f5c3d49f573883279958c05a00c,a3288ce38ca7f2d9d2b4d2b44cdbc2c2ce1a6d386c3d6c396926e3a3d2c353e2,third_party_video,,excluded
IMG_20250504_210013.jpg,train,480,640,2025-05-04T21:00:13,15kg:1;2.5kg:1;25kg:2;2kg:1;zacisk:1,9c8349d8cf4dd0631fe5d78c107b10791d0ef5fb750cf754fba8c2b3441a95e0,8c2a8638b2941efa6f003aaae207bb97070672f89cba693b93c367c6af887c7a,,8,test
IMG_20251106_140627_jpg,train,640,640,2025-11-06T14:06:27,15kg:1;1kg:1;2.5kg:1;zacisk:1,6fafaff3e2c37a8bde8a607dccc9a58e923a4b19e543cf99b2126de3bc3a3c7a,fa265a27bcafa6cc8a4ec64bc5d333923d93dcdd4218cb12a6f6d7c41b240c26,,16,train
IMG_20251106_135636_jpg,train,640,640,2025-11-06T13:56:36,10kg:1;1kg:1;2.5kg:1;25kg:1;zacisk:1,a0986e9630fe9156c51853968fe3d479be66deabd9bfe24ff69dc230211b1a31,f38680730f61711f0772330a99ac71ca6cc98f24f6764ce97999a5c6e4b66cc9,,16,train
IMG_20251107_112336.jpg,train,480,640,2025-11-07T11:23:36,0.5kg:1;10kg:1;2.5kg:1;25kg:3;zacisk:1,ef5e606a143c9dd77b9b91a61a51bf5274960c9299aabea3f3d51bee65a579bd,aa9b9711d5246aa58a939512675512e9e993e92596a9255af4425ac9cb9f6f72,,21,train
IMG_20250504_203418.jpg,train,480,640,2025-05-04T20:34:18,0.5kg:1;2.5kg:1;25kg:1;5kg:1;zacisk:1,374e89805515a405c58bd5289f206f01789bb5dded2fad73819190da2745443b,8504a9241afb943336db1efb866336791a99adda1e7a81922fef3eef81146304,,8,test
IMG_20251106_141115_jpg,train,640,640,2025-11-06T14:11:15,15kg:1;1kg:1;2.5kg:1;zacisk:1,781db0199614d0f5a562714305d5c5899ab9165f88782be0b3dbf62ee40711cd,fa64dbb31d337563f1374c65ce66e2cc9cc48a26299529994c9bf32ee24c0233,,16,train
IMG_20251107_120300.jpg,train,480,640,2025-11-07T12:03:00,25kg:4;2kg:1;5kg:1;zacisk:1,aa742d331f314f06f1c8ab28ff0d2448d0b4898cdec614fafa0d0e14ea7a8b04,8a4299499b196b6bee669f407fe87ff11fd60ec23a89b195845680b78497a496,,22,train
IMG_20251107_115959_jpg,train,640,640,2025-11-07T11:59:59,1kg:1;25kg:4;5kg:1;zacisk:1,2a03ea0f3936a39b5412012de65b9cd4ed510ec62ea35214c9bb16f617674586,b64dcd0e8fb62471d86936c9ccb46b25074995b6e07c9b4d876e85b2d6694895,,22,train
IMG_20251107_120009_jpg,train,640,640,2025-11-07T12:00:09,1kg:1;25kg:4;5kg:1;zacisk:1,df51eb553cdd64608e46b69728b9b22cf6849a5628e81e6866005dc4acf5b99f,b64dcd4c8db665b2f24916c9c8b46b240fabb5b2e85c9b4d876c85b2d6194897,,22,train
ZE_225.png,train,640,615,,0.5kg:1;2.5kg:1;25kg:3;5kg:1;zacisk:1,5799515396910ef2f4a4d29654fb325a2e4f78b212fc10363af3d656aa798ba9,b37110da0e2424c94c580d9b72f6f05139324fce96c42f87cc7cf1e38cdaf397,third_party_video,,excluded
IMG_20251009_134154_jpg,train,640,640,2025-10-09T13:41:54,10kg:1;2kg:1;zacisk:1,e78df61798cd1b73d57dc3d9b0ea99c575b4084478d8979b915f1cb43f917f4c,cc619926cc3363993326cccf99b333996666664d99cc6cd971d39a64c6693193,,13,train
IMG_20250501_191353.jpg,train,640,640,2025-05-01T19:13:53,2.5kg:1;20kg:1;25kg:1;2kg:1;zacisk:1,3de5d0f01855dca592312e790aa02f9ae2b55914c9e32e7487e084364d478a0e,b135ec9b3c93308a79c2eb7ae33f9991aa581d8b368fb269b44393249ccd85c1,,2,val
IMG_20251106_130012_jpg,train,640,640,2025-11-06T13:00:12,0.5kg:1;15kg:1;2.5kg:1;25kg:1;zacisk:1,c460be97d42dcaf45e48b4763f004e8122f35e1cf1ec820a6776d892b986986a,8cccd9652233f4baf3314e071cdda4d09aca55ce9967aa1fe31c43602b2fa693,,14,train
IMG_20250504_210732.jpg,train,480,640,2025-05-04T21:07:32,2.5kg:1;25kg:2;2kg:1;5kg:1;zacisk:1,afed11bc72e991df3832cc2f98893f5064f87d39f13088624ff87c4c3f33f8c7,94a59b899b583cf6a8e69c63d4ad99493d946f56663162a0414861bc5f7c5fa5,,8,test
IMG_20251107_101802.jpg,train,480,640,2025-11-07T10:18:02,0.5kg:1;2.5kg:1;20kg:1;25kg:2;zacisk:1,0241ace1589ed5b5e8a8a2e1c481258a63694040bbd387c72628a73da1082035,dbdfcfdecc0c7160b170cd5e3d0b9040e5571d0f4c0e73ec95019ed56e4ad803,,18,train
IMG_20251009_133801_jpg,train,640,640,2025-10-09T13:38:01,10kg:1;1kg:1;25kg:1;zacisk:1,6ccf1b3bce6a077fdca235084131c9fa9e22f6f39f3b3de4bae77c2687aa7b4c,ce4a9b398e6c658e9b3366529b4c64e33339e6da64d36d846e38924b63873931,,13,train
IMG_20251106_130240_jpg,train,640,640,2025-11-06T13:02:40,1.5kg:1;15kg:1;2.5kg:1;25kg:1;zacisk:1,3863258f95630c74da5f14d6cb62e1245ce5bd9166f2b6fee70cd3d83f7dbf99,8e38a4b8bcc33c1cf0cc3cee667336471ccf9197138383e1318b319f13b533e5,,14,train
IMG_20251107_095710_jpg,train,640,640,2025-11-07T09:57:10,1.5kg:1;2.5kg:1;20kg:1;25kg:2;zacisk:1,4cb2d9acc65e9df5172630361bdbd86295c327c80c49a91be20322c4fb916e1a,a4c4886d9c712cedd84ce45df42738e32c315c0a6a831b4ba791d7a8dbd95f5a,,17,train
IMG_20251009_134107_jpg,train,640,640,2025-10-09T13:41:07,1.5kg:1;10kg:1;zacisk:1,cdf1942fbf75e995d93d5b268925da61ab2a6425575b9ade8b94637284cf6820,cc61993699b333993326cc6c99b233993366e649ced96c996cd39364664c31b3,,13,train
IMG_20250504_203619.jpg,train,480,640,2025-05-04T20:36:19,0.5kg:1;2.5kg:1;20kg:1;25kg:1;zacisk:1,3c631c3d8653c9e02a27dafc227a28cac905e1da547bfb41a92c0e0de0ed8f4d,a105a8699cba943636d31ebaa67336fb189a85341e7b99343fde0eeb8125624d,,8,test
ZE_216.png,train,640,563,,20kg:1;25kg:2;zacisk:1,1a43eb35db4a5274afeff7bb5ca7bac6e30b50193b0889cbe5c8cd703343e216,a6d25938d96d7c3df90c46f308c6a7937b06d8786653f92c2dc6c63179c82e03,third_party_video,,excluded
IMG_20250504_211002.jpg,train,480,640,2025-05-04T21:10:02,15kg:1,61eb4189de60bb3271906a498323970c0451485ec7ce0a5e5fabb5b12931dc9c,956880f5b6d2233ea3268235ff54ba857e42688b729f4c3f8c3ddd357360704a,,8,test
IMG_20251106_135729_jpg,train,640,640,2025-11-06T13:57:29,0.5kg:1;10kg:1;2.5kg:1;25kg:1;zacisk:1,dc73049f9a302f65ff128bc97e376cdfdde038e732740481e74dc0b6d869a1f0,a6cbd972d1e6e285f111666be6c7688a058c9f2d1b3509947ccce679b659381c,,16,train
IMG_20250504_211133.jpg,train,480,640,2025-05-04T21:11:33,5kg:1,318e8a169429dd19f2c45883aef93d69514e47feec91c21d5e597b8df153f3e2,95da85d1b2f6336e836c8225ed12bc977a4b584b54b94c3a8cb5dd357340714e,,8,test
IMG_20250504_210905.jpg,train,480,640,2025-05-04T21:09:05,25kg:1,2b0043549d67d366702090ec90e94c92fa56867fe07a4fcfac3a7566b096a672,95ed8068bb6833a6a3368216f775bc427ea968a974db449d8f5dd904736a7023,,8,test
IMG_20251107_101008_jpg,train,640,640,2025-11-07T10:10:08,1kg:1;2.5kg:1;20kg:1;25kg:2;zacisk:1,ebf63c7e0ce4c4f7b91b0c1e4a4cb219cb5ab3a3e6a91518b79cb9b4a4d61f9e,f874cc9a48993264b36433624a9bcd99854dd6cb4ab24e3eb565b74d4a9a5a9a,,17,train
IMG_20250504_203727.jpg,train,480,640,2025-05-04T20:37:27,1kg:1;2.5kg:1;20kg:1;25kg:1;zacisk:1,52774c1720d44e9c2a50b415e512ad976087604fd88034c4118f269a57fe70be,a125aa499c9a943436d31ef2867736f9189a85373673893c3fdc7eeb8125224d,,8,test
IMG_20251106_135913_jpg,train,640,640,2025-11-06T13:59:13,0.5kg:1;15kg:1;2.5kg:1;zacisk:1,6813ee73997e38a037b1338ab1b2afbf4e3664ab723f470c746db047ba3ea438,b326c96b6dc9674bce696e49198b671bcd69ca4c5b021933f3ccf24e4e130991,,16,train
IMG_20250504_194920.jpg,train,480,640,2025-05-04T19:49:20,10kg:1;1kg:1;2.5kg:1;zacisk:1,86fca7c10d857cd4cfe15fa9af3855dda104c7061937d373478055ee5ba9d708,84119b6c9e6c9412ad938c911e73957d1aaec55b12b6a10da2ef6feec5113ba6,,7,test
IMG_20251009_133702_jpg,train,640,640,2025-10-09T13:37:02,1.5kg:1;10kg:1;25kg:1;zacisk:1,7bb9ddcf7bdfb85e824fc974719e4c2b6697d9d1de02b047013b487ee99b6a1c,ce69993c996764c6999ce6799926718699b9664966d964f364639b0c631919b6,,13,train
IMG_20251107_095531_jpg,train,640,640,2025-11-07T09:55:31,0.5kg:1;2.5kg:1;20kg:1;25kg:2;zacisk:1,f584bb5eabea11f9891a48739de9c901c9b4556644408fbe546b70ef846a6f9e,f0e48f9a479b32c5871d336449326d29b26c8e9270e3cd3c3f4fa4dbc25c56a4,,17,train
IMG_20251107_112917_jpg,train,640,640,2025-11-07T11:29:17,1.5kg:1;10kg:1;2.5kg:1;25kg:3;zacisk:1,dc5c99dd98c80d83f012f83701fe1a6ff4994ecea43d2477c9046ec6ea745ccc,f0f88bfc8b0670788d9a255a87f84f075a68b64b34139e360672c673c6738eb6,,21,train
IMG_20250908_112435_jpg,train,640,640,2025-09-08T11:24:35,15kg:1;1kg:1;zacisk:1,f70095a7ecd5ac0c9fe997122e0971588bb66dcbfcc888f4ed07fdad40f6f441,cc649b36cc71669933a6cccd9931679998e6ccccb3193333cce69c4c63393133,,9,val
IMG_20250504_203630.jpg,train,480,640,2025-05-04T20:36:30,0.5kg:1;2.5kg:1;20kg:1;25kg:1;zacisk:1,97481ed22dce06eef7f3948eecbeb0de6081b6748afdf1086ac290b164a44058,e504ad659abb9c32361b1e998671365a1a9a85b60679d91633ff2efbc5246344,,8,test
IMG_20251107_095355_jpg,train,640,640,2025-11-07T09:53:55,0.5kg:1;2.5kg:1;20kg:1;25kg:2;zacisk:1,519e846d9424ede9fa840ed74c2cf248989d27ffe0908fd760afe7beb59b1758,ee71b65999442556dbf40a6b58a6c369a496e31da496194b0e3378010bff3fc6,,17,train
IMG_20251107_101848.jpg,train,480,640,2025-11-07T10:18:48,1kg:1;2.5kg:1;20kg:1;25kg:2;zacisk:1,7ed8df14fe55f299916a6572a405c3dea103a29170caedc59db1b9cc3ec095d6,eef3c6bcd9bc99ad62e3f2d7f2569a157a055202101028b16c6d4d6fbcd428c5,,18,train
IMG_20250908_112533_jpg,train,640,640,2025-09-08T11:25:33,15kg:1;2kg:1;zacisk:1,be91d6895ff83411e9293732a33217ee6aa4b07efd7f682bf6e380e0ab7a635a,98649b26cc7366993336cccd993366999e66cccd93986433ccc49b6c663399a6,,9,val
IMG_20250501_190500_1.jpg,train,640,640,2025-05-01T19:05:00,2.5kg:1;25kg:1;2kg:1;5kg:1;zacisk:1,cf183e26703d52a174157cfd5c5ff994d07ff00883bc892c84cd225e97eac802,a36b9492cc98336639cdc633e6321d9c0e77c989f38c0e660ddbf30394c50ef6,,2,val
IMG_20251107_101756.jpg,train,480,640,2025-11-07T10:17:56,0.5kg:1;2.5kg:1;20kg:1;25kg:2;zacisk:1,1e37660c762332a01ef302e2b8c9620ff2d58deb6be223ca845abbcb8ae069dc,ff1f8f1f89b609e8623923c1c003ff003e3419beff81f389b3f896894e9b6810,,18,train
IMG_20251106_130842.jpg,train,480,640,2025-11-06T13:08:42,0.5kg:1;15kg:1;2.5kg:1;25kg:1;zacisk:1,2098d015ab9c52481d9333a8625a3a9495308fa96e2e84a1df84b5d16dfac5e6,aa18ba117b13ec146bb42bb77b3ed9059545b665d62d146b2ce81efc523a809b,,14,train
IMG_20250504_211257.jpg,train,480,640,2025-05-04T21:12:57,1.5kg:1,f39c7294c8231a0aa5cfbc67a8af7ea2a02773d939587f6198f0b66be3203fbc,95ef947c9a72332383378315e5dbbdc07b607a2c545d640d8e90dd147b6e7023,,8,test
IMG_20251106_141057.jpg,train,480,640,2025-11-06T14:10:57,15kg:1;1kg:1;2.5kg:1;zacisk:1,cfdcd79ec9ce3013e3c9b0b94e6588510246a3284dd1d3a6bdcef28f54394933,b7fcd7fcdbec6ffe7fb03fd2fc697e7170e0a2e003024306c004e118c218005f,,16,train
IMG_20250929_121111.jpg,train,480,640,2025-09-29T12:11:11,20kg:1;zacisk:1,fb2fa13ff72081cb3e77635e426b87061e7a3ee5d2a2adab18ac559c9c751ae4,864b938ccd18cc355b149f24f54ba6bf387b70c336eb30db968570ed2f4865a0,,10,train
IMG_20251107_113934_jpg,train,640,640,2025-11-07T11:39:34,0.5kg:1;10kg:1;2.5kg:1;25kg:3;zacisk:1,0018d909fb485aa435a3ee1a228b5dde8407580443c02fcb9f87612a53c9bdd4,e73996759ad6695c984e6207a00558d25110e195e18551875297db9fa9afbd7b,,21,train
IMG_20251107_120018.jpg,train,480,640,2025-11-07T12:00:18,1kg:1;25kg:4;5kg:1;zacisk:1,22217b619912f100a4b7ed35d21810e6477546278318912eff55956a88fd0669,db33c4dcc4cc33b2fa13c85c2384c6e7b93a6b260cce6c99a762dc64b1196c9b,,22,train
IMG_20250929_123520.jpg,train,480,640,2025-09-29T12:35:20,1.5kg:1;2.5kg:1;20kg:1;zacisk:1,c406e59fe646e875782e144a4087624f32baa593647f602c0b469635063fa155,850b38b5da13352c38609a7e279ecbcdcb8d65245c74935ab387b34b24bc9cb6,,11,train
IMG_20251107_120514_jpg,train,640,640,2025-11-07T12:05:14,1kg:1;25kg:4;5kg:1;zacisk:1,e4bda4b4ac5bedb32be6090753ddc16b771a013ecde8151c8dd0846237a893fa,a13bd63392f56b11de3b6739c7aa3c548c5e94ae1ca21c3a2c51ab47bb2d1a21,,22,train
IMG_20250501_190751.jpg,train,640,640,2025-05-01T19:07:51,2.5kg:1;25kg:1;2kg:1;5kg:1;zacisk:1,b626f5f4aac8a1a4c1b7956501e45846f870681e8cf9d2ad64536f027f049090,90b6ec993c99309839c9cd3bb53f998aaf491c891ec6b3669cc9c32698dca7c2,,2,val
IMG_20250501_190851.jpg,train,640,640,2025-05-01T19:08:51,1kg:1;2.5kg:1;25kg:1;5kg:1;zacisk:1,803585e94845683885765bf7b5bc53563d270cc1aade88078ef3dd93c919a8e9,84b5ec993c93328a7bca597ae13fc113ab5a19995699b36eb40b5713983c34c9,,2,val
IMG_20250504_211339.jpg,train,480,640,2025-05-04T21:13:39,0.5kg:1,aa2da9059cd47d130eb1856f732c09c0e26b71abd1d62e438980b779b573b58f,95da84f1b235332e832e92b5edd6be857a407a49549d6c1b8c95df4873e47142,,8,test
IMG_20251107_115759.jpg,train,480,640,2025-11-07T11:57:59,1kg:1;25kg:4;5kg:1;zacisk:1,21fdb39b15b88f985ded4bd932d11af7c1fd6300769499a74c432d96848b1e28,8cd89cb897b41e346d58835895be6c7ee23ef2295cab9c6fa062c0d16087fc27,,22,train
IMG_20250504_205231.jpg,train,480,640,2025-05-04T20:52:31,1kg:1;2.5kg:1;25kg:2;5kg:1;zacisk:1,1cb4d7f3c7e12d477cc80fa9e7e420084712cdfea7aa5b820dcd663a6f5918e9,8e968f87936b8e8b65a36be0d98874e823753a2766a9289468f873e11be72e0b,,8,test
IMG_20250929_120813.jpg,train,480,640,2025-09-29T12:08:13,1kg:1;20kg:1;zacisk:1,a17292445ffc548a50f38fa2b60e8ec48fac4ad2e45b0dfcd13503bad66e5e6a,8eac9714d922c94e5b289e05e8edbc7970cf240f70f1b4ab34eb26d46b4187e9,,10,train
IMG_20251106_135926_jpg,train,640,640,2025-11-06T13:59:26,0.5kg:1;15kg:1;2.5kg:1;zacisk:1,9e1fa9084bf2ba03bebd4a70a8c1f9e2b4ba0a1c044305c3d625d50cc69f4ebb,fb3359133c85a6468b51c74cc15935991d98dc4e435a4b1be75397675f225c32,,16,train
ZE_218.png,train,640,513,,1kg:1;2.5kg:1;20kg:1;25kg:2;zacisk:1,9d6fcb583c375f460dbde11b15242cab11f1cb777ca6cb326375450c30e27f55,ae659d6b19f3aa17310ae0c86cc135e37cf51ff1dfea130b931a632083016ee5,third_party_video,,excluded
IMG_20250929_115949_jpg,train,640,640,2025-09-29T11:59:49,2.5kg:1;20kg:1;2kg:1;zacisk:1,5c114f86a2449956bc32ae5bcfee53cb5b5788fa9bc05f69f617d46e4da12e66,9a4d9b65cf3936cd9a6cce3833246486c6d964c966f133399e4c924d38f33166,,10,train
IMG_20250929_121357_jpg,train,640,640,2025-09-29T12:13:57,20kg:1;zacisk:1,64a2944eff787d87c0a6311093df3852ee73bdf1de3d0f58c48bda0716cedccf,cc669933ccc366cc9999cccc99b166c9ccc66666333366c34cce9b3266673199,,10,train
IMG_20250504_194800.jpg,train,480,640,2025-05-04T19:48:00,10kg:1;2.5kg:1;25kg:1;2kg:1;zacisk:1,5b3505ecd9bc7b4269842f7e4b2fb2c4c243e7b3fcb927e0a3d891face7f5be5,804d9c9299b2a46daf6b996b3ef9896d15b6886736d2bbb9a5c84811813f7698,,7,test
IMG_20250504_205230.jpg,train,480,640,2025-05-04T20:52:30,1kg:1;2.5kg:1;25kg:2;5kg:1;zacisk:1,5b28d41da0a8b24ea4088de7ebfe9b81a000620ceeb903c42102474756dfbe30,8e968f87936b8e9b65a36b60d98874e823753a2766a9289468f873e11be72e0b,,8,test
IMG_20251009_133624_jpg,train,640,640,2025-10-09T13:36:24,10kg:1;25kg:1;zacisk:1,bb61ba2ec19516416bef14d2de301e05b027dbaebe288022cc03cf992d9e0d1b,ce6199b499276653999c6669993263969986666966d964d366639b6c339c3996,,13,train
ZE_65.png,train,640,489,,10kg:1;25kg:2;zacisk:1,917c6fb7e8b07e34c352d8ee2435421d9db01e36144510e58b2de00dff63675e,aa94955656a17667dd56aaaaaa555552caad54a4ab527555aab558d5ab558151,third_party_video,,excluded
IMG_20251107_095549_jpg,train,640,640,2025-11-07T09:55:49,0.5kg:1;2.5kg:1;20kg:1;25kg:2;zacisk:1,fcb12a1cf2590787e9a3008fdaa7868a57f58514e5cbdfbcc3ac7301db79ec44,d0728e9b6d89766d9644336249bb6dad9366941b60c34db6bf6d945940127bb2,,17,train
IMG_20250504_194757.jpg,train,480,640,2025-05-04T19:47:57,10kg:1;2.5kg:1;25kg:1;2kg:1;zacisk:1,a5ea375fb9ad02ebade39fab6a1b3d4a3ffa949e4a49761cdbbede509017e10e,806d949299b2846daf6b9d6b3ee9897d1db6886636d2bbb925c84813813f7698,,7,test
IMG_20250929_123602_jpg,train,640,640,2025-09-29T12:36:02,2.5kg:1;20kg:1;2kg:1;zacisk:1,24fa839ffd1660feb76ec05c9ff690ec25244e5cc84957e3e6c0c45f97eb9afd,99249933993164cd9a6ccc63993364dc8e6cce6d9b393992ce6c986c993339b3,,11,train
IMG_20250504_210711.jpg,train,480,640,2025-05-04T21:07:11,1kg:1;2.5kg:1;25kg:2;5kg:1;zacisk:1,9ab2019f0c8f6fbb2ebfbf87836c3f6a8a9dbcc93a07e4f8ee0e7180ee67ddee,c34d88768cb31e2caf1cc71ed25984b3066d25ed71c77947e89368a144b84fed,,8,test
IMG_20251009_123649_jpg,train,640,640,2025-10-09T12:36:49,10kg:1;1kg:1;2.5kg:1;25kg:1;zacisk:1,b475b004195cee602df5875d85022e9582667df4c1cc9f536c5283bba30293c5,ce1e9b638e5c648c3b33c6189b4e6ce73919669e64c36d9c663cc663318d196c,,13,train
IMG_20251107_113319_jpg,train,640,640,2025-11-07T11:33:19,1.5kg:1;10kg:1;2.5kg:1;25kg:3;zacisk:1,df09422cff5738b6021611432f5491158049018f460ad07422fc6658dad2d482,a53bde7392126731dc2336a3c2251e34cf3cdf8a3cc2ca4d2f9ccf0a78292c65,,21,train
IMG_20251106_134449.jpg,train,480,640,2025-11-06T13:44:49,10kg:1;2.5kg:1;25kg:1;2kg:1;zacisk:1,753ba14ccc394e16ada227bd5718355e349b2b9ef95341ea558de568ea0c7301,ed364db695d34f3b3334dad5ca53e33349495d4a52919a948a863486ba98729b,,16,train
IMG_20251107_111507_jpg,train,640,640,2025-11-07T11:15:07,15kg:1;1kg:1;2.5kg:1;25kg:3;zacisk:1,862056ea8ffe875b85fae2fdd702055943498e8705897a15ad3dd86823fb3ea5,f1328ba6c78d7078879a34b99671734fd978319219b24b0dced7855225cc6abc,,21,train
IMG_20250929_125048.jpg,train,480,640,2025-09-29T12:50:48,25kg:1,a86cdf2befc1f6cd74cf7c3f66fb856c648deb60cc4c1ccb42cca0cafdc62e24,8e6b735d9598648863d4b1ac6d0a961fdec5ca645bd4d188651e96e3409da7cb,,11,train
IMG_20250908_110704_jpg,train,640,640,2025-09-08T11:07:04,15kg:1;1kg:1;2.5kg:1;zacisk:1,f52aa25d57a6c8fc3d722c37affce34f1bfa60a1842432440484469312df1215,ce699b649931669b3326ccdb9b2c719b99b3c6c9338c64b3cc63930933989c66,,9,val
IMG_20250929_120702_jpg,train,640,640,2025-09-29T12:07:02,1kg:1;20kg:1;zacisk:1,e21e0b44c272191d6427064a5dc822fe200e1b06506a124355347fc9a3e8d0cf,996699b39b31334c9966ccc731936399ce646664338e3196cf319b3c64cf3199,,10,train
IMG_20250929_122419_jpg,train,640,640,2025-09-29T12:24:19,0.5kg:1;2.5kg:1;20kg:1;zacisk:1,0c8a375b377c0234f152e5d3abf257728c5a4c271aefcb40d662dec6bec8c609,ce6c9b3699b164cc9933ccd99b366499ccc666cc333964b32cc69a6c66d93186,,10,train
IMG_20250908_112458_jpg,train,640,640,2025-09-08T11:24:58,15kg:1;2kg:1;zacisk:1,9213ce41073c448107f267040e35e07ab287e96c3ec1ddf747536a9084f11063,8c649b26cc7366993326cccd9931679b8c66cccdb31923338cccce6c673139b6,,9,val
IMG_20251107_105958_jpg,train,640,640,2025-11-07T10:59:58,15kg:1;2.5kg:1;25kg:3;2kg:1;zacisk:1,d314d25efa7b20286c47acbe3dfe4683c86887d3cb92d8ddb618cdc92cc4e3f5,ac3716d3539865099ace638a6e832d62e53c94d73dd39e72a10cc3471fd36958,,20,train
IMG_20251107_101925_jpg,train,640,640,2025-11-07T10:19:25,1kg:1;2.5kg:1;20kg:1;25kg:2;zacisk:1,a48922758fe000b23fc76b4b066fd47dba90a8c6421376708f15e8235e29ce4d,f831cd892d83323ef3663132681b4c9d8d4592404afb7e3bb534b56c4f894e9b,,18,train
ZE_212.png,train,640,530,,15kg:1;1kg:1;25kg:2;zacisk:1,2879738987d99ccf027bfc8db29f751555c99d43d2b73a35dde44e4a409311e9,d3320cf3e6cd670cb74c734c08b3e336dd930c63d8e14cd3f59a2f34122c638d,third_party_video,,excluded
IMG_20250501_191347.jpg,train,640,640,2025-05-01T19:13:47,2.5kg:1;20kg:1;25kg:1;2kg:1;zacisk:1,a460bbbb97d11d1587f466acda6dae1a10df4338c6c7f1975eb424a8c8cc7f9d,b5b5ec993c9130c879cbeb3ae33b999aab481d8936cfb36cb648932298cc95c0,,2,val
IMG_20250504_194215.jpg,train,480,640,2025-05-04T19:42:15,1.5kg:1;15kg:1;2.5kg:1;25kg:1;zacisk:1,3354e8208a42402e42f1660c7ffa2404dca450bc2123d6860f833fbba7857441,954698451af9b4322ca60ebee7723a691ac985b33b2d9dd723e90acdc1147367,,7,test
IMG_20250501_190903.jpg,train,640,640,2025-05-01T19:09:03,1kg:1;2.5kg:1;25kg:1;5kg:1;zacisk:1,e031b9188d31cef09f26af18da6536d813e7cc6cbb05146705442574cffb4556,909afc9b3cc939493945cd39a53b9d8bad4c1ccc1e46b3338ce4cb4a8adea6c2,,2,val
IMG_20250501_190658.jpg,train,640,640,2025-05-01T19:06:58,2.5kg:1;25kg:1;2kg:1;5kg:1;zacisk:1,ed64e063c2bf4eef80d56ca8bc6e30870d96db4cd81ece62fa54a3fbe0b85b2d,94b6fc993c99384939498d3ba73b9b88bd491cc99266a326cec1cbb20cdce6b2,,2,val
IMG_20251107_095533_jpg,train,640,640,2025-11-07T09:55:33,0.5kg:1;2.5kg:1;20kg:1;25kg:2;zacisk:1,740ada350b7cda7ebc7903b3fa4fbd264ee677a09d6305cab7e7ad7cc5b65888,df8cc07660373b99c07f398c66e666d1998cc2667ec1c6dd1112d332eaed5a0c,,17,train
IMG_20251107_101854_jpg,train,640,640,2025-11-07T10:18:54,1kg:1;2.5kg:1;20kg:1;25kg:2;zacisk:1,6e25acae5796e564a79cd32ef6690c88c42c8fdc39db7ce984dc8a6bdcf39966,a73183039aca706a99584e2adcea39dde8eac4ba25940fc70783a7adb79d152b,,18,train
IMG_20250504_205114.jpg,train,480,640,2025-05-04T20:51:14,1.5kg:1;2.5kg:1;25kg:2;5kg:1;zacisk:1,43420024dc33ac8c0c1023886b288072967858bf502ff7e0b44b791b6449a6e9,86da8bd099258bc864f16bfce8fd74fd33702b0562802cce607d707509f72f85,,8,test
IMG_20250501_191512.jpg,train,640,640,2025-05-01T19:15:12,1kg:1;2.5kg:1;20kg:1;25kg:1;zacisk:1,7d271ded674fe0b465d54f8d2fae7e5c8b2371e219e2481cf57307444295f590,a129edba3ca770c07a865370e37fd1b7ea7449925493f2796a964235183b3383,,2,val
IMG_20251106_130621_jpg,train,640,640,2025-11-06T13:06:21,1.5kg:1;15kg:1;2.5kg:1;25kg:1;zacisk:1,1a322648672088249a9d55a10df29bbb80177075b995a33c1b2043d06bf774f4,e18af38cb2a6e4641769565869e439d3e4db953349851bbc6ad4b1634a6ab794,,14,train
IMG_20251009_115914_jpg,train,640,640,2025-10-09T11:59:14,0.5kg:1;10kg:1;zacisk:1,1461ad30f4910cc81f311d8c5ddb9e0fa484c42b4d3936eeb27d851b52d3143c,cc31992619cf33993366cc69cd19318e3366cccc6cce6633dccd9b3c663039c6,,12,val
IMG_20250504_194225.jpg,train,480,640,2025-05-04T19:42:25,1.5kg:1;15kg:1;2.5kg:1;25kg:1;zacisk:1,ab8b93d030218b14c767405cd2ecd5674f6986828554e50b06dba27013a148bc,d52a956e8a4cbe99ae970e96c73a1a6f0a4d859a2b149cd3227c0a5dd5ca7363,,7,test
IMG_20250504_194737_1.jpg,train,480,640,2025-05-04T19:47:37,10kg:1;2.5kg:1;25kg:1;2kg:1;zacisk:1,75fa96de530e44b60f7f83abdbe27eeefb68960a9ab182f9d15a2d15e77e3e9a,804d9e9299b2846dab6b9d6b3ef9896d1db6886676d2abb925c85803813f7698,,7,test
IMG_20251009_124254.jpg,train,480,640,2025-10-09T12:42:54,1.5kg:1;10kg:1;2.5kg:1;25kg:1;zacisk:1,7f1466d500819666511204384ae81b007032e1eced4f89cf115ef7b776f08b56,b02588db5fda27cc739d3913301fb113964484e80df246ae43a65ffb7e319307,,13,train
IMG_20251009_134446_jpg,train,640,640,2025-10-09T13:44:46,0.5kg:1;10kg:1;2.5kg:1;zacisk:1,2bd25e5e9155b249265e5a7c517bc9082024a6481c1f7a133d88e5768915b10a,ce799b24999364db6664ce19998c31c63263c67964dc659a66639a66d99b31b2,,13,train
IMG_20251107_113018_jpg,train,640,640,2025-11-07T11:30:18,0.5kg:1;10kg:1;2.5kg:1;25kg:3;zacisk:1,f14131cebfaade4dd7d2fd9d26eeb29061e02fd15501d1133486e5a166757fb6,e7299e569ad2671891ca41e7e1e3f8d47af042bd63651cf1a871c18ca1ac1de3,,21,train
IMG_20250504_210709.jpg,train,480,640,2025-05-04T21:07:09,1kg:1;2.5kg:1;25kg:2;5kg:1;zacisk:1,9725e98b99144a798317dce958f629bb83d2c6a434c087329db196f99c242295,c34d88768cb31e2caf1cc71ed25984b3066d25ed71c77947e89368a144b84fed,,8,test
IMG_20250501_190700.jpg,train,640,640,2025-05-01T19:07:00,2.5kg:1;25kg:1;2kg:1;5kg:1;zacisk:1,e82bb4d93307fda2757610f13fc5e12aa19b7c4b15e0bd0fea4336e57f4ea9c2,84b6fc993c9930c93949cd3ba73b9b8aad491cc91e46b3668ee1cb3288dca6d2,,2,val
IMG_20250501_191337.jpg,train,640,640,2025-05-01T19:13:37,2.5kg:1;20kg:1;25kg:1;2kg:1;zacisk:1,657fc89a5ebf4f2a9b126f68346338e447c4c035c214c05e64213a0035fea7b0,a12dfdb33c92308a3b92eb72e3779995aa521d9336ccb2698c429b249d8d87c5,,2,val
IMG_20250908_112208_jpg,train,640,640,2025-09-08T11:22:08,15kg:1;1kg:1;zacisk:1,653dd80250f6a50c6c724ae401fcf13ef4a01b8f28631cf579e3ea650e58b590,cc649b26cc31669931a6cccd9b316399cce6cccd33196333ccc69a6c733139b3,,9,val
IMG_20250501_185954.jpg,train,640,640,2025-05-01T18:59:54,1.5kg:1;25kg:1;5kg:1;zacisk:1,6a38d6cfe577f8cfbbf1878972e005cf5124f389f96d5ac4e7e15fd796071013,e135b25bccceb33658c6ad24f319b1a61ed3af34d8ccb1270e52860ef989f026,,2,val
IMG_20250908_105829_jpg,train,640,640,2025-09-08T10:58:29,1.5kg:1;15kg:1;2.5kg:1;zacisk:1,636106cbe6728c012ef0cc45085a1614f86f2d1b647e2972033d801d3a184d09,ce699b6499b3649b3326ccd39b6461939933c6d966cc643264c39b4d63996c66,,9,val
IMG_20251106_140517.jpg,train,480,640,2025-11-06T14:05:17,15kg:1;2.5kg:1;2kg:1;zacisk:1,41a8f1fb48cadf7660bf2a5bfcbd0a8589c2738e5c1ab1a052772153af2aa62b,ff3f0e0f280e376e8731ce181e73e27399881ccf26313a229cee9719a39548e6,,16,train
IMG_20251107_095712_jpg,train,640,640,2025-11-07T09:57:12,1.5kg:1;2.5kg:1;20kg:1;25kg:2;zacisk:1,954f7befc4f2c5dd7e6569ee674d69e6d25cda1b2aa673a53eb6676964ef8a3d,a4d488e99c712cedd8cde07df47f38e32c37541b5a8b1a53a4319621cb0b5f51,,17,train
ZE_66.png,train,640,558,,0.5kg:1;20kg:1;25kg:2;zacisk:1,46309815e81328454b322181bd06bcfe64dc532647afe477bf33a710bf4842b1,f9d1fe3fbc3e50fcc4f87fe087804201b89864e6876319d9f81c743e87e30381,third_party_video,,excluded
ZE_135.png,train,640,496,,2.5kg:1;25kg:3;5kg:1;zacisk:1,7da4e08d810c8330747116de45e8973c02d4c0e6e603c66a5474241cbe06ed85,b6d35996f118e669c96589697949d9088753d969696db64da651d450d9f68196,third_party_video,,excluded
IMG_20251107_113334.jpg,train,480,640,2025-11-07T11:33:34,0.5kg:1;10kg:1;2.5kg:1;25kg:3;zacisk:1,43bcce2a6f1f763d4adbf646af6042c0df14d785e85c4cdfe301f802ac5a8c1b,f364c1d1ccf13f5d3355c9371d72252ac08a92593668c1b3a9b732231eebc89b,,21,train
IMG_20251106_130824.jpg,train,480,640,2025-11-06T13:08:24,1.5kg:1;15kg:1;2.5kg:1;25kg:1;zacisk:1,415635166fb2f6d4fd8eeb125203b6ff726ef1cf565e9703cb468b608f0e742a,8ba9ca2f6f4ef69442214b6537c48408cce8a8c92ddf779a769a7857235785d1,,14,train
IMG_20250929_124733_jpg,train,640,640,2025-09-29T12:47:33,2.5kg:1;20kg:1;2kg:1;zacisk:1,7c1254a20ae1ca26dc1b8bcc2e2bceff89a57adad9003bbf551e8485fe367c41,996499369b3166cc986ccc7899b32399ce4dcccd9b393199ce649a64993339b6,,11,train
IMG_20250929_120856.jpg,train,480,640,2025-09-29T12:08:56,20kg:1;2kg:1;zacisk:1,75af9e67b53008782d69fc77f60fb236c2037f0e9c7b93d912dbdbfea5905112,a77890e8ccefcd9d49d3c1fd752b82917d1622bc3f0a925b3a173324252d829b,,10,train
IMG_20251107_110325_jpg,train,640,640,2025-11-07T11:03:25,15kg:1;1kg:1;2.5kg:1;25kg:3;zacisk:1,3ff904e6de4a68f462ac54ceba67e766e2efd5012bad6ce893d7473453188f6b,e72bdc629ad05398191c47aca561a945fe5542bf50ef18d31ad0d29ee12cb5e3,,20,train
IMG_20251009_123626_jpg,train,640,640,2025-10-09T12:36:26,0.5kg:1;10kg:1;2.5kg:1;25kg:1;zacisk:1,e8e951bdfb899a5f12ea68e02b659effa1ec8ecd4bc120630601ad8ae58c6f40,c61e9b639c68658c3333c6989b666ce73998669e66d36dbc643cc643318d196c,,13,train
IMG_20251106_135514_jpg,train,640,640,2025-11-06T13:55:14,10kg:1;1kg:1;2.5kg:1;25kg:1;zacisk:1,3689a0e4869967e1ccc8bd211c1de897798ae72d83db549010480dcc92181e47,a6d1d92d416c34d3d8676658595575d791d2de211b359924e4cce243cedd899c,,16,train
IMG_20251107_113112_jpg,train,640,640,2025-11-07T11:31:12,0.5kg:1;10kg:1;2.5kg:1;25kg:3;zacisk:1,0464e9a00e6ccd287098efbf56f853bd86fbc40e78293194840307e26e185719,e7339a5718546f39813d65359cc03d64155fe7171ed318d2991cd19c27a13d63,,21,train
IMG_20251107_111432_jpg,train,640,640,2025-11-07T11:14:32,15kg:1;2.5kg:1;25kg:3;2kg:1;zacisk:1,0c9bf77b89e989ddbb5ecf1147f154119e6ff1a3d2d10d321c66c746dba43e95,e72b94e792d5139cb95c674aa54b2cc61e73047aad6dbc53ac509c1c18f81af1,,21,train
IMG_20250929_125542.jpg,train,480,640,2025-09-29T12:55:42,0.5kg:1;2.5kg:1;25kg:1;zacisk:1,5a6d90be558eb5bb76fb6fdb6a613166a7f6aaa9958fe901d67363dadcb82014,8e79734e94cc24c5635eb0a427ab928b9ec58c256966d8cc6b8e92b1f4b5a5cd,,11,train
IMG_20251107_110317_jpg,train,640,640,2025-11-07T11:03:17,15kg:1;1kg:1;2.5kg:1;25kg:3;zacisk:1,5209edd8ea6002365610ff00bbbaf5edb4edf82d37b3ca5f6fcfdc2e2c633a3b,e72bdce79ad55b99191c4720a521e9ccee2047ae51ee1ae35ae2d39ce52c0543,,20,train
IMG_20251107_110240_jpg,train,640,640,2025-11-07T11:02:40,15kg:1;2.5kg:1;25kg:3;2kg:1;zacisk:1,e37939270248c5fd202ba518ae041704118db4788675c349846337b5ac4df5cb,f0798b178707307bc9347170b2f863655a6f3703f533fc34fa34f47065284a16,,20,train
IMG_20250504_203209.jpg,train,480,640,2025-05-04T20:32:09,10kg:1;1kg:1;2.5kg:1;25kg:1;zacisk:1,c5ceaec169a24a8d8f4f05c81b3854dc5ac6a8ba470a06201c30c5aac58411fb,c514befc8cbb921ab7d59cd11e6995581ac9a5121635091ca5e73beec51072f6,,8,test
IMG_20251107_095325_jpg,train,640,640,2025-11-07T09:53:25,0.5kg:1;2.5kg:1;20kg:1;25kg:2;zacisk:1,0ca46985df2114e32f691a0e0bd92cf947416dcd0209785ef90d3ead8413258f,e233584f1d8c65351a84ae247f5c33582723134ab5753fc7e686c0b4d0df471f,,17,train
IMG_20250504_203226.jpg,train,480,640,2025-05-04T20:32:26,0.5kg:1;10kg:1;2.5kg:1;25kg:1;zacisk:1,eb100043717bb5b4817940901ffdb653949da8684276d21a24377f0bf2e3ad51,e516baed98e99632b75c9cdc9e6995701ac9a51216710915a5f73befc51022b4,,8,test
IMG_20251106_130056_jpg,train,640,640,2025-11-06T13:00:56,0.5kg:1;15kg:1;2.5kg:1;25kg:1;zacisk:1,821864d278cc7ecf21b0fa695a5f880199371901ed37e3cb666a3d1539da69e0,d59bd306736622d7a712e6e6c86f0858bfd1b3d300a11dad4d6969692d562556,,14,train
IMG_20250929_120920.jpg,train,480,640,2025-09-29T12:09:20,20kg:1;2kg:1;zacisk:1,74eaf3b1d6c60300b8ebd067318a34bdec9b7771a1f59688d9bfeacee804ed78,8643938f9d0acc11491edb24d52ba6deba3560c376eb706b96d170f5266d65a8,,10,train
IMG_20250501_190144.jpg,train,640,640,2025-05-01T19:01:44,25kg:1;2kg:1;5kg:1;zacisk:1,c62c1fa01a0202c69e2bf39ad26e730b5de62dd74a2b263dd9eeae1f16aefc9f,e32992d2ccdcb22639cc9c69e733b19c1cf68f29d988b3040cf68e5cf103b9cd,,2,val
IMG_20250929_123337_jpg,train,640,640,2025-09-29T12:33:37,0.5kg:1;2.5kg:1;20kg:1;zacisk:1,a0ec83765961b2572ce94e9b6270921ea7b45f036d9428b9dec5373a51d67c00,99649932999866c9ce65cce699966399ce6dcccc9c4c319b9b64cc6c996531b3,,11,train
IMG_20251107_112936_jpg,train,640,640,2025-11-07T11:29:36,1.5kg:1;10kg:1;2.5kg:1;25kg:3;zacisk:1,3cc3c5692bc22caa0f83d610aeea264a4fdd0c84365f0fdd0967b6b981a9024f,bfe0c805c0013bf1e85c3444837548054bb7973637fe86df4295c7b6c792c6dd,,21,train
IMG_20251009_134657_jpg,train,640,640,2025-10-09T13:46:57,10kg:1;1kg:1;2.5kg:1;zacisk:1,2b32d91559653b7d634e1f86fe7c4e33dd0178278ecefef371bf264ed904d1d8,cc6699b2c9b36679999ccccc9b333399c663cc4c65996613cccc9924333333b3,,13,train
IMG_20250501_191209_1.jpg,train,640,640,2025-05-01T19:12:09,1.5kg:1;2.5kg:1;20kg:1;25kg:1;zacisk:1,ce8006324a1199795963bb85d146af50fdcf69c31a603256c13675d157cc36fb,a16aed767da6709552945265e264cb24ca7559b775bee27160b44268987a3657,,2,val
ZE_104.png,train,640,519,,1.5kg:1;25kg:2;zacisk:1,b717fc5904b2bdd7705f9474e2616b0210d2f3a9aa5353f4be96d1f5ea5a51d7,a44d1936f333e6c989aa1176c335a2bb8ccc98ae6333c7158ccc18ce5b36e733,third_party_video,,excluded
IMG_20251107_115706.jpg,train,480,640,2025-11-07T11:57:06,25kg:4;2kg:1;5kg:1;zacisk:1,f341ed4bbee4596c1806f5f225b36f23c7e31c9a7181ed5cbb0d0e8a712a977f,e3528b5a9f5a70a380a5558a30faca545033b532271e3b7a47237b54da52b5fe,,22,train
IMG_20250504_204212.jpg,train,480,640,2025-05-04T20:42:12,1kg:1;2.5kg:1;20kg:1;25kg:2;zacisk:1,d5beb83ade05bacd405fb9266e01d5a2b670c64d9c87ce774c3545688e2858a1,8c2b860cb3d41fb86d42720ef00739d776643afe617a29ab32c5272698d8787f,,8,test
IMG_20250501_190256.jpg,train,640,640,2025-05-01T19:02:56,2.5kg:1;25kg:1;2kg:1;5kg:1;zacisk:1,3c0b00d6c1780a226387d4f9420bd6d6fcfca091355495e2a03143657c9c11c8,a12596dacccc332339cce739f3331cc60f73c9ccb3c60e738d89f12196e40e9a,,2,val
IMG_20251106_131317_jpg,train,640,640,2025-11-06T13:13:17,0.5kg:1;15kg:1;2.5kg:1;25kg:1;zacisk:1,fc529eddf18c8949aef870b2ad6ab1d856044c75e167d7eb392543e786ad889c,8ccc8cf3b1b33183b223b3932cfe379fb0980e3c062c863936bc363c4e6d1b3d,,14,train
IMG_20250501_191439.jpg,train,640,640,2025-05-01T19:14:39,2.5kg:1;20kg:1;25kg:1;2kg:1;zacisk:1,8d5db564c940e7d290a41099e4f3328d105cbfa721f8410ba5889dd13ca9c53b,a12decba3cb330fa78c2433a6136d1b4eb5e499244b3ab3d6cd26315183d374b,,2,val
IMG_20251009_120752.jpg,train,480,640,2025-10-09T12:07:52,10kg:1;2.5kg:1;5kg:1;zacisk:1,4e62c910954491dba85064ef1e36aabbe62d0dcd099f9be1efcbfce60bbc70b2,80b5a1c95f4e2c79de17b1ddb3c5b773a1f09274b15a390604ed46035b9f4872,,12,val
IMG_20250504_195047.jpg,train,480,640,2025-05-04T19:50:47,10kg:1;1kg:1;2.5kg:1;zacisk:1,556467b09445c6e22a5e9327c8010fa51f3cb01ca8edf0c22613d0b8e874a9e5,d7899a7f8d26ba52a7ddbc198771a50c3bc6e4087297694660206be7f4887387,,7,test
IMG_20250504_203155.jpg,train,480,640,2025-05-04T20:31:55,1.5kg:1;10kg:1;2.5kg:1;25kg:1;zacisk:1,9cee92173f9dba433a82dc45d0bd678e09574e66984ec4a88d3a86044a6a2ee5,c514bef48cb9921ab75d9cd41e6995581acda5121635091ca5f73befc51072d6,,8,test
IMG_20251107_112959_jpg,train,640,640,2025-11-07T11:29:59,1.5kg:1;10kg:1;2.5kg:1;25kg:3;zacisk:1,227341f6d5d675ce053c7947f73d033bf042311157b1bc664c5c66e5462f5284,f0d98b978f0770f90bb2259782f14b075a6db4c870bccca400ef8ce9ccafdca4,,21,train
IMG_20250504_203832_BURST001_COVER.jpg,train,480,640,2025-05-04T20:38:32,2.5kg:1;20kg:1;25kg:1;2kg:1;zacisk:1,103d591ca598083503d930f0cfa7e8651040932366e2d9502814c8d5cf250d89,8065b86b9d929077b6e79da2fe7a97d4189aa53566637ab98dc47a088105466f,,8,test
IMG_20251107_112344.jpg,train,480,640,2025-11-07T11:23:44,0.5kg:1;10kg:1;2.5kg:1;25kg:3;zacisk:1,be844289a3595edc50ab983875c64585d30f0ee6e49f80b586dd7dbdd6548c6b,ad1bd0b8d2466564252d873f96d619ccd9c0e495e525a47d9252dbca9b09e7a5,,21,train
IMG_20250504_205849.jpg,train,480,640,2025-05-04T20:58:49,0.5kg:1;15kg:1;2.5kg:1;25kg:2;zacisk:1,4940520ecb33d6ba283a91408c68a7096c827d4f9eebaa99549825b3321cbb1d,8c2a8638b7941ef26f18780ac60f7b1787ce76f09cfa6932938767c6ae0a5872,,8,test
IMG_20250504_204454.jpg,train,480,640,2025-05-04T20:44:54,2.5kg:1;25kg:3;2kg:1;zacisk:1,bbca3aa1e1e5bf81e610acce77a16e333cbb704464c831e6afbafe3d2a5b2399,8665fe46984038a8b99eab9df9d58a11391db90c7c2e91de8097b9d2bce17075,,8,test
IMG_20251107_120330_jpg,train,640,640,2025-11-07T12:03:30,25kg:4;2kg:1;5kg:1;zacisk:1,bdfa9e3ee1293ae9db0eceb3b742891ec5f47cfaaac8518584a8b10dbf29d421,fe0dcbccc996319c83d8b2dcc1fc2b4fc3718536a72bca791e0585d2b87c2c84,,22,train
IMG_20251107_095547_jpg,train,640,640,2025-11-07T09:55:47,0.5kg:1;2.5kg:1;20kg:1;25kg:2;zacisk:1,ce9c9acb47b5682d8432ffba53b4d390ee8bf3719b035b427bf996fb0037a196,d0728f9a4d893264964c337249bb6dad92669ed968f34cb69f65b4594a126ab2,,17,train
IMG_20251107_101844.jpg,train,480,640,2025-11-07T10:18:44,1kg:1;2.5kg:1;20kg:1;25kg:2;zacisk:1,556d30f2a5d599d7889cc84bd6385bcc9b08cc386f2c678bd010dc17f35e633e,eef0c790ddacf1ad72c7f2d792149a0d420a118a2dd96d6dcd6d9ccc32455529,,18,train
IMG_20251107_110216_jpg,train,640,640,2025-11-07T11:02:16,15kg:1;1kg:1;2.5kg:1;25kg:3;zacisk:1,150639f1f0c4a6f8f93a9fbf9c441cd3c90d1faf0fef6ebe66691421fd1a9768,db32cdb66ecd7678d64926c8c9a42812d05a9371cbb709b6f16e94cbca854e85,,20,train
IMG_20250504_203557.jpg,train,480,640,2025-05-04T20:35:57,0.5kg:1;2.5kg:1;20kg:1;25kg:1;zacisk:1,8c39cb94cf745bc29e2ba4cdbc40ce477dae997d4e16832c60b605b788508be2,a124a8259cdb901336d31efba6773ef918cba5b2367989b63fed0ea98124630c,,8,test
IMG_20251107_120610_jpg,train,640,640,2025-11-07T12:06:10,1kg:1;25kg:4;5kg:1;zacisk:1,0e5dcd1103ee358238a568d2a85e771886f34788b8389e40e3620aa05fa81bc9,a993d6c636e1295be71e614918701e35d9c7e5ac6d188c5281af94ef1eb4e3c1,,22,train
IMG_20250908_112631_jpg,train,640,640,2025-09-08T11:26:31,1.5kg:1;15kg:1;zacisk:1,ad862873cc6cec22b956cd0397d4987374709fb39c0a930d91c38688a4cc23e3,cc649b26ccf364d93336ccc99924679b3326cccdc99963b34cc398cc66393333,,9,val
IMG_20250929_122216_jpg,train,640,640,2025-09-29T12:22:16,20kg:1;zacisk:1,026ffcaef320cc1fca4f84c03c4f018647ef2849fc6dc19882c2d2315eed0d88,cc649b3299b366c99993cccd993166c9cce6666cb334669374c6cc666649319b,,10,train
IMG_20251107_120233.jpg,train,480,640,2025-11-07T12:02:33,25kg:4;2kg:1;5kg:1;zacisk:1,b047cf5ae9bf9bfa80029501c0616f2bb7f05f5307acdabd2ec3f4ec00516014,8e669e439ac95b7164e4a464ea526f5bbf591a4c466cb43db53d74e018e218b3,,22,train
ZE_63.png,train,640,603,,2.5kg:1;25kg:2;5kg:1;zacisk:1,ce646ac052fb757b96be48e5a2b24fa76c624d00c501fc71cb29115321e3ed8c,ff7378c3b08c230dcf934d17bc0f1cefe3f863909c83300fc37c4190bc331c4b,third_party_video,,excluded
ZE_56.png,train,640,440,,25kg:2;5kg:1;zacisk:1,cf761d67fcd8aaa4988203bad13d4f090468e7279282994b6a1059a200e64e64,a4d91b551b752a5539154ed586c568b5f8adcf8f7b6a39b82a86c6023cc879a8,third_party_video,,excluded
IMG_20251009_134132_jpg,train,640,640,2025-10-09T13:41:32,1.5kg:1;10kg:1;zacisk:1,8124b266a5fb344d412931ba1b124c0ccf991b7384e85518509b40b2403d4706,cc619926999173993326cccd99b2339b3366c64dcccd649b64d39b6c664c31b3,,13,train
IMG_20251107_095552.jpg,train,480,640,2025-11-07T09:55:52,0.5kg:1;2.5kg:1;20kg:1;25kg:2;zacisk:1,30883e25594bb03e7f87ebf3fe0712f8271b4d01e0842b8ea5de676c3fe353c4,dc1e86db63e138bc1e8ec7637c0f662fc3f098dc20076761385c96dba4133574,,17,train
IMG_20250504_204320.jpg,train,480,640,2025-05-04T20:43:20,1.5kg:1;2.5kg:1;20kg:1;25kg:2;zacisk:1,01d1fe6ec29b00eb639abe69c154bc7b51af84691bc96101e6d490c4d61d864f,86d6a3f0992903c026d63af5fbffbcee51bd0b006aa066c4983e713d825d1fa1,,8,test
IMG_20251009_122954_jpg,train,640,640,2025-10-09T12:29:54,10kg:1;2.5kg:1;zacisk:1,8320d3eef48967c1af47d91ca46562a3e10805f4185e838bd9dc72786161836e,ce799b649933619a3364cc9399cc61933326cccdc69965b334cec638633339e6,,13,train
IMG_20251107_113051_jpg,train,640,640,2025-11-07T11:30:51,0.5kg:1;10kg:1;2.5kg:1;25kg:3;zacisk:1,0c14c0daa72ba7d994782ec65d2687d8ecc20d49eac850358c8d932a5d076d05,e72b9a4219986f2881ad653e9cca354a146fe6bf569318c29b38d19c65b56f61,,21,train
IMG_20250501_190449.jpg,train,640,640,2025-05-01T19:04:49,2.5kg:1;25kg:1;2kg:1;5kg:1;zacisk:1,401c7c69d1d558dfb08adf66548a65bb4aef6c3ee1fa860033359135c2d2292a,e36b9496cc91326c39998e62e666399d1cf6c919f1182ee60cf2f30bb18b0eb5,,2,val
IMG_20250504_203606.jpg,train,480,640,2025-05-04T20:36:06,0.5kg:1;2.5kg:1;20kg:1;25kg:1;zacisk:1,87eca9cbbf3c7c5d4b7ef7243afeb3a67abee30efd52b9a3c9f25371a60e7789,a504a9659efb9c32365b1edb86713678188a85b21638d9963fff2eebc5046344,,8,test
37.jpg,train,640,477,,10kg:2;25kg:4;zacisk:1,62a453ff6d263d278d1db86184d4530ab077d8d8555c40cd230e96cc38b058af,a33018c9e99b2667e6668d18718bf09f0e75ccc496c7f333399a0b74f6c7c888,third_party_press,,excluded
IMG_20251009_134226_jpg,train,640,640,2025-10-09T13:42:26,10kg:1;2.5kg:1;2kg:1;zacisk:1,419b62b083179d6a391ab398d4cda7aa4de67ce2409b355bf5c3f1a1e9139fae,ce699b64c931679b3366cce2996c31989b3266798ccc6c8e64c3966dce3831b3,,13,train
ZE_162.png,train,640,572,,15kg:1;25kg:2;zacisk:1,168ebfb13808519d841e01a7c31c2e2b9704294acd10a8d898598151e8f9d35f,ad3460261ad944ef3b43126e6d91ccb539d3a4479fb9c29f3bb1e0471b4a862d,third_party_video,,excluded
IMG_20251107_113139.jpg,train,480,640,2025-11-07T11:31:39,0.5kg:1;10kg:1;2.5kg:1;25kg:3;zacisk:1,009a1cb11ee03091be298a1e54a54544010ef7f8b5eab6583b285ccd08c5381a,f931c642c7833831d048cdcf258d629df3b7319154dca4ce1eaed37338553c5c,,21,train
ZE_18.png,train,640,493,,25kg:1;5kg:1;zacisk:1,c4fd2bff482cf732ad940cc3d16a9eb869e1a27c0dcd979110806c86f6d06683,9731554c9d46a5738c448cd5df51c755e31953aa73a263b4ead5da91c889ecc8,third_party_video,,excluded
IMG_20250908_112637_jpg,train,640,640,2025-09-08T11:26:37,1.5kg:1;15kg:1;zacisk:1,70dca9b0dff26853dc56fe261273f1e339d40eaeee6c9870f1d034a68ee7f8f8,cc659b26ccf366993336ccc99930679b3266cccd9b1867338ce69a4c663119b6,,9,val
IMG_20250504_210203.jpg,train,480,640,2025-05-04T21:02:03,15kg:1;2.5kg:1;25kg:2;2kg:1;zacisk:1,fbf573f5e16a205fb1eadd4fd2df202147a1d81cf44fd78a9c11f8ee929d1f41,8c2a8b3ab2d41eb56f08764bd30769b346ca72fcccba61bad54363c63e82187a,,8,test
IMG_20251106_135931.jpg,train,480,640,2025-11-06T13:59:31,0.5kg:1;15kg:1;2.5kg:1;zacisk:1,8befca67d859a59283f25d1b85a63f8bb98839ff212092e8dafcf019d81acdfc,bdbb4dbb4ee79267cb13c899484958c9198919adcd26f466b4e6b46686231e29,,16,train
IMG_20250929_120917.jpg,train,480,640,2025-09-29T12:09:17,20kg:1;2kg:1;zacisk:1,7d02d0c16dce57e9a610ad0e80c255c99b2d86a7e7ab79ac7188435f1352923e,8643938d9d0acc11491edb24d52ba6deba3560c376eb707b96d170f5266d65a8,,10,train
ZE_185.png,train,640,318,,2.5kg:1;25kg:2;zacisk:1,32d90f6e82c4913c3241945eb2be327da3173012ccee7addfca3dcb5e3523480,f0f14e42b83c41f0ff0ec0f70f63b01ed2f5af830c3f9384f0f16c3c07833077,third_party_video,,excluded
IMG_20251107_115912_jpg,train,640,640,2025-11-07T11:59:12,25kg:4;2kg:1;5kg:1;zacisk:1,3facb5d2e84177454e3b0474cd5dbe295c08731ea600e45d0815695d112aa18e,ad4ed4e496f56a549c662560d5743c758a7191e79c3f9c30a8b1c8af643a5c6a,,22,train
ZE_176.png,train,640,480,,0.5kg:1;20kg:1;25kg:1;zacisk:1,dac1fccf28430f75d2baba98f7fc6cd9eca1da2690c7960ecbcd7514d9399421,f1c74cc8fe1d3f20b7a323f300f8c0f888de08cf48cff63b32132327f311f710,third_party_video,,excluded
IMG_20250501_184948_edit_96224454693129.jpg,train,640,480,2025-05-01T18:49:48,,52e243ab51283453d64b813ea0c10b3f6bac15cc6e68d10cf50e002c4df34a66,9fc28fd6b0fd7865a9f38df7d1cdc4cdca073b1864b86408e3303178d24cca07,unlabelled,,excluded
IMG_20250504_204553_BURST002.jpg,train,480,640,2025-05-04T20:45:53,0.5kg:1;2.5kg:1;20kg:1;25kg:2;zacisk:1,c66c2676f453a69c4108041f58970920a24b8634be6489e6ce5d1e55114c1b11,8489cc199add3fef67fe9a00e320aba48aae7a6f987b704393700e62aeb53a18,,8,test
IMG_20250501_190131.jpg,train,640,640,2025-05-01T19:01:31,25kg:1;2kg:1;5kg:1;zacisk:1,8a8e9a6edebf11c0e68cf52fe1221b0735fff4ee2a38b055bd3a9c5ac04d0115,e121b252ccceb66678c6bcece739b32c1c922731cc8cb1cd0ed20e5e6b13f165,,2,val
IMG_20251107_104956_jpg,train,640,640,2025-11-07T10:49:56,15kg:1;1kg:1;25kg:3;zacisk:1,96d3161227e6493cff7ae0cd5382cb43ec88d4cffb49779096c451e0dd726888,d36649bf6c9b7261c449b4d94bb6e92cb14a850f8b36cb26f02a854bcf9f0a92,,19,train
IMG_20251106_130915_jpg,train,640,640,2025-11-06T13:09:15,0.5kg:1;15kg:1;2.5kg:1;25kg:1;zacisk:1,d326c34ca93c1ed22983e8c7899b35f52a0463579a6721a6569571ea14af7bb7,a456f063db2c15c67b21c62acc1031960eea6b55b4d353301f6c7bcef5770c9c,,14,train
IMG_20250929_124828.jpg,train,480,640,2025-09-29T12:48:28,2.5kg:1;20kg:1;zacisk:1,9a37b6e387a640ad5985881c8612d0b09f5d4fd76a4469592d686df38c1b9046,87163ba09aa6267a61ebb04626f597d09aba871a69eb5c5768f19a1fba02a43b,,11,train
IMG_20250501_190741.jpg,train,640,640,2025-05-01T19:07:41,2.5kg:1;25kg:1;2kg:1;5kg:1;zacisk:1,dc6c08b9732ede689176a41d1ffa65b06108809b36bfa312d05f7d01975e7702,84b6fc913c9938c93949e97ba53b899aad491d8936ccb3668da18db29cdca7c0,,2,val
IMG_20250501_190150.jpg,train,640,640,2025-05-01T19:01:50,25kg:1;2kg:1;5kg:1;zacisk:1,bbdbf951b33f7a01a77921acdf48c0fad2bcdc784bc5e6df90f2b1960875c433,a1349249ceceb31238e68d24f319b1c61e538f34d8ceb1e6465b8f06f9a1b9e6,,2,val
IMG_20251107_104953.jpg,train,480,640,2025-11-07T10:49:53,15kg:1;1kg:1;25kg:3;zacisk:1,92a1c239ba7b637db42eaefae9d4583063dfb0abe7888c623b65c615976aec7d,c19981f882fca3fe9117dc156c007183f3ff8f7c8902a981c8ffd37e37167c00,,19,train
IMG_20251107_111638_jpg,train,640,640,2025-11-07T11:16:38,15kg:1;2.5kg:1;25kg:3;2kg:1;zacisk:1,f9936a0eb6eda040ff3ab4a0cac8901928de0d16702430aae185b93e111e9169,f932cd9326cd327cb649166c09b44d8bd94bb4c819b67bb78559c55b0ec54a94,,21,train
IMG_20251009_133038_jpg,train,640,640,2025-10-09T13:30:38,10kg:1;1kg:1;2.5kg:1;25kg:1;zacisk:1,0d263534f101a4abe29413e35fb03afd91bc20414011c1be0493723175f30311,96da9b699a4c2ce49369c6ce924d3c799319e69664c7698c663c9693619f3929,,13,train
IMG_20251107_110526_jpg,train,640,640,2025-11-07T11:05:26,15kg:1;2.5kg:1;25kg:3;2kg:1;zacisk:1,11eab4d82643cc045812df1f401a748b4b226f7dc36fedc6fb394cbe5dc13519,e6669cc291997b39993c6539f5637546147bc6bdd1c61cc25231503de53c2d61,,20,train
IMG_20250929_121500_jpg,train,640,640,2025-09-29T12:15:00,0.5kg:1;20kg:1;zacisk:1,ed4c40671aa67edd1add33f3bafa89f1cbd10387d5b4e39ebdd48ad530554a74,cc669b3299b666c99993cccd9933679998c6c64c33316633ccc69b30664939b7,,10,train
43.webp,train,640,433,,1kg:2;2.5kg:2;20kg:2;25kg:4;zacisk:2,4ef9b5df94314e16676738f8e59c1c572a4ed4d349abd2c304482bdc0c22afc7,9335c89e58b420f067321ccbf2cd30c7c0c74b2ecd3b0b39f1cb0e63e7332dcc,third_party_press,,excluded
IMG_20250908_112535_jpg,train,640,640,2025-09-08T11:25:35,15kg:1;2kg:1;zacisk:1,c22bf468c00b6b0f4a4b0713b5ce6d932ff273655470e7c0c41f4e2c06aebc4f,cc6c9b26cc7366993326ccc99930679b9666cccd939866b38ce7ce4c66313986,,9,val
IMG_20251107_112506_jpg,train,640,640,2025-11-07T11:25:06,1.5kg:1;10kg:1;2.5kg:1;25kg:3;zacisk:1,1213dedf0c55428724a77c5905860f48c1d31119e9d491fabe2401f8b76fee4f,a5399cf59ad767b990ca42af9c2518fa1928e32de3a453a351a3c38cd90e7963,,21,train
IMG_20250504_211329.jpg,train,480,640,2025-05-04T21:13:29,1kg:1,e5450a096eb597de6dca620c31a1facb5089985ab5d7a78a39aaa23995ef7178,85da84f99235332e833693b5ed56be857b407a4b549d6c1b8c95df2473e07142,,8,test
IMG_20251107_105854_jpg,train,640,640,2025-11-07T10:58:54,15kg:1;1kg:1;2.5kg:1;25kg:3;zacisk:1,0bb83ed806c7bf3ed3f1401a554e4544e436170a5641fcb1083877eaeb798ade,ae63d6d290d5a169fbc003e1a1ebad6a46f1c2f7a1299ac29f08f51d38462fc3,,20,train
IMG_20251107_110039_jpg,train,640,640,2025-11-07T11:00:39,15kg:1;1kg:1;2.5kg:1;25kg:3;zacisk:1,c05b73e6f2c89a349eb90f520fe633f45ca02817a14bd7fd4f627e94b4e2c02f,d936c98766d9327886c934cc49b668bab14b879b5b36c936854bc59a2ae57a25,,20,train
IMG_20250501_183810.jpg,train,640,640,2025-05-01T18:38:10,2.5kg:1;25kg:1;2kg:1;zacisk:1,894200c7261baee736be45350878417f76748c90dff8079a985aca42ef1cd8ce,836275b55cbd74b5398c384da352834a324e6e72cfda81d38cd96c9de4b5a1c2,,1,train
IMG_20251107_110046_jpg,train,640,640,2025-11-07T11:00:46,15kg:1;1kg:1;2.5kg:1;25kg:3;zacisk:1,0b32628617c3b86026dfa6915027891f8cb0f8fa4b1d353d6116c9e946078c0f,d936cb8666dd365886c930cc49b66cdab15a87925b36c92e954ac49b2ae5726d,,20,train
IMG_20251106_140730.jpg,train,480,640,2025-11-06T14:07:30,15kg:1;2.5kg:1;2kg:1;zacisk:1,394ea488cea753f6f5b6855597e1d54026747d29f578186327c0637312fc11bf,a1e7f585d08c2e761e7a0eb10cf3fecaf244e38eefef988918111cfb80613864,,16,train
ZE_118.png,train,640,502,,15kg:1;1kg:1;2.5kg:1;25kg:2;zacisk:1,3947cbd8dd52ca27910158b3359e485f1dfaba66ac4c1a22b47798c64816c9a7,f4ab8be86c0365a51352b52c1f4b0ca4fc1a4d95855d277c03f9c172f3b509f9,third_party_video,,excluded
IMG_20251107_112435.jpg,train,480,640,2025-11-07T11:24:35,0.5kg:1;10kg:1;2.5kg:1;25kg:3;zacisk:1,be22d5833f29893062b85bda2955d61d7bea2449cb51bf9d3db381100af7324a,f0f88bdf8f875fa4307c8fdb46cbb029867568035877d248b053fcf28e928341,,21,train
IMG_20250929_121527_jpg,train,640,640,2025-09-29T12:15:27,1kg:1;20kg:1;zacisk:1,e224f527353d4b7983da74a8cfbdc61332b6a4ce9547a97fbbc51cdd53885d48,cc649932ccf366d9399bcccc99336799ccc6c64c33386693ccc69b30666c3996,,10,train
IMG_20251009_123306.jpg,train,480,640,2025-10-09T12:33:06,10kg:1;25kg:1,c691f8ea471ca9bfcac486b25a702577a9c8d818e5877491efcbf225cd6b71be,850a8f96f234699f64997b678fd7646a3a67946c24c6bae7a06436c69eee2420,,13,train
IMG_20250504_194937.jpg,train,480,640,2025-05-04T19:49:37,10kg:1;1kg:1;2.5kg:1;zacisk:1,7c09232b237a9b3e4cd925e1cd02dee8655d10f7e26226f9847e858ffbd26ae0,84119af6986c9632a7539c599e66955d1aaec55b12b6e10d20e76feec5117aa6,,7,test
IMG_20250504_194749.jpg,train,480,640,2025-05-04T19:47:49,10kg:1;1kg:1;2.5kg:1;25kg:1;zacisk:1,60b80f800d640152002e47b0ed35138558ad6644824e015a7916c97b4792924f,806d9c929992906daf699d6fbeeb896d37b28a6776d2ab3925886811806f7698,,7,test
IMG_20250504_210424_1.jpg,train,480,640,2025-05-04T21:04:24,0.5kg:1;2.5kg:1;25kg:2;5kg:1;zacisk:1,2dc319b5a246f4e128c93d2fa6ef0648eb38551f08b08a2051ed448454abde24,82d298d2992491e5348f3d0fae613689198c6f72c6537395487fc27acbd8e74b,,8,test
IMG_20250504_195200.jpg,train,480,640,2025-05-04T19:52:00,1.5kg:1;10kg:1;2.5kg:1;zacisk:1,b22071c4a0b71d4342de5439dbf3914250a1a48167dc85aca0368747c533cdaf,d1229b7d096632222cd964d93b33c47e1bb6e44952d7b900aa74c767f5087bb6,,7,test
IMG_20250501_183443.jpg,train,640,640,2025-05-01T18:34:43,1kg:1;2.5kg:1;25kg:1;zacisk:1,a483915d8ef196195bb715c57d40baa6c2b57ea0214c04ce0ea3de25b809de5f,837a81bdcc8da1fe58cc384cc39cb15e66293f054b18a3da3d8c663de533d0d3,,1,train
IMG_20251106_130151.jpg,train,480,640,2025-11-06T13:01:51,0.5kg:1;15kg:1;2.5kg:1;25kg:1;zacisk:1,0c33b34b7efa37d6f3f9d72f3debe34814262c0465972d010d0bf8a0dddb7f79,bb83a1f84cf2d2e3f19cea4490f0f59b2275146208f8f31d35236ce87ad85a73,,14,train
IMG_20251107_095631_jpg,train,640,640,2025-11-07T09:56:31,1.5kg:1;2.5kg:1;20kg:1;25kg:2;zacisk:1,f63b3d300b2842db99ddd2a5870ca25becaf70efcf23618cbba272433bdb898d,a4ccb84adf3375a191842792fc7aa675667898c729ceca69a731b08ada771943,,17,train
IMG_20250908_112706_jpg,train,640,640,2025-09-08T11:27:06,0.5kg:1;15kg:1;zacisk:1,1ce59c041b7117de9ae5f278083066e6f3a298d433548524ae5fe2be5aa0f92a,cc619b26ccc966993336cccd993467993366ccc9999923938ce68e6c673139b3,,9,val
IMG_20250501_190939.jpg,train,640,640,2025-05-01T19:09:39,1.5kg:1;2.5kg:1;25kg:1;5kg:1;zacisk:1,4611878b34780d916a1baf5d6b428ec0df7cc293cebfb545b26685968e1d06b9,8535ecbb3c93708a7b8a5362e177c137cb5a4919549bb266f81b4713983d344b,,2,val
IMG_20250501_190135.jpg,train,640,640,2025-05-01T19:01:35,25kg:1;2kg:1;5kg:1;zacisk:1,863cf9c2662c7b5b8e6b6bae55bb1284e195d668674060eb7d11cdbd83af9809,e135b25aceceb23278c68c64f319b18c1ed3af31d8ccb1650e528e46f981b9e5,,2,val
IMG_20251107_110223_jpg,train,640,640,2025-11-07T11:02:23,15kg:1;2.5kg:1;25kg:3;2kg:1;zacisk:1,07e9c68485eba3fdb6e1aced2984d98a16f3021b62153772d57850d406fb6f54,a473d7d213c8715c920e322c4b6265e7ada5ae9c6cf82acbe18f8aad1af05ac3,,20,train
IMG_20250929_120305_jpg,train,640,640,2025-09-29T12:03:05,1kg:1;2.5kg:1;20kg:1;zacisk:1,49e1d0e8fc24e6b5794cbf58df2accf51a37c90651cd0cb8547c1a82ef857504,9a499b659b1930cb9e6dce193b2439a6cf36ccc964d931b16cccc64d86d93cc1,,10,train
IMG_20250504_210608.jpg,train,480,640,2025-05-04T21:06:08,1kg:1;2.5kg:1;25kg:2;5kg:1;zacisk:1,1c84598793d17630bdc6ae82f61a640ee255a77a132c8aebda16ef252b795481,81369f248ec8801f3f1e8fbe93d91e7b0c78258661b668f57e78e824c02353bf,,8,test
IMG_20251107_120234.jpg,train,480,640,2025-11-07T12:02:34,25kg:4;2kg:1;5kg:1;zacisk:1,0d00c49529322ce288750589f3d46b8a50a295105364c46ce793e34c1886759b,9898909e942e6d4ee90ba42e6026a563057a6548a76e7abd5aad8677c4776cb7,,22,train
IMG_20251107_101817.jpg,train,480,640,2025-11-07T10:18:17,0.5kg:1;2.5kg:1;20kg:1;25kg:2;zacisk:1,fa79baf51cd88b8cc344063f7b8d9cb784934309defa50ecc080372f35551303,c3dfcfdfcc0d70a031f0f07ced9f388ae0f8f1f095038c0a6ceeb10391b407e4,,18,train
IMG_20250501_190745.jpg,train,640,640,2025-05-01T19:07:45,2.5kg:1;25kg:1;2kg:1;5kg:1;zacisk:1,9e2e5f0352518c84e3d1c8c4d589aea22854465c98ae1d3e99f27f915ef34343,84b6fc913c9938c93949e97ba53b899aad491d8936ccb366ada18db298dca7c0,,2,val
IMG_20251107_110043_jpg,train,640,640,2025-11-07T11:00:43,15kg:1;1kg:1;2.5kg:1;25kg:3;zacisk:1,d446649d80768c7719379e6beb4ffb7c01b22716df6933c7f5a7fac72c534e49,d936cb9766d9367886c9364c49366cb3b37a87931b36c926854ac5ca0ad57a25,,20,train
IMG_20250929_120309.jpg,train,480,640,2025-09-29T12:03:09,1kg:1;2.5kg:1;20kg:1;zacisk:1,8800aac525f902bedcd13a42d6eaf65dd5ae6d27d9e9972053128cb13167d406,a457978a9f08cc224b1c9f28e9558fae7a77c98b7057b45794a370eb204f6952,,10,train
IMG_20250501_191220.jpg,train,640,640,2025-05-01T19:12:20,1.5kg:1;2.5kg:1;20kg:1;25kg:1;zacisk:1,fdbf35abb97c9aa6c40b5ae4459d2572b00b82747b31aced5f530041ff89baff,a129ed3a3ca770805a8453706277dbf7ca74c9b45d972279e8d26316583d345b,,2,val
IMG_20251106_141101.jpg,train,480,640,2025-11-06T14:11:01,15kg:1;1kg:1;2.5kg:1;zacisk:1,14b63e38faf0dc9d31d45483c1da65d6701752905215a3a93978d1b153e392ee,c4fec44a3b22b922c4fec4ff85013f023012c5fdc0ff178297a2956ed91b859f,,16,train
IMG_20250504_194543.jpg,train,480,640,2025-05-04T19:45:43,1.5kg:1;10kg:1;2.5kg:1;25kg:1;zacisk:1,6d5551cbd5ac5be016727a90660bbdb7ae621e25e0e12e27ddd6da860e7d9287,806d9c929992846daf69d9693ecc89df16b2886576eeabb9a7885813816f7698,,7,test
ZE_46.png,train,640,510,,1kg:1;2.5kg:1;25kg:1;5kg:1;zacisk:1,612be05ec0f2b4f40d2a7bd490bf20944e1696b026aa4eb243e9dbcf0a958dcd,f7338ccccc8cfb33ed8cf99a3333266c264d1bb799e2dbb2d9928087004f80cc,third_party_video,,excluded
IMG_20250504_205510.jpg,train,480,640,2025-05-04T20:55:10,10kg:1;2.5kg:1;25kg:2;2kg:1;zacisk:1,12dbb9ee8be0d53b7b3e9eb5d3abb681e1c1d19329b395a822197725fa9d507e,99558855b6ab1c4b6e11601cd67c6b3c0c1176a34de54144cbbe67be1c3778e7,,8,test
IMG_20250929_121553_jpg,train,640,640,2025-09-29T12:15:53,1kg:1;20kg:1;zacisk:1,9de9b3ee7312fbc65a6b5925f8d1c94ee4191b7f234b80f03dbe019f14d481fd,cc649933ccb3664d399bcccc99337319ccc6cccc33387333ccc69934666c3993,,10,train
IMG_20250929_123210.jpg,train,480,640,2025-09-29T12:32:10,2.5kg:1;20kg:1;zacisk:1,89d6403c1aba434a6f99dc7f8fce8159926a57efb3bc017370bbe9993aef9ca6,8f55b3ea94e56553b0cf86a1cf12da1c6d5bb0cbb6a5a708ad1469a25b887e05,,11,train
IMG_20250504_194503.jpg,train,480,640,2025-05-04T19:45:03,10kg:1;1kg:1;2.5kg:1;25kg:1;zacisk:1,113e560ebb85d5c431c114a502a92f0c115b4b4b97eff0b3581b5a402f8ab851,80179ac89cd99437adb68db63e7f89431ac9813737a12b5fa5ce5a88800776ed,,7,test
IMG_20250504_203832_BURST002.jpg,train,480,640,2025-05-04T20:38:32,2.5kg:1;20kg:1;25kg:1;2kg:1;zacisk:1,b03daa69056aee6380b9166e4cfe174689b3a31f66e70e9ea057228672e46445,8065b86b9d929077b6e79da2fe7a97d4189aa53566637ab88dc47a088105647f,,8,test
IMG_20250501_185815.jpg,train,640,640,2025-05-01T18:58:15,0.5kg:1;25kg:1;5kg:1;zacisk:1,cdfc919ac2fc82b358d033cbce6ac1ab213ab868e0b9c96596a44f27d48a9c3d,e135b25accc8b26279cebdece331b3341cd23f67ccccb1040ed30e66e919b125,,2,val
IMG_20251106_131202_jpg,train,640,640,2025-11-06T13:12:02,0.5kg:1;15kg:1;2.5kg:1;25kg:1;zacisk:1,6ae7eb439df63776bb51b3d85afdaa74effb0f176ca49aaf24d0df65bb88c455,f5d29be39b66fcbe033366da7c900b826a8c9a29172111eef4c3e6538178b49c,,14,train
IMG_20251107_095340.jpg,train,480,640,2025-11-07T09:53:40,0.5kg:1;2.5kg:1;20kg:1;25kg:2;zacisk:1,f9fbafb3876e5ca18eaca52f42d7ecac5cfeb7e7df3f4aa202bba1a643bd869a,cf48e3a492373d3ba50bd201c4906f4a332e79bd46fc436e7c8a5e8551ece19c,,17,train
IMG_20251106_131307_jpg,train,640,640,2025-11-06T13:13:07,0.5kg:1;15kg:1;2.5kg:1;25kg:1;zacisk:1,4f7929683d8c720dc031c5c51403dca308a472cd6636d9831e3500ab495cccad,f8d985fb27bb7b8ab30cd0186a7d6e07b266a2e62c6a5c6a86f3c835581155c1,,14,train
IMG_20251009_134251_jpg,train,640,640,2025-10-09T13:42:51,1.5kg:1;10kg:1;2.5kg:1;zacisk:1,2b93e32afc971d01906e9e33b3fda979fbe8ff5c23b255f223b59042627025e2,ce799b6499b3619b3366cc33994c319e9b3266198ccc6c9266739a4ccd9a31b3,,13,train
IMG_20250504_194543_1.jpg,train,480,640,2025-05-04T19:45:43,1.5kg:1;10kg:1;2.5kg:1;25kg:1;zacisk:1,7ec99789d09ff8e084ea50740da69e84ef6ff9465e20d781882e7234ff246f81,806d9c929992846daf69d9693ecc89df16b2886d76eeabb9a7884813816f7698,,7,test
IMG_20250501_190847.jpg,train,640,640,2025-05-01T19:08:47,1kg:1;2.5kg:1;25kg:1;5kg:1;zacisk:1,a9d41a43ee6fde82d23f800ec82ed0744628498571db2cda0d28873e4d3c287f,84b5ec993c93328a7bca5972e13fc133cb5a19995699b36eb80b5713983c34c9,,2,val
IMG_20250501_190746.jpg,train,640,640,2025-05-01T19:07:46,2.5kg:1;25kg:1;2kg:1;5kg:1;zacisk:1,4c838a9a20738fbaa6eddea7cc09a81e2fd18e839b1dfda98a3be1fa8ec2a93f,84b6fc913c9938c93949e97ba53b899aad491d8936ccb366ada10db398dca7c0,,2,val
IMG_20250504_211103.jpg,train,480,640,2025-05-04T21:11:03,10kg:1,9a3b9340abee677a6326b3a3c7d2ec4e22a09a17772e2e325494b687206b7e61,95ea84f5b2f0332e83268235f55ebe857e4268ab769f4c1f8c15dd347360704a,,8,test
IMG_20251107_120049_jpg,train,640,640,2025-11-07T12:00:49,25kg:4;2kg:1;5kg:1;zacisk:1,e6556e4a619167cd7a6a0bbc357ac82d7f3e7cb81c5d350996326d6dae9dff62,ad87d286b6f02d61d21e21cf5a7024b0592be5be4b3c9a56a1e3187a1cb4df0f,,22,train
ZE_120.png,train,639,425,,15kg:1;1kg:1;2.5kg:1;25kg:2;zacisk:1,9ccfed2bfe945c7bde4f51855d13d48c3dbb8a57aa0eee4f6c7e69e627ea25e8,c5bdc4dd0e4b678772e69b36e3d665d67b1a465a9394012d65495b12d249807b,third_party_video,,excluded
IMG_20250929_124652_jpg,train,640,640,2025-09-29T12:46:52,2.5kg:1;20kg:1;2kg:1;zacisk:1,5da1746a51fce9dd77d43d955aa879b4f2d73d280f0bc9e43317ab567082439d,996499369b3166cc9c6ccc6099336799ce6dcccd9b393199cc649a64993339b6,,11,train
IMG_20251107_113720_jpg,train,640,640,2025-11-07T11:37:20,0.5kg:1;10kg:1;2.5kg:1;25kg:3;zacisk:1,920560845ceecfa36306a5dade8dcffbd26cbef480e4c7cdcf6d696064d1f94c,e72a96529ad6354899ca6b82a98a58aaa9f9e1d961cf1da92f29af0e354f1652,,21,train
IMG_20250929_122357.jpg,train,480,640,2025-09-29T12:23:57,2.5kg:1;20kg:1;zacisk:1,1e2b9e2d27cdfe996c3ddda03056b5dfb06139da20fca30c4bf0c533f06e5a1b,8cb5934c734ce4ae67d3b26f24f536cb94622db232498f256a608d186b369cf9,,10,train
IMG_20251106_131340_jpg,train,640,640,2025-11-06T13:13:40,1.5kg:1;15kg:1;2.5kg:1;25kg:1;zacisk:1,75f142052de25d95474acdf4c005f46ffeeebca1ae0cdb2371a9b8d284040376,d4a8f96c386ca4a6a777074c0b4b219bb694ca33ccce194cbddad2d24b3535b4,,14,train
IMG_20250504_203930.jpg,train,480,640,2025-05-04T20:39:30,0.5kg:1;2.5kg:1;20kg:1;25kg:1;zacisk:1,196610bdf3f36ddd89fb64a31133ee7932031196fc5027b939aa726467c1a852,8504ae289dfa9413b65d9db8fe7b95f61a8a859406315b95a5ff3a8b8534620d,,8,test
ZE_72.png,train,640,510,,0.5kg:1;10kg:1;25kg:1;zacisk:1,fec1c200b47ec883b94c1d85d7ae38065f35806eee328fde078f597ffa2090c5,a6d9d25859366ad1765b7a242e95a50a2b26a7b497a62b26a714a6b6b95792d8,third_party_video,,excluded
IMG_20251009_134627_jpg,train,640,640,2025-10-09T13:46:27,0.5kg:1;10kg:1;2.5kg:1;zacisk:1,5a3ee5af8945337f2b36fe324588e60d33b135137e16908f4ad61546775b82c9,cc66993699996649d932cccc33323399c667cc6c66d96733cccc9934333331b3,,13,train
IMG_20251106_141155_jpg,train,640,640,2025-11-06T14:11:55,15kg:1;2.5kg:1;2kg:1;zacisk:1,e2ce8011864e7a5b2d30c97884afa34b94024bfd009b3df38503978eb278fbce,e0638e6609ec259c179931ae99a672cd0eee8f3916730e67089ca65977a679a6,,16,train
IMG_20250501_190702.jpg,train,640,640,2025-05-01T19:07:02,2.5kg:1;25kg:1;2kg:1;5kg:1;zacisk:1,fa23d3b8ecc9e1037a626318eb8b982e7bd1d963282b690bbfc7461a79a43a31,9496fc993cd9384d39498d3ba73b8bc8bd451cc89266a32686e0cbb20cdee6f2,,2,val
IMG_20251106_141148_jpg,train,640,640,2025-11-06T14:11:48,15kg:1;2.5kg:1;2kg:1;zacisk:1,3754e4b9840d5110d27015fd949859ab37a952b9b785add02f1c9d17424b066c,e0638e67098c219cb39871acf9e772c5865c8f394e634e66849cf619f1a67987,,16,train
IMG_20251106_130205.jpg,train,480,640,2025-11-06T13:02:05,0.5kg:1;15kg:1;2.5kg:1;25kg:1;zacisk:1,28d341d0be4fcc89ac88f707fbc8a79d936bb79469d71b47b3be108e2539e4fe,b384e1469f3bcedd6c570cf084edb387e844d53b35fb0c29a10eb1261c4c4b3b,,14,train
IMG_20250501_185950.jpg,train,640,640,2025-05-01T18:59:50,1.5kg:1;25kg:1;5kg:1;zacisk:1,2bc966c70acf94a2dc69fec06beb814321bf88101362f512bf98e7481a28fd5a,e1b5b339cecac63618c38ce62739e33d30c6461b3730ccccb1a44edb065e4f99,,2,val
IMG_20250929_120952_jpg,train,640,640,2025-09-29T12:09:52,20kg:1;2kg:1;zacisk:1,62ac1ccd4773908b7c5567367ee5c78460c113b7902f95cb38f02677c41ed833,996499369b31334c9964cc6439b36793e66ce66c666c32cec6649b64ce663393,,10,train
IMG_20250501_182842.jpg,train,640,640,2025-05-01T18:28:42,0.5kg:1;25kg:2;5kg:1;zacisk:1,c3bece4153d329c0965ea88bcd457b9a0309cb69f5c25ce02277ee0205a6729c,a7368f5c9ae9b18e1b89c4712f1d46a66ce2d257a716bb6beaa0a05c95c70554,,1,train
ZE_58.png,train,640,463,,15kg:1;25kg:2;2kg:1;zacisk:1,1c660cb3b35218520d84fa447a4d8b181f3311c642021b66cbce4b2527203765,e33349993bede331e9b1b335e931a9399331e331a927c6b237e40869223396d2,third_party_video,,excluded
IMG_20250501_190227.jpg,train,640,640,2025-05-01T19:02:27,2.5kg:1;25kg:1;2kg:1;5kg:1;zacisk:1,14e41f4cfe69eb0be1e7a1f2af1578a93905cb2e4b5a8de833f5b4a3b57c422b,e121b252ccdaa66778c6b9ec6733b33d1cd22733c888f1cd32624ede2b00f963,,2,val
IMG_20251107_104631_jpg,train,640,640,2025-11-07T10:46:31,15kg:1;1kg:1;25kg:3;zacisk:1,95e2fcfb0718d485c75c5c6b5f4a15d7c8fcd8e2b036a414d4a202a60f3ce23e,f924cd9644913069b6c930f84db4cd2f876987d378364b2695c8c5cb4e974a9f,,19,train
IMG_20251009_124229_jpg,train,640,640,2025-10-09T12:42:29,10kg:1;1kg:1;2.5kg:1;25kg:1;zacisk:1,4a2d492b89d350da001fb2a00eca3a13f41fef37a1310fd87c675b5c66cf7969,965a9b699a4c24f49369c6ce924d3cf93339e69664c6698c6c3c9613699e392d,,13,train
IMG_20250504_210728.jpg,train,480,640,2025-05-04T21:07:28,2.5kg:1;25kg:2;2kg:1;5kg:1;zacisk:1,893bad7dc026db5fb68bb5853bcb53be6b730e4a2a0f1c480bb5c01c0faa6c0b,84a49b989b793c77ac679c72f6a591492d862f52665162b0c18a61be1d6f5ea5,,8,test
IMG_20251106_135444.jpg,train,480,640,2025-11-06T13:54:44,0.5kg:1;10kg:1;2.5kg:1;25kg:1;zacisk:1,c660ce0adb4092c38fe52c04e108302b966b3718e9a5976b4febf3cf99d11839,aab07c620ae37003b331953c8c40affc6bef48ae5927f931a51924cd64bd75b5,,16,train
IMG_20251107_111652_jpg,train,640,640,2025-11-07T11:16:52,15kg:1;2.5kg:1;25kg:3;2kg:1;zacisk:1,4685c3246f3ac45ec475c28109661412451e863b769d06e2906c48629145b602,d932c59766cd307cb248366c4d964d8bd16bb07809b64bb7d66994e90ec56a96,,21,train
IMG_20250501_190049.jpg,train,640,640,2025-05-01T19:00:49,25kg:1;2kg:1;5kg:1;zacisk:1,8ef999c01b486a8dbdbd0ecc0c7aa7b26c0c21a7a2262f27cd756f1f788a5984,e135b25accceb32678c6ad2cf319b18e1cd3af24d8ccb3270e52b10df98194e6,,2,val
IMG_20251107_095507_jpg,train,640,640,2025-11-07T09:55:07,0.5kg:1;2.5kg:1;20kg:1;25kg:2;zacisk:1,84c36adef27fdf58deb2da98941cfbf7fd6d3ef2fdd63bff8198f0b82d611039,f0734c8dee8930e1965633770c8b4d989374c25f78facd94bf6497c946ba0036,,17,train
IMG_20251107_120205_jpg,train,640,640,2025-11-07T12:02:05,1kg:1;25kg:4;5kg:1;zacisk:1,d1e4c39c08fdc4f3ca446b23a961c35929f64a174de5613a7b1bef4ce8b990b5,f85f8983c3a5305d895f71ec948f69e14925b7f434589f6d7dc0cda26b604924,,22,train
IMG_20251107_112943_jpg,train,640,640,2025-11-07T11:29:43,1.5kg:1;10kg:1;2.5kg:1;25kg:3;zacisk:1,8999fe128604cbcce27c4edccfdc021e585cc9717de3e4a2dfdba3fe6f5a2210,f0d98b9f8f0772f90bb62d9786914a07586db4c9b0fcaca40ca79ee1c463cca4,,21,train
IMG_20250501_190755.jpg,train,640,640,2025-05-01T19:07:55,2.5kg:1;25kg:1;2kg:1;5kg:1;zacisk:1,cd68438396a1657928a44e7f20827d12112a90eb578c3105082d6023fc96a2d0,90b6ec993c9930983989cd73b13e999aae491d891eccb3669cc9c3269afca7c2,,2,val
IMG_20250501_190850_1.jpg,train,640,640,2025-05-01T19:08:50,1kg:1;2.5kg:1;25kg:1;5kg:1;zacisk:1,871b6f3f83c45367215eb29384d89ae2ed8f76c769c229ac5bc6d64f76db3150,84b5ec993c93328a7bca597ae13bc113ab5a19995689b36eb40b5713983c37c9,,2,val
IMG_20250504_210146.jpg,train,480,640,2025-05-04T21:01:46,1.5kg:1;15kg:1;2.5kg:1;25kg:2;zacisk:1,75a42dc373e229dead6b553931e784ee7764f56ab18173d8c33c8340a13168d5,8d2a893ab2d41ef66f08764bd30769b3468a76f8ccba61bad14367de2682187a,,8,test
ZE_156.png,train,640,476,,25kg:2;5kg:1;zacisk:1,f4f08c1530e786e991efad3743ac70bad9e5f441169cac7fc5a226619326fd29,f13b6da90ec6825c04645cc77bdbbb32283df31957819c862922c4fd76c7d511,third_party_video,,excluded
ZE_1.png,train,640,424,,0.5kg:1;2.5kg:1;25kg:2;5kg:1;zacisk:1,ca41bf55ace591e719f6180b52ba0498b3709ea543ab7b9dbb388387562aed71,a72089db996c96fb908692069297c236dfe96cf94dc865cbe5c9602449bde533,third_party_video,,excluded
IMG_20251107_101017_jpg,train,640,640,2025-11-07T10:10:17,0.5kg:1;2.5kg:1;20kg:1;25kg:2;zacisk:1,f3ac649a1db29524d509c2711fb0ce68049e29c5b98a8f080f5f06cc3986914b,a44c986b9c7166b1898e67ba187719eb861198ce61de0d29f871f0c45b1e1f6f,,17,train
IMG_20251107_095626_jpg,train,640,640,2025-11-07T09:56:26,1.5kg:1;2.5kg:1;20kg:1;25kg:2;zacisk:1,f4a7873573c4e8d89431eb15b6b806082acebe8d6027c1045bcc738592f1b306,a49cb94ace7365a19b8c6732cc7306cb842113ce71de99092423a3dd796b7ce7,,17,train
IMG_20250929_123814_jpg,train,640,640,2025-09-29T12:38:14,1.5kg:1;2.5kg:1;20kg:1;zacisk:1,487e001048f94ef1cdfa985665d6c961f2d3f338e56a730e3d88e95e7f7eb6af,99249933999b64cc8e64993199b66cccce6cce6c9b2c39b3de6498cc99a531b3,,11,train
IMG_20250501_185948.jpg,train,640,640,2025-05-01T18:59:48,1.5kg:1;25kg:1;5kg:1;zacisk:1,ddbc0c36d1bc2576995377494ee879fdb5e391c6ef10333933dc4e9c081baeca,e125925accceb32658c6af3df339b8c60e938d2cd8ccb3364ed2b12df9839444,,2,val
IMG_20250504_204534.jpg,train,480,640,2025-05-04T20:45:34,2.5kg:1;20kg:1;25kg:2;2kg:1;zacisk:1,999828fb4cd39e421494ef971396fc37b16c4ee08523b2d6f3a085b2e2218a6f,84ecce4c9c4604e071ee8b9afbbf8af70ab33b014a297c28d139663d83d63e8d,,8,test
IMG_20251107_115852.jpg,train,480,640,2025-11-07T11:58:52,25kg:4;2kg:1;5kg:1;zacisk:1,3eefb0382960afad80b958098412e530913a15cd5cff7a3206d962db4983cca6,e18e8d9e9c135f12338f87fd5e3833409645b600b78d9fdeafbf05b648030a49,,22,train
IMG_20250929_121647_jpg,train,640,640,2025-09-29T12:16:47,1kg:1;20kg:1;zacisk:1,68994ff7b67ab4a7577e4d8b8b15442e66f6594cce3497640560118fd0d5c1ed,cc649932cce3664d9993cccd99b33399cce6cc4c33383333ccc69b31663939c6,,10,train
IMG_20250504_204728.jpg,train,480,640,2025-05-04T20:47:28,0.5kg:1;2.5kg:1;25kg:2;5kg:1;zacisk:1,796a591c1f24c7185775087099f35057816a7777d9dfe0efe622f8317269997c,84edce469e46066071eb8b9bfbbf82f70a311b015e097118d33da63d8bd63e84,,8,test
IMG_20251107_101057_jpg,train,640,640,2025-11-07T10:10:57,1kg:1;2.5kg:1;20kg:1;25kg:2;zacisk:1,9cd2b8c247edf0bb5bd79a3143263ad537496a4e102ef1b52f0131c1e4a93955,e635d0b59ace2de5595866aae02419c52ffe8a1a65753bff221aa930d05529c7,,17,train
IMG_20250929_120310_jpg,train,640,640,2025-09-29T12:03:10,1kg:1;2.5kg:1;20kg:1;zacisk:1,9bf4384542061b7a744645cd2dc2a868ad4467d375be6e815fd4928446f31d32,9a6d9b269b1966cdce64cc9331b664c6c65964c933b3931ace4e3933619265b6,,10,train
IMG_20251106_134501.jpg,train,480,640,2025-11-06T13:45:01,10kg:1;2.5kg:1;25kg:1;2kg:1;zacisk:1,9324062df6354292f5145903a55513efbb5c9a3ad8108750d18f24547c29ab5c,cd12dc1ada2dfa24b2270526e764e969830c4dd3b4d28294599219debb5af1fb,,16,train
IMG_20251107_113654.jpg,train,480,640,2025-11-07T11:36:54,1.5kg:1;10kg:1;2.5kg:1;25kg:3;zacisk:1,4d784b2731d44ccab2654531abd2fd7968f1ebf3251c27b53b08d5096fd55b44,e0e88ce85caaedea2553e215fe97c804c85ce11c09ff9fefd04706cb90409fcb,,21,train
IMG_20251107_110226.jpg,train,480,640,2025-11-07T11:02:26,15kg:1;2.5kg:1;25kg:3;2kg:1;zacisk:1,74c878c9439ab272c29a3d5df0732536ba57a3341ff92acd8d487b49c5d728ce,9e8e72e29f3861e3651a9d4a776ac43893c57631acb57a95669198d54a755254,,20,train
IMG_20250929_115539_jpg,train,640,640,2025-09-29T11:55:39,2.5kg:1;20kg:1;zacisk:1,d6a2b6aeeb092030616cdabf55a7982054de07b0741153c7d3074a6ee0eb8ff5,9a6c9b26991966cd9e64cc3931b66492c67966cc66cb319cce6c9a6c3ccb3133,,10,train
IMG_20251009_134225_jpg,train,640,640,2025-10-09T13:42:25,10kg:1;2.5kg:1;2kg:1;zacisk:1,53bbf9c5235501d0b3e4177773435938f4bb62c219c558b98751a762bef6af06,ce699b64cd31679b3326ccf3996c319a9b3366598ccc6cc664c3926cce193193,,13,train
IMG_20251107_112335.jpg,train,480,640,2025-11-07T11:23:35,0.5kg:1;10kg:1;2.5kg:1;25kg:3;zacisk:1,7697a2633943afa4190c16309165dcb669b761f236872b49ed82931ed9bd3323,ad32d1c3f4cd2d6997f674953111ce7624fc1b1012b4cd3c2d69b4d43313c63b,,21,train
IMG_20250504_205153.jpg,train,480,640,2025-05-04T20:51:53,0.5kg:1;2.5kg:1;25kg:2;5kg:1;zacisk:1,0921d159546d8cb395a7cc7472972e0f548053a4e6354b44a5c62dff9d023cbf,8e968b97936b0f1b65a36ba0d88874e802773a2f46a9389468f873e90bef6e0b,,8,test
IMG_20250929_125443_jpg,train,640,640,2025-09-29T12:54:43,2.5kg:1;25kg:1;zacisk:1,bffbef841b98c9b12866f4bb709dbd4ef31816c8fe99dc3fbd1e072213f7eb75,99349993cdb9664ecc6566c9993266ccce64e665998c319b9926cc66999999b3,,11,train
IMG_20251107_111415_jpg,train,640,640,2025-11-07T11:14:15,15kg:1;2.5kg:1;25kg:3;2kg:1;zacisk:1,4a2e9fe1615b37a2024b77149f5d57edf9ef235913652dca9de46c41d3dfd95c,e72b9ce692d74319bd5c676da56b5cc61e720c39ad1dbc52585252bc10b45ab0,,21,train
IMG_20250504_210804.jpg,train,480,640,2025-05-04T21:08:04,0.5kg:1;2.5kg:1;25kg:2;5kg:1;zacisk:1,aa74773fb7a82f43bd785334c2e5be5bed869bedd104a2e3fe739fcf4b1e3779,c64b969099b13ce7ac669c63d4a5994b3d946f17667362a94308413c5f7e5ca5,,8,test
IMG_20251009_134229_jpg,train,640,640,2025-10-09T13:42:29,10kg:1;2.5kg:1;2kg:1;zacisk:1,786d3731a0c4395879f956f2be0dbf8c243021fcb1effe186b7fa60893c0dae1,ce799b649933659b3366ccf2994c319a9333e659cccc2c8666c38e6ccd323193,,13,train
IMG_20250504_205729.jpg,train,480,640,2025-05-04T20:57:29,10kg:1;2.5kg:1;25kg:2;2kg:1;zacisk:1,8f510d74f9c5c7b75ab0da7fc504d86147aecee0cb0347846598837b5464b6fc,8c2aa63a93dc1ea26f1a3a0ae20f3b8707de76f098be693290cb67c7ae8a5872,,8,test
IMG_20250504_211327.jpg,train,480,640,2025-05-04T21:13:27,1kg:1,9dde428a9dc78ac7abfab64d10bef139711dbfc0c315967ee0da80e1cf800693,85da84f99235332e833693b5ed56be857b407a4b549d6c1b8c95df2473e07142,,8,test
IMG_20251106_140656_jpg,train,640,640,2025-11-06T14:06:56,15kg:1;2.5kg:1;2kg:1;zacisk:1,b7f37a56182a59ae07d5e31d29314cc5f6665cbb1b1ee30158f65365059bd62f,ec63ccc65bb8331ce1d931330c46666458c99f331e666ccef333a619273c7986,,16,train
IMG_20250504_204620.jpg,train,480,640,2025-05-04T20:46:20,1kg:1;2.5kg:1;20kg:1;25kg:2;zacisk:1,09a32058c0d092c7f73438a63057f8ee557a4806c3ab24fb79ccf3f5f37b74d2,8637c7739f622eb870a18bebf8d48059825839dc8f8c7eaed98e6386814a2fc6,,8,test
IMG_20251106_134708_jpg,train,640,640,2025-11-06T13:47:08,10kg:1;2.5kg:1;25kg:1;2kg:1;zacisk:1,9d0fd9cc74b1e3834231f083a3d4aa153de720a3b4082a33a40a247054585c20,b0889ebb9fb979924d34b394270c566c276fc674a6381c7119799d99d899318b,,16,train
IMG_20250504_203908.jpg,train,480,640,2025-05-04T20:39:08,1kg:1;2.5kg:1;20kg:1;25kg:1;zacisk:1,5cb132e46c4280f406eebd8db21eec4441d6e60977de87d2ba26c2e4aecc4600,8524be299dba941ab6559df0fe7b85f61a8a859606315b95a5f73a8bc514620d,,8,test
IMG_20251009_133231_jpg,train,640,640,2025-10-09T13:32:31,1kg:1;2.5kg:1;25kg:1;5kg:1;zacisk:1,aabe015700dc12d6299a470c90f3bd27295ad5011446083150023baeee4cffbe,9a699b249b6666d39b24ccd99b26318e932c667964cb6d9c663393196d981ce6,,13,train
IMG_20251107_120634_jpg,train,640,640,2025-11-07T12:06:34,25kg:4;2kg:1;5kg:1;zacisk:1,77df07a98cac5a91d4e63ba80a776b731b72c3e56ac8f2e7465d226fedaf5e47,e3b89ac298e36ded851c65149cc33c681a7ae3e726529e5a896399efa5382f41,,22,train
IMG_20250504_204935.jpg,train,480,640,2025-05-04T20:49:35,1kg:1;2.5kg:1;25kg:2;5kg:1;zacisk:1,aa25ac95308e307bebafacd2bb1feb240a8914b4246640dd40ca38184b770040,84edce4c9e4634e071bbcb9bfbb58af72a313b017c097118833da23d8bd6388c,,8,test
IMG_20251107_095454_jpg,train,640,640,2025-11-07T09:54:54,0.5kg:1;2.5kg:1;20kg:1;25kg:2;zacisk:1,296366dd63c325dbac45d007147d3ae4da971ca5b908df9fe286954b797ba970,df1344cc64ee3f06d3f63b1366ad04ec1731c2686e894cd8ad54b545eaca2b9a,,17,train
IMG_20250908_112431_jpg,train,640,640,2025-09-08T11:24:31,15kg:1;1kg:1;zacisk:1,ad7f3d4e97d860d9ddb164bcfe6e1aec253de63a943748dc4c1b4ada56c261d2,cc649b26cc73669933a6cccd9931639918e6cccdb3193333ccc79e4c633931b2,,9,val
IMG_20250504_205506.jpg,train,480,640,2025-05-04T20:55:06,10kg:1;2.5kg:1;25kg:2;2kg:1;zacisk:1,ba97babe2efa62cae94fd9526a9ba81b2a2d6a2a70b71260ab79c2e88aa8a7ee,99448851b6a11ceb6e10601ed63e6b1e0e9976a14df56166cbbe679c1e3278e7,,8,test
IMG_20250504_205752.jpg,train,480,640,2025-05-04T20:57:52,10kg:1;2.5kg:1;25kg:2;2kg:1;zacisk:1,e6867a5a8f6fa57c361de83b4ec65bef67bb0c42ab1d396bf5a8fac0ff54ec77,8c2aa63893dc1ea26f1a3a0ae20f3b8787de76f09cbe6932918b67c7ae0a5872,,8,test
IMG_20250501_190045.jpg,train,640,640,2025-05-01T19:00:45,25kg:1;2kg:1;5kg:1;zacisk:1,a68d8ea7ecd43b89b6df31e6a0699cdab92ecce3f5fdc75cb0d8da9ad4b6a2d6,e125b25accceb32658c6ad2cf319b18e1cd3af25d8ccb3270e52b50df98394e4,,2,val
IMG_20251009_133225_jpg,train,640,640,2025-10-09T13:32:25,1kg:1;2.5kg:1;25kg:1;5kg:1;zacisk:1,c3bcad9a7f762e7e9161f63db5aceb66948de8056f75336059d75a51362a24b1,9a699b249b6666939936ccd99b26318e9b34e67964cb718c66d9931964cc8ce6,,13,train
IMG_20250929_125356.jpg,train,480,640,2025-09-29T12:53:56,2.5kg:1;25kg:1;zacisk:1,41ef2f030ab6304d468b63db9e29018c524321a05d2b8d9426e2243ab86d3c22,8e7b735d9488648063d4b0ac2f3b921fdce54b7453d0d08aa67396f125dda3ca,,11,train
IMG_20250501_190803.jpg,train,640,640,2025-05-01T19:08:03,2.5kg:1;25kg:1;2kg:1;5kg:1;zacisk:1,e8b5b25da35ee15b604d00781891480fb5a0fe5a4a221ccb4c71cce8a57bcbd8,90b6ec993c9930dd39c9cd3bb13f998aaf491d891ec6b3269cc1c32298d6a7c2,,2,val
IMG_20250929_115417_jpg,train,640,640,2025-09-29T11:54:17,20kg:1,c3efa87d170f851a68acc008d07596622eb3b97f14c51715b701083d8234a5be,999b9999993333339999666c664c66666673666666ccccccccc666cc666c4ccc,,10,train
IMG_20250504_211027.jpg,train,480,640,2025-05-04T21:10:27,1.5kg:1;15kg:1,9bff6aebd9fc28b197fa36d4e9fc668b9b4e0b78906fa375b2b5beb86f08328f,976897c5b2d6336e836c8225ed4cb88d7c0b68bb64b34c3a8cbdd92d7340714e,,8,test
ZE_152.png,train,640,541,,15kg:1;25kg:2;zacisk:1,d63f1a290f719406cbce04ea0107edc935083c6de5bc06d3f6fcb9b3dd71a057,f1c85feec43302e1ffa0e00631dd7f80481620fc8f40b093f3fde5b8dbdf48a0,third_party_video,,excluded
IMG_20250504_194703.jpg,train,480,640,2025-05-04T19:47:03,1.5kg:1;10kg:1;2.5kg:1;25kg:1;zacisk:1,0eccafdf46550cf4a9b528fa1f72a0567147d47643dccf35f918f74f77c1b1cf,806d9e929992846daf69996b3eec89df16b2886576eaabb9a7884813816f7698,,7,test
IMG_20251106_134752_jpg,train,640,640,2025-11-06T13:47:52,10kg:1;2.5kg:1;25kg:1;2kg:1;zacisk:1,d586698281bb6421007f1c82e8e1de2b4652bff4a708e674f336b11292060dc6,e102ae760e3470b63436b107392b596b3bedf666704646683efcb492e5b26927,,16,train
IMG_20250908_110108_jpg,train,640,640,2025-09-08T11:01:08,15kg:1;1kg:1;2.5kg:1;zacisk:1,5a95084c8691b59993796296cdb865c688ac3dc7257fa43af8330598f601154d,ce699b64993164993326ccd39b2c719b99b3cec9639c65b3cc63924933993866,,9,val
IMG_20250504_204148.jpg,train,480,640,2025-05-04T20:41:48,0.5kg:1;2.5kg:1;20kg:1;25kg:2;zacisk:1,55f0a25768dd2de659ef85cc353a6bd85444ad272d27eeafefaabca727ebffc6,8c298608b3d41ff06dcb7207f20739c7767cbafc617e21a332c527a09c98787b,,8,test
IMG_20251107_110549_jpg,train,640,640,2025-11-07T11:05:49,15kg:1;1kg:1;2.5kg:1;25kg:3;zacisk:1,42da2b83b9641f4a4f7ade0f80125275a2ec775de9ddede98200429d6bec0802,f0e88baecf07b4798db2703d96d86a074a64b413b5b2cf259acd9510b52a9e36,,20,train
IMG_20251107_100615.jpg,train,480,640,2025-11-07T10:06:15,0.5kg:1;2.5kg:1;20kg:1;25kg:2;zacisk:1,8a018b134f43ea0273af56cf7f92ca049ff31c7ef5079cd1860daec01a3eff79,a532e25513ce6d4db6a29a9564889216122ee04d522f38d7bd8fb23272779fae,,17,train
IMG_20250501_191351.jpg,train,640,640,2025-05-01T19:13:51,2.5kg:1;20kg:1;25kg:1;2kg:1;zacisk:1,f2dc32e2a81dabf8fd5633ef6425f14c52eaa8e9e5335a428eed8b22edee13ec,b5b5ec993c91308879caeb3ae33b9999ab581c8936cfb368b64293269ccd87c0,,2,val
IMG_20251107_111741_jpg,train,640,640,2025-11-07T11:17:41,15kg:1;1kg:1;2.5kg:1;25kg:3;zacisk:1,b5e5f773b924414405ccbb06fa4f502f9d9b68bc2aa3abf78257354c2b57897d,b434d55bd05a3432df213520d0707b422fa1ebe1b5bbb5f487f30947d01f70f0,,21,train
IMG_20250504_204553_BURST001_COVER.jpg,train,480,640,2025-05-04T20:45:53,0.5kg:1;2.5kg:1;20kg:1;25kg:2;zacisk:1,ea2078fd9262f9702875554e6168dbb310695d8184108e5e583d345c3aad0dae,8489cc199add3fef67fe9e00e320aba48aae7a6f9873704393700e62aeb53a18,,8,test
IMG_20251009_120511_jpg,train,640,640,2025-10-09T12:05:11,10kg:1;2.5kg:1;2kg:1;zacisk:1,de679e44bc73f420d85ef71100f8566f52362717863d6f1cf27efde2535d1a60,9a6d9b24993264d93326ce59992c719eb333ce4d30cd319364cb9b6c6c9939a6,,12,val
IMG_20250501_190343.jpg,train,640,640,2025-05-01T19:03:43,0.5kg:1;2.5kg:1;25kg:1;5kg:1;zacisk:1,fcd4189c4ee5970d718386a4e39739acbaebc406bf383d24b1590cded88673c6,e695816a996e26937326ccdde4d9337239c99264c2663d9a5962e6f591763d40,,2,val
IMG_20250501_190651.jpg,train,640,640,2025-05-01T19:06:51,2.5kg:1;25kg:1;2kg:1;5kg:1;zacisk:1,226d3147fdaaed9441bd436ef447853dcf49c87a1dcc81915ac9fb6bed89a37d,84b6fc993c9930c83949cd7ba73a9b8aaf491cc91e4cb3668ee3cb7298dca4c0,,2,val
IMG_20250501_190743.jpg,train,640,640,2025-05-01T19:07:43,2.5kg:1;25kg:1;2kg:1;5kg:1;zacisk:1,01d5670eab50f673574eec16d39104827e169d852d2549a82046f4a678faf0ac,84b6fc913c9939c93949e97ba53b898aad491dc936ccb3668da18db298dca7c0,,2,val
IMG_20250504_203156_1.jpg,train,480,640,2025-05-04T20:31:56,1.5kg:1;10kg:1;2.5kg:1;25kg:1;zacisk:1,f934ba71a71844037b2a129658747880e19a9aac53f5951ca80ca8a12efe9984,c514befc8cb9921ab7dd9cd41e6995581acda5121635091ca5f73befc5103296,,8,test
IMG_20250501_190850.jpg,train,640,640,2025-05-01T19:08:50,1kg:1;2.5kg:1;25kg:1;5kg:1;zacisk:1,854ce3923e474e11cf2335e5fce5e98bd1372e61b2637977d7188c1933c1c7ae,84b4ec993c913a8a7bc8597ae13bc993ab5a199956c9b36eb409571398acb7c1,,2,val
IMG_20250504_203709.jpg,train,480,640,2025-05-04T20:37:09,2.5kg:1;25kg:2;2kg:1;zacisk:1,74ce84d1a4415feaaf7897bdc8470a4ab209a77276275c834d267d5dbc130972,a04da8499db2903434f31ef2867f36f11892a5273e73993d3fdc3eca812d624d,,8,test
IMG_20251107_095331_jpg,train,640,640,2025-11-07T09:53:31,0.5kg:1;2.5kg:1;20kg:1;25kg:2;zacisk:1,d3854fc8caee8037af20ebaed90849e71b1c621c174bd6dd3a54ebd2467e986e,c73313cebdcc652218c8e4b575f43596e426529c65f519e8c60882949ed7cf4f,,17,train
ZE_51.png,train,640,527,,2.5kg:1;25kg:1;2kg:1;zacisk:1,072fb18f61fb51ccd10f795b8edf4b2cfd56d8951de3521be822b1a0fc659295,ffdcfff088035f80867f6660fb8801ffe7967600806f7fc8c4030027ffcc1b08,third_party_video,,excluded
IMG_20251009_120653_jpg,train,640,640,2025-10-09T12:06:53,1.5kg:1;10kg:1;2.5kg:1;zacisk:1,abfe868e66fdfd52d96a621d12f117e5415b111c0d0e5e1494bbacda93922669,ce389b26998731993266cc73ce1c319b3333cecc3cce6cf3cc639318c71839a6,,12,val
IMG_20251107_105827_jpg,train,640,640,2025-11-07T10:58:27,15kg:1;1kg:1;2.5kg:1;25kg:3;zacisk:1,9589e28d973bc7ceed8aacf469f83bc19fc23e35f0adb759276762bde9275c06,ef2b9e82908075a91ef6e72df86a2c43ef1bd4f7b47dd0d6c216801ca05cf380,,20,train
IMG_20250908_111610_jpg,train,640,640,2025-09-08T11:16:10,15kg:1;1kg:1;2.5kg:1;zacisk:1,934c78a3bbd0356b0bc920604381578a6253dc29474b77fcefe650652db76d70,ce699b64993166993326ccdb9b2c619b99b3c6c9338c64f3cc63931c73989866,,9,val
IMG_20250501_190703.jpg,train,640,640,2025-05-01T19:07:03,2.5kg:1;25kg:1;2kg:1;5kg:1;zacisk:1,35a172ef1f967ff6eb54da25974d7c67be2173a0e6b665aa6eb957b114b59011,a4b6fc993c9930c83949cd7ba73b9b8aad491cc91646b3668ee1cb328cdca6d0,,2,val
IMG_20251106_130955_jpg,train,640,640,2025-11-06T13:09:55,0.5kg:1;15kg:1;2.5kg:1;25kg:1;zacisk:1,e2505dd457350f996c126633bafb853a3fc33643e58ae872c26e2583e5f7b792,98369d7ee3cf33189409f3181d3eb372a301892359a689c6a34903db1fe579e7,,14,train
IMG_20250504_211154.jpg,train,480,640,2025-05-04T21:11:54,2.5kg:1,68e27f924c2e8919740378a0a54478fb304ae187ceb27dc8066ed2c404fb88bf,95da84f1b265332e832682b5ed56bc857a0b78cb549d4c3bccb7dd347340714a,,8,test
ZE_122.png,train,640,582,,20kg:1;25kg:2;zacisk:1,bf02ffaa279fd76332b78f3773a6a61d2d85053f61a3b70ccf79bbb98ff625ce,f290c08854fab3706c151e3f8e2d6349f3462af76cd0c4b2be304fff248cb3aa,third_party_video,,excluded
IMG_20251107_111521_jpg,train,640,640,2025-11-07T11:15:21,15kg:1;1kg:1;2.5kg:1;25kg:3;zacisk:1,cf47c594172c49d52d2478481a7d0eac82d3d86146a62d326e6103eea0279271,f0b28ba6870f34798d92e4378e706b278974b492b0f0cb2d9ecb957ae1a57a14,,21,train
IMG_20251107_111754.jpg,train,480,640,2025-11-07T11:17:54,15kg:1;2.5kg:1;25kg:3;2kg:1;zacisk:1,6192336d06d96028f4f03c336f752740938cc098de21aaa4b7dbbff1f44f250f,9ddecc66e2002279a477e432b1309229db393cba542f9a2e13be93bfe6b264c8,,21,train
IMG_20250504_210606.jpg,train,480,640,2025-05-04T21:06:06,1kg:1;2.5kg:1;25kg:2;5kg:1;zacisk:1,fea41c2404e77e7947948e4c8674fcb21e947b45b95ad1298dbcfe3265757545,81369f248ee8801f3f1e8fbe93dd167b0c78258661b628f57e78ec20c02353bf,,8,test
IMG_20250504_204455.jpg,train,480,640,2025-05-04T20:44:55,2.5kg:1;20kg:1;25kg:2;2kg:1;zacisk:1,378b3dd8954a0bb1da4768a9cfbee54fb2902d39f4170b3c4bc9854658183019,8665be46984038a8b99eab9df9d58a11391db90c7c2e91de8097b9d2bce1707d,,8,test
IMG_20251107_120231_jpg,train,640,640,2025-11-07T12:02:31,25kg:4;2kg:1;5kg:1;zacisk:1,51af90d03494c24a1ce7cda69ed99a736328c6a1d3d26f2f1da4f34aed971598,e31896929ad758f69e1e4794a1e1e15573d350e3525c0e9062e1f5aea529bdc3,,22,train
IMG_20250504_210938.jpg,train,480,640,2025-05-04T21:09:38,20kg:1,c008f6d988d5e1606154618a499c9a8debbb2014872de1715773c91742dc2091,95da82f5b2c5233ea3268225fd4cbc857c0b68fb749f4c3f8c35d9247340714e,,8,test
IMG_20250504_193858.jpg,train,480,640,2025-05-04T19:38:58,0.5kg:1;15kg:1;2.5kg:1;zacisk:1,fd8da2e971024274f563a1c49913d2bf261627ccf1ced443777138b5a7119476,d57a9d600a643a33ae990ebcae718cd92abc8e75d3323b4c4eaee4d9518871e2,,7,test
IMG_20251107_110551_jpg,train,640,640,2025-11-07T11:05:51,15kg:1;1kg:1;2.5kg:1;25kg:3;zacisk:1,34f6b865dcca4183f4ecf57695959300cb278f79b4bb02b61d66e8205382170f,f0e08ba4cf07b47b8db6307596586b478b74b512b4b2cb0d8acd853ab5a8ce17,,20,train
IMG_20251107_113456_jpg,train,640,640,2025-11-07T11:34:56,1.5kg:1;10kg:1;2.5kg:1;25kg:3;zacisk:1,7fd0f129dc880fd21c86a8ec1300be2ad3612355c95b5bd65f9d707f72f4c0f8,ace3dadad3182d21b34f65264912369beca5f72f49da9a43a489902c5ad27be1,,21,train
IMG_20250504_204329.jpg,train,480,640,2025-05-04T20:43:29,1.5kg:1;2.5kg:1;20kg:1;25kg:2;zacisk:1,e1c8e4006d48407dcc4099edda5d3786adf7f625e065e65efee269164986f370,86d2a3f0992c03c0a6d62afcebffbc6f51b50bc06ab066c6983f71bd805c1fa0,,8,test
IMG_20251107_100013_jpg,train,640,640,2025-11-07T10:00:13,1.5kg:1;2.5kg:1;20kg:1;25kg:2;zacisk:1,93df036e11a1ba3f550636608732464d2bd05ee6b48e9f99ad0f5dcad86cca36,c577d1ec99ac6af49bc1e5068578d4ba4aa2ea9475d599c22526d1f809f34f05,,17,train
ZE_78.png,train,640,539,,0.5kg:1;15kg:1;2.5kg:1;25kg:1;zacisk:1,316ec21afc57e036d5a6ff2d73e51ead78eedee1a2d95b33dfff2ce8c430362a,94595937f74ce64d193359336649666d7cc959ba22228ec91aab62ab8aab8aec,third_party_video,,excluded
IMG_20251009_124231_jpg,train,640,640,2025-10-09T12:42:31,10kg:1;1kg:1;2.5kg:1;25kg:1;zacisk:1,490f882692db5da87c53f479b395629d36bbbf640f2d4565fe697ed81b51594a,965a9b299a4c34f49369c6cb924d3c699369e69264c76d8c643c965b659e392d,,13,train
ZE_171.png,train,640,457,,20kg:1;25kg:1;zacisk:1,9b9cb7fbd0af9f54e182e437084a2df2cde628b55c6f6fb812fb0427238d7190,f7311a168d1e64bd9a5da10e04f33a4b659c6b83f62bd7258b078c8b9e8d0dac,third_party_video,,excluded
IMG_20250504_204553_BURST003.jpg,train,480,640,2025-05-04T20:45:53,0.5kg:1;2.5kg:1;20kg:1;25kg:2;zacisk:1,286c10cad6601177cff522aaa033a30b84689b76bf41d3c02ccc1edd1709c724,8489cc199add3fef67fe9a00e320aba48aae7a6f987b704393700e62aeb53a18,,8,test
ZE_165.png,train,640,495,,20kg:1;25kg:2;zacisk:1,540d2a5f4e5fd5bfba87b8d4052a1076bf7d3e8b028f79cde8a87dbab286b5d5,a6590075d9a45a5f1d8eb8a0f6788f43a0a3d1f0ce7ef302582d7dfe6a875908,third_party_video,,excluded
IMG_20251107_111727_jpg,train,640,640,2025-11-07T11:17:27,15kg:1;1kg:1;2.5kg:1;25kg:3;zacisk:1,d88605249b46b76c32ed90afd102f1fe178e01adbc69090b1410898e3b062cee,a423dad313da2529e08c6784d3c79cf29879a4834fcb6f69e82d90355bd61bca,,21,train
IMG_20251107_120243_jpg,train,640,640,2025-11-07T12:02:43,25kg:4;2kg:1;5kg:1;zacisk:1,cebd9fa5806e49997e3b9a6c6f86061f26d224e11a53d0d7a61a128489d5843f,e318821a9ac758d79e3e473ca161e15572d250f3565c0e5062f3f0ada5adbde1,,22,train
IMG_20251009_123811_jpg,train,640,640,2025-10-09T12:38:11,1.5kg:1;10kg:1;2.5kg:1;25kg:1;zacisk:1,2962591b4a1e1f1051f501633487a4f493291c3faa2eac2dff80bf2d6bab4210,c69e93639c48658c3333c69c9b666ce39b1866d664f36d9c667896c3318c986d,,13,train
IMG_20250501_190349.jpg,train,640,640,2025-05-01T19:03:49,0.5kg:1;2.5kg:1;25kg:1;5kg:1;zacisk:1,c72a6293f073759fd6a7e04ba269532b0336fc86f860100d9cdc93ffae57ed41,e6d5916a992e26d37326cccde4c93b3238c1d226e4733d9a5865e275b9323d48,,2,val
IMG_20251106_130244_jpg,train,640,640,2025-11-06T13:02:44,1.5kg:1;15kg:1;2.5kg:1;25kg:1;zacisk:1,df3ac249ecc02c2e0316271c81e538f276613588bd1726c746a26a37dc7b2e7c,8cce8e0e772170e7f62613b14c9129f3b9f1297909da0e1a79b8b4ba529ad2ae,,14,train
IMG_20250504_205923.jpg,train,480,640,2025-05-04T20:59:23,1.5kg:1;15kg:1;2.5kg:1;25kg:2;zacisk:1,92cc6817a4ffedba5476aa5e29224dea5ea837c9655868bda7dc7c86991bad40,8c2b863ab2dc1eba6f083a8ae2073b9307863af8dcba69bb928363c6ae8a1c7b,,8,test
IMG_20250501_191307.jpg,train,640,640,2025-05-01T19:13:07,0.5kg:1;2.5kg:1;20kg:1;25kg:1;zacisk:1,6acfc07d04af7afab62505230414b11d98a4b16d7df43d7247a7b86aa849fd49,a16aed323da67090529453616277c32cca7459b65db6f27168966275187b35d7,,2,val
IMG_20250504_204257.jpg,train,480,640,2025-05-04T20:42:57,2.5kg:1;20kg:1;25kg:2;2kg:1;zacisk:1,6fa3dcd28caffb31fe6652a803f2e32d178f8cd4c397f9947ead2396bddfdb54,86d6a3f0992903c026d63afcebffbc6f51b52b006aa066c4983f713d825d1fa1,,8,test
IMG_20251107_105042_jpg,train,640,640,2025-11-07T10:50:42,15kg:1;25kg:3;2kg:1;zacisk:1,ad33a10bc714b362c6786679ab11b48926d1355fe29908f42f5635749c58d865,b0e98f2fc7027e3ec92437d3b65aa1c17a95f80525c18f866a8f8d0bed2e189a,,19,train
IMG_20251106_134904_jpg,train,640,640,2025-11-06T13:49:04,0.5kg:1;10kg:1;2.5kg:1;25kg:1;zacisk:1,71069a910495d616324b6b4c17976dba75391d5be249205b2bd5287fe6287c96,b4488531c9e6e35599311eeab4ca209f203fc05d345159ae4aaee46fea007fff,,16,train
IMG_20250929_125615.jpg,train,480,640,2025-09-29T12:56:15,1.5kg:1;2.5kg:1;25kg:1;zacisk:1,c83e0f4c8d69fc07c9c98176f5379afbaee83fd91c218b362184a9cfe4a05d59,8ee2725495b98da26b14b3a96504a73217949cea485e9ae959994b1d96ebfc6a,,11,train
IMG_20251107_112444.jpg,train,480,640,2025-11-07T11:24:44,0.5kg:1;10kg:1;2.5kg:1;25kg:3;zacisk:1,b8b792315e9fc7517a987103a09779e3d8a7ee0d5c51a2ae848f7045bc16fb9f,f34c813c8c319c73407023de23cd84ffcef0f204c304cd20f93d717fb33dbc35,,21,train
IMG_20250504_203736.jpg,train,480,640,2025-05-04T20:37:36,1.5kg:1;2.5kg:1;20kg:1;25kg:1;zacisk:1,2a34538dbb670fb8238219224eda93f8fedd30fb24b1326ee1a753e7d8454cda,a12da8499db2903636f31eb2867736f3189a85343673993d3fdc3eca812d624d,,8,test
IMG_20250504_204210.jpg,train,480,640,2025-05-04T20:42:10,1kg:1;2.5kg:1;20kg:1;25kg:2;zacisk:1,b5ffcf97fa973d44224e540ba8345bb063042d91e85f2b0c1a995aa8c200fb19,8c2b860cb3d41ff06d42720ef007399776643afc617a29ab33c527269cd8787f,,8,test
IMG_20251107_100055_jpg,train,640,640,2025-11-07T10:00:55,1.5kg:1;2.5kg:1;20kg:1;25kg:2;zacisk:1,be95896819cffc690596cff54920a78b03076efeb8d7dae984a7b8f2a3b614d4,e523d1da958ce5a09dca846fa03d1acd4ae7a2392c3d1f8f463b58b0b9c70bc6,,17,train
ZE_146.png,train,640,504,,2.5kg:1;25kg:2;zacisk:1,c93311b42a6192cd28de7c2ac62664b598a4efa0a5c5593f4b2551ccc7b02547,d567071cb598b8e30a0c98e36718a71cd9edc71c24f3b8e378e918e7471ca738,third_party_video,,excluded
IMG_20251107_120651.jpg,train,480,640,2025-11-07T12:06:51,25kg:4;2kg:1;5kg:1;zacisk:1,12a9dccb806374cea49393b128bad3cbe2631538aea805c81502a2b364d50aaf,a731dd71db6c0baa62aa816b896d696cb5fcdd7b0f7bc21d9184e082e283c223,,22,train
IMG_20250501_191438.jpg,train,640,640,2025-05-01T19:14:38,2.5kg:1;20kg:1;25kg:1;2kg:1;zacisk:1,ec2ae7338a4f3bf95dec783edfca3e8cf28a547a10a4567b06e920bfe7010fe7,a129edba3da770d058864370637fd1b6ea74499264b3ba786c965335183b3743,,2,val
IMG_20250504_191939.jpg,train,640,640,2025-05-04T19:19:39,1.5kg:1;15kg:1;2.5kg:1;zacisk:1,9ff47451e4bdb8f9e120e294d970b0abb609e857e621bed4a4d08b5237326620,d094d8b00d3ba118a64c2f7ed67119822d7a862935a93d5faf7b862a5d489777,,5,test
IMG_20251107_101150.jpg,train,480,640,2025-11-07T10:11:50,0.5kg:1;2.5kg:1;20kg:1;25kg:2;zacisk:1,d767463ce5eead7fca4308a2c52f7de71977a7763ebb26987cf1d7cc4be6f838,d781d4fd5cb5f3b15337c860911a6302c478b3592aa9dc6430704f8d7d78b3bc,,17,train
ZE_48.png,train,640,404,,10kg:1;2.5kg:1;zacisk:1,8793b64b37df2a22407417213ed30ad4d0d980275c2b45839d0eb497b894c921,ad9271ef1249063035cbe9b78e10946b73ed76940e32496b73ccf4b48e9248fe,third_party_video,,excluded
IMG_20250504_205511.jpg,train,480,640,2025-05-04T20:55:11,10kg:1;2.5kg:1;25kg:2;2kg:1;zacisk:1,a99a847e2fefee3eade2e5b2f389a629eaca8c735b97b1f17054dc158e24ac0d,99558855b6ab1c4b6e11609cd67c6b3c0c1176a34de14144cbbe67be1c3778e7,,8,test
IMG_20251107_120714.jpg,train,480,640,2025-11-07T12:07:14,1kg:1;25kg:4;5kg:1;zacisk:1,e1d95aa1e910dbbe294ec81a231d8560c34442f84a8f32ab5679fb6d66654cfc,f30e84168c7370cfe2c79eb1fe7837850cb70e5a8246c4b67c9237a49e244cf5,,22,train
IMG_20251107_120048_jpg,train,640,640,2025-11-07T12:00:48,25kg:4;2kg:1;5kg:1;zacisk:1,7c725cf32f21d411bd61a7d2c5bac273c23423ed05d3953e779265ca25c30dad,ad97d216b2f02d61d21e21cf5a6034b0592be5becb3c9a56a1a3187a1cb4ff0d,,22,train
IMG_20251106_140409_jpg,train,640,640,2025-11-06T14:04:09,0.5kg:1;15kg:1;2.5kg:1;zacisk:1,b4b21d19b6f7919750b9c098eac9394b3abf212369339915b0b001cbef802ccd,b336cb6266d92499c64da4ed19b6311ace6cca66193331b3e6ccc6cc0cf325b9,,16,train
IMG_20250504_194916.jpg,train,480,640,2025-05-04T19:49:16,10kg:1;1kg:1;2.5kg:1;zacisk:1,fc3feefbea4d9b6ef6d6b12fa6823b06a55591b28f018fbfa528d74017566a95,84119aec986d9432ad938c931e6695591aacc55316b6a11da2ef6fecc5117bee,,7,test
IMG_20250501_190910.jpg,train,640,640,2025-05-01T19:09:10,1kg:1;2.5kg:1;25kg:1;5kg:1;zacisk:1,9940abaddcef83bffadd1f9e4be89ae4b16f983e49a9ac2492cbd5a0b9cb80ff,9092fc9b3cd9394939458d39a53b9d8bad4c1ccc1e46b3378ec4cb4a8adea6c2,,2,val
IMG_20251009_121315.jpg,train,480,640,2025-10-09T12:13:15,0.5kg:1;10kg:1;2.5kg:1;zacisk:1,213e82fe05bdd3412568f392b88ba4444f6d5afa057f95754f64e26ea8466ff2,a2d6a8c85f8e2caece0369ceb3c556f3b57b9254b13db54294768730378608ce,,12,val
IMG_20251107_112457.jpg,train,480,640,2025-11-07T11:24:57,0.5kg:1;10kg:1;2.5kg:1;25kg:3;zacisk:1,4d5b78d424c9baaadc5607fb167381b71e67d6f516f11b1b5d83855b08d564e3,f9b1d08187c3c78778283838b03bc301780df8fcf4ca66837dc719da899f5ec6,,21,train
IMG_20251107_111555_jpg,train,640,640,2025-11-07T11:15:55,15kg:1;1kg:1;2.5kg:1;25kg:3;zacisk:1,5a440bd0dc5d4e35643fe521666c4bd4668dc8ea75ba0894b859a5594b5c737d,f2fa8f9e8f4a70f84db07d3ad6387d21a068b3c071361f0c3a5fce5a860b0e1c,,21,train
IMG_20251107_113118_jpg,train,640,640,2025-11-07T11:31:18,0.5kg:1;10kg:1;2.5kg:1;25kg:3;zacisk:1,b0f251505cedfd04ffd7e5d44e09e2df33183990ab5d6770da1c72256eeb7b67,e7a298c239986fa983ae63369ada3c64826fe637dac318c28b38c08e66f72f61,,21,train
IMG_20250908_112414.jpg,train,480,640,2025-09-08T11:24:14,15kg:1;1kg:1;zacisk:1,1466d1ea373762d8e49a132b3ac97067a20a2cfb8055f5364a7621c23df2a6a0,8ea9a147715f34ab31e3b4ed38a0f8b14346db22469aca4471d7f8f9ba2523e1,,9,val
IMG_20250908_112140_jpg,train,640,640,2025-09-08T11:21:40,1.5kg:1;15kg:1;zacisk:1,ed2e5b36b3b32931b49764f57f8a743e3267ce1d656e198b981b1b438ab0a3fc,cc6c9b26ccb966993326cccd99397399cc66cccc33196333ccc69a4c673131b3,,9,val
IMG_20251107_100110.jpg,train,480,640,2025-11-07T10:01:10,1.5kg:1;2.5kg:1;20kg:1;25kg:2;zacisk:1,aadbe8e00f61c1149260b70e264a853ae2a1f1332441ece7145d97230f8ff1de,dc1dc4ce61e639189be9c9c07c1e464287e99939e6466acc19bbdba67a0c4e4d,,17,train
IMG_20250504_210302.jpg,train,480,640,2025-05-04T21:03:02,1.5kg:1;15kg:1;2.5kg:1;25kg:2;zacisk:1,2261ccf68acb210f80cedf899e335857427bf876353192797b5f4f9deaede685,8d5d811db0a19eb06244b045e99b79e836ec7d9ecd5126514fa01f8e9e5ccc7d,,8,test
IMG_20250908_112134_jpg,train,640,640,2025-09-08T11:21:34,1.5kg:1;15kg:1;zacisk:1,29be4638d9d39230e40e4a74eef02650f1a82976e35ecae5ddd9151ea297c9d9,cc6d9b26cc9367993326ccc999396399cc66cccd33196333ccce9a4c673131b2,,9,val
IMG_20251106_140514_jpg,train,640,640,2025-11-06T14:05:14,15kg:1;2.5kg:1;2kg:1;zacisk:1,6ba15772fad1c5ed2fe4c9bf343945a838e678d8b473a89e4e480e11be38509f,ec63ccc77bbc331ce1dc31b904662666598d9b3306e66cc6b133a659273c3986,,16,train
IMG_20251107_120710_jpg,train,640,640,2025-11-07T12:07:10,1kg:1;25kg:4;5kg:1;zacisk:1,26ac1c89624ab2552bc460a794f4c11086168f5904ccc6dabb4ca55455925ffd,f87d81ddc3e4381c8bd736e0869d4fb07e01b6fb3412062506b4c6baa6398f37,,22,train
IMG_20251106_134445_jpg,train,640,640,2025-11-06T13:44:45,10kg:1;2.5kg:1;25kg:1;2kg:1;zacisk:1,6d80f389a2459aa826c512f10099be3be0c3a6907581ed576f4a9b4b61db88c9,eb5bb95e0e6d2e5696e7e6dfc29440add4c5dee70ad29b2dc42541a94204668a,,16,train
IMG_20251107_104642_jpg,train,640,640,2025-11-07T10:46:42,15kg:1;1kg:1;25kg:3;zacisk:1,ff06545ac2cd90789e6c57e1e723a9c0e0d0f4bb22ae8052a63c0005112d7982,d136cb9646992649b64936d848b44db39f69975378364936bd6db5494ad24a93,,19,train
IMG_20250501_183052.jpg,train,640,640,2025-05-01T18:30:52,1.5kg:1;25kg:2;5kg:1;zacisk:1,6bd26cf700c754f66a25b7e66dd0df09ae3c304526c574bb95f5e9a5740adbc5,83968f8d4cc9e8a367e668b1ea196f19c8c73910673db1103173fd3d9980b763,,1,train
IMG_20251107_105009_jpg,train,640,640,2025-11-07T10:50:09,15kg:1;1kg:1;25kg:3;zacisk:1,f8783d60663e7ce4da488704f1d616929043ab4ff7c7ab58a341b410b2dc8976,e739dae699c66bfc1ad6e5044562b528642d42f5e2fd9a43da10a95ab1c27383,,19,train
IMG_20250504_203859.jpg,train,480,640,2025-05-04T20:38:59,1kg:1;2.5kg:1;20kg:1;25kg:1;zacisk:1,c0c51e4cd055e1e6e02df72d1451381af742832d0f63530a92ea5537c2c0b870,8524be2d9dba921ab6558df0d60985de1ac985b266395996a5ef7a8dc534720d,,8,test
IMG_20250504_205231_1.jpg,train,480,640,2025-05-04T20:52:31,1kg:1;2.5kg:1;25kg:2;5kg:1;zacisk:1,81c62f2f79eca914a4d7e1cda61968bb35940e4e830d990d93539fb6021a3f60,8e968b95936b8e9b65a36be0d98874e823753a2766a9289468f873e11be72e0b,,8,test
IMG_20250929_123648_jpg,train,640,640,2025-09-29T12:36:48,2.5kg:1;20kg:1;2kg:1;zacisk:1,8641731b3930785c380ed3c41b14ed713ae4ce2452804c6b94a0d361b87f7f75,99249932993164cc9e64cc7399b364dcce6cce4d933d39b3ce649c6c996131b3,,11,train
IMG_20251009_124007_jpg,train,640,640,2025-10-09T12:40:07,10kg:1;2.5kg:1;25kg:1;zacisk:1,5ed87c39ce1015ba3e0671f47dfc4f430f7c86796d2925d19479c6c88ebb3f99,ce1f9b2918e4318631b16c70ce666ce73198e61a659339e4cce69bcf1879cb31,,13,train
ZE_138.png,train,640,501,,20kg:1;25kg:1;zacisk:1,44f86dd9d8d2d63a7f016441bc3227f4dbca6f99a97d2d91dc6c75d561fd880a,f3990e67b000f3989ee7c0000c27def7c1000c673fff0108f3c2dfbc0c67be77,third_party_video,,excluded
IMG_20251009_122638.jpg,train,480,640,2025-10-09T12:26:38,0.5kg:1;10kg:1;2.5kg:1;zacisk:1,aa8d5774c2f2746cb2f742f908c4aef7c208d26962bbf013c63465e81327b02a,825b80b679e05c2d62397a61ec27ea6362b36ca96af26a52481c7bec3c46cddd,,13,train
IMG_20251107_111833_jpg,train,640,640,2025-11-07T11:18:33,15kg:1;1kg:1;2.5kg:1;25kg:3;zacisk:1,4604e400a3f2cb39ebce7cf9e3eb63b503cffeb229fc27451873e150952f4ac2,ad77de739252653f9033253dc32d3c339539929e98d19ec9678fe00c643c0ce1,,21,train
IMG_20250908_112531_jpg,train,640,640,2025-09-08T11:25:31,15kg:1;2kg:1;zacisk:1,92db12c8055e6585d6c474298d661b08c31db5f92f19af1b619108d9dd2351f4,9c6c9b26cc73669933b6ccc9993467993267cccd939c64b38cc78e4c66313986,,9,val
IMG_20251106_130907_jpg,train,640,640,2025-11-06T13:09:07,0.5kg:1;15kg:1;2.5kg:1;25kg:1;zacisk:1,97e9b6ff61bcd519dfaaf885b7936ead09c8e751ce6bd9840e541178af3bac4e,e5519b299a6cf0c60a2e64e679a72d9c28ead361b559912de6c7e4724f1a2d8c,,14,train
IMG_20251106_134845_jpg,train,640,640,2025-11-06T13:48:45,0.5kg:1;10kg:1;2.5kg:1;25kg:1;zacisk:1,23fafba8623150662ec09f1c8c4ae1228681e9bf0ddbeb968ea295291d0a885b,f4aad95519a426d22311f6437ccb3faa83e8d12a55073d96abd48251ced13ebc,,16,train
IMG_20250501_190300.jpg,train,640,640,2025-05-01T19:03:00,2.5kg:1;25kg:1;2kg:1;5kg:1;zacisk:1,ffe890eca0c002aea1c0f2403e746515700aa61b987af24975e1385669524a7e,a32196d2cccc332739cce733f3331cc60f73c9ccb3670e72c989f12106fc06ba,,2,val
IMG_20251106_135017_jpg,train,640,640,2025-11-06T13:50:17,0.5kg:1;10kg:1;2.5kg:1;25kg:1;zacisk:1,0901ca714a1bc44cece93ffb94736d7acb985abd9b49a45ea0ff4417366134c9,9cf99ce1a39b330c8224f3327ce330cfb31d94617ce34ee3a19f60dd1d65b101,,16,train
IMG_20250908_113101_jpg,train,640,640,2025-09-08T11:31:01,0.5kg:1;15kg:1;2.5kg:1;zacisk:1,30059db639c64042147f23eceb4e7386fc24fc7905086f962088da5e30c736d0,ce699b2499b364993326ccdb986c679b3133cc49cecc31b36cc98e4c33993336,,9,val
IMG_20250501_183700.jpg,train,640,640,2025-05-01T18:37:00,1kg:1;2.5kg:1;25kg:1;zacisk:1,e699a7c9c7d317781c380d0162dabd5e7041357c690e109779707de40247d01a,81be80efc66190ff7c71dc362187d1cf3e98474d9ca2c17d163b6f41c12c883e,,1,train
IMG_20250929_125116_jpg,train,640,640,2025-09-29T12:51:16,2.5kg:1;25kg:1;zacisk:1,b707f1511dd81cc40d1529913a4fd39ff4bc7ac7c53ab8a63f8be0eabcb9f7a3,99319993ccb16647ce6132cd993366ccce646665998c6713ce668e649999cdb3,,11,train
IMG_20250501_190035.jpg,train,640,640,2025-05-01T19:00:35,25kg:1;2kg:1;5kg:1;zacisk:1,0e28e623f3d4063e020714f042542e5f2731683fd0fcd04743096a289d7cdabd,e135b25bceceb33658c6ac646319b38e1cd3a731ccccf1a60652461ef901f8a7,,2,val
IMG_20251107_111418_jpg,train,640,640,2025-11-07T11:14:18,15kg:1;2.5kg:1;25kg:3;2kg:1;zacisk:1,e3f37a6d0a6d7a691ffbf297b44e353206b56c19c4675391fc56b737cd7d5873,e72b9cc692d56719985e66e1a1e370ce5e60066be54dbc416e50de1ca04f1ef1,,21,train
IMG_20251107_111619_jpg,train,640,640,2025-11-07T11:16:19,15kg:1;2.5kg:1;25kg:3;2kg:1;zacisk:1,0977c4395c68c2602953f2611c9d28afc7260541b3eee34fa135b5a584185545,cc669cc633996b39a13c613d9dc13cc68c7fe6359ec69ac29878a91cab842fc2,,21,train
IMG_20251107_112325.jpg,train,480,640,2025-11-07T11:23:25,0.5kg:1;10kg:1;2.5kg:1;25kg:3;zacisk:1,f1a7d9559747d2adebcc5a484cb7bd77cf5f7b90017663ffaaa1c89523955a65,ad3bd0b0d2c42d6c2d2bd63734b419ccfa10e423ed693278d2d65bb0c33b65aa,,21,train
IMG_20251107_100028_jpg,train,640,640,2025-11-07T10:00:28,1.5kg:1;2.5kg:1;20kg:1;25kg:2;zacisk:1,d0ff5e0689a8b6ef9ddbae75e573ccda6053571da20807d29d672f3407518581,e731da5a9a8d350f19d0e2a1c53c35da2ea7d05be5b41bca26255050bec54fce,,17,train
IMG_20250501_190728_1.jpg,train,640,640,2025-05-01T19:07:28,2.5kg:1;25kg:1;2kg:1;5kg:1;zacisk:1,7a27a44a64418645bbf92fe9155fbb363ba248d715b72ea9fb93a25bd4f70730,84b6ec993c9930c83949c97ba53b999aaf491d8916ccb3669ce1973298fca7c2,,2,val
IMG_20251107_104636_jpg,train,640,640,2025-11-07T10:46:36,15kg:1;1kg:1;25kg:3;zacisk:1,8cb704357838a766af8754c076d59c56011596a82958684e0e959fdde527f6cf,f976c98746c33269a6c930d849b64dad936987db7836493635e4d5594e034a97,,19,train
ZE_210.png,train,640,562,,10kg:1;1kg:1;2.5kg:1;25kg:2;zacisk:1,d9aa5021a1f533a68c8ebb7e14ab8c418903f5572ccbfe592bacc26e64ce7af2,a4cd596c5b6ca692f196a4f384335b397699e4c6a493269b4e39669af082a4f3,third_party_video,,excluded
IMG_20250504_203416.jpg,train,480,640,2025-05-04T20:34:16,0.5kg:1;2.5kg:1;25kg:1;5kg:1;zacisk:1,f3f3e6058bbd6dde475881155d1117d0cd3c3a92c7ed9e39542786fae3345f67,8504a9241afb943336db1efb86633e791a99adda1e6281962fef3eef81146304,,8,test
IMG_20250501_190652.jpg,train,640,640,2025-05-01T19:06:52,2.5kg:1;25kg:1;2kg:1;5kg:1;zacisk:1,2a7efce4de2fff597773b73850a09bcece348a9830a14ddc5acd9563fdb11834,84b6fc993c9930c83949cd7ba73a9b88af491cc99666a3668ec3cbf60cdce4a0,,2,val
IMG_20250504_205136.jpg,train,480,640,2025-05-04T20:51:36,0.5kg:1;2.5kg:1;25kg:2;5kg:1;zacisk:1,007df722204fc27744f3de19ebfe57b3277590d0a2a37b035034f8f21464323c,8e92839191698f9b64e77bf0d8e874f803753a256689389c687c33650be76f0d,,8,test
IMG_20251106_130034_jpg,train,640,640,2025-11-06T13:00:34,0.5kg:1;15kg:1;2.5kg:1;25kg:1;zacisk:1,6d5d77db8c94e065f93d6db5c5b4c3d7277c30933b65ebe90d7a873a47a5d6a6,8d99d9692a6466b7f747e4521838408becd3c358198d3a6dec724b4f4f0fa4b2,,14,train
IMG_20251009_124404_jpg,train,640,640,2025-10-09T12:44:04,10kg:1;2.5kg:1;25kg:1;2kg:1;zacisk:1,0bd689bc9e2c0e1acde9a6ca0498d57a57ad4f1d9af12545f84c19c68df0d81e,96da9b699a4c3ce49369c68e924d3c7c9319669664c76dbc6c30969a619e3965,,13,train
IMG_20251107_115741_jpg,train,640,640,2025-11-07T11:57:41,25kg:4;2kg:1;5kg:1;zacisk:1,979d40620b748ecf73700afea0c42e395a7aef3e961964b6b6c6b41298a27974,f8fb8903c7a47c2c875f71c0968f61616934b692b4dbcd0de964961e91698f29,,22,train
IMG_20251107_095746_jpg,train,640,640,2025-11-07T09:57:46,1.5kg:1;2.5kg:1;20kg:1;25kg:2;zacisk:1,2968fa3c570968121ec1bc114dc1633e4f69f7491dfde456c880150dc67dc762,e1e6813e8d067bf4cc9b2147537cb4027b369e5920c58ebc7e2b8425853bee39,,17,train
IMG_20251107_120207_jpg,train,640,640,2025-11-07T12:02:07,1kg:1;25kg:4;5kg:1;zacisk:1,fb538367d4bb09bf571e7fb60bd870e3e9521523524751ff899e5c4282b9cd3d,f87f89c3c3a5385d895f71ec948f69e1492597f53c5a9f497940ce026b604b21,,22,train
IMG_20250504_205727.jpg,train,480,640,2025-05-04T20:57:27,10kg:1;2.5kg:1;25kg:2;2kg:1;zacisk:1,980712c0df4ceec93b8ba65ec81ba26e21717385acd7f5c5fcedc2752f9e7171,8c2a863893dc1ee26f183a0ac21f7b8787de76f09cfe6922918f67c5ae0a5872,,8,test
IMG_20250504_193903.jpg,train,480,640,2025-05-04T19:39:03,0.5kg:1;15kg:1;2.5kg:1;zacisk:1,f1d044bd698b9df7a35b9135521d1bdb9782134ea5546c46b5b7cbad02edc4ab,d57a9d620a642a33ae990ebc8e718cd92abc8e75d3333b4c0eaee4d9519c71a2,,7,test
IMG_20250504_203755.jpg,train,480,640,2025-05-04T20:37:55,1.5kg:1;2.5kg:1;20kg:1;25kg:1;zacisk:1,5d94f0d3a7642d38010cf142bb6fe4c88541bbabb38287163364d398ddc42265,a02da8499d92907634d31cf2a6773ef3199aad2676738b3d3fcc5d88812d624d,,8,test
IMG_20250501_191430.jpg,train,640,640,2025-05-01T19:14:30,2.5kg:1;20kg:1;25kg:1;2kg:1;zacisk:1,7a4b61612ad3e9767e43c37c092a587ed4ecb98b408e45e3db7c4242affa1664,a129edb23da770d058864370637fd1a7ea74499644b3aa796cd6633518393753,,2,val
IMG_20251009_121408_jpg,train,640,640,2025-10-09T12:14:08,0.5kg:1;10kg:1;2.5kg:1;zacisk:1,1b9b4f14a3ea010558875602824223b2b5905a3bfde0bf60217144c89b361f0e,cc669932399832cc9a66ccc96733669999cccccc664764dbcccd99accd983333,,12,val
IMG_20251106_134639_jpg,train,640,640,2025-11-06T13:46:39,10kg:1;2.5kg:1;25kg:1;2kg:1;zacisk:1,c66fa028472768c3d7f4a7b3d8d25d9638b7a146a7b1c98a7c4456c0bfb480e8,e000cefbcc39b3f3b436b3cca14df492bfcf9e2c43804c481fbd0f3660204ef9,,16,train
IMG_20250504_192455.jpg,train,640,640,2025-05-04T19:24:55,0.5kg:1;15kg:1;2.5kg:1;zacisk:1,9a940ac13b5cd558b3d1923223ddc14822cb8e0d83c73e25b5048d1cf5c4749d,d555d1551ae9a1162bbbcc6de5563b98ccb2e5337341a4cc2aaae532954d1ac9,,6,test
IMG_20251107_113152_jpg,train,640,640,2025-11-07T11:31:52,1.5kg:1;10kg:1;2.5kg:1;25kg:3;zacisk:1,fc7cba103b8adbbe2babf8f071859dbb94ee0ba915c322513ed40ee0dbf931cc,a5e7ded21718253cf0c525a6c34a1e5a984bd0874ded2f79ad3cb006d3d21f4a,,21,train
IMG_20251106_140650_jpg,train,640,640,2025-11-06T14:06:50,15kg:1;2.5kg:1;2kg:1;zacisk:1,ba414c85304a19941aae5d220b2cd8a451e55e6a9d12fc156d5d28730cfba11b,ae630c62787a7338fbda9b93ab9624c6acd5ec53164e506e9432a5392f236586,,16,train
IMG_20250908_111456_jpg,train,640,640,2025-09-08T11:14:56,15kg:1;1kg:1;2.5kg:1;zacisk:1,801bc036f810d81e8b5cf5b2b07f87b3677c23395bc9f5b442b5d8a89822b457,ce699b64993166993326ccd39b2c619b99b3cec9738c64b3cc63930c73993866,,9,val
IMG_20250501_191429.jpg,train,640,640,2025-05-01T19:14:29,2.5kg:1;20kg:1;25kg:1;2kg:1;zacisk:1,49840382c69216b430ea75c1924d969ccd419c9f5e542ab28574bc317a811eaf,a129edb23da670d058845370637ed1e7ea74499645b3e2796cd663351839365b,,2,val
ZE_94.png,train,640,476,,15kg:1;2.5kg:1;25kg:1;zacisk:1,d5c703c95ae4ff758c9920a92b4014868010781c281d091afa2cbef9890d83fa,dd64fb765ab137ad1bbb825860fc80e5f89bd8c30c170636e369f349106630ec,third_party_video,,excluded
IMG_20250501_191218.jpg,train,640,640,2025-05-01T19:12:18,1.5kg:1;20kg:1;25kg:1;zacisk:1,d9538e57ba002d711fb5f2acf4b40b7565655abe4dbac5bd6daa0f200405a563,a16aed767da670955294534562e4c364ca74db355dbee271e8b4663418783457,,2,val
ZE_140.png,train,640,493,,2.5kg:1;20kg:1;25kg:1;zacisk:1,ec859ec3eec4b9135c18714544c9b5d3f39e37032ce14bd458a884a2b29900a7,d7330cc6b18cf33182c691994c6fccc6f333ccce2d39f338f3301a3b0cceccc4,third_party_video,,excluded
IMG_20250504_194519.jpg,train,480,640,2025-05-04T19:45:19,10kg:1;1kg:1;2.5kg:1;25kg:1;zacisk:1,91d36b69b41158939fbfbe1bfe89ec04cb703881c283008fe4cc240f648d909f,806d9c929996846dab69996b3ec889d716b28b6d77eaabb9a5885013817f7698,,7,test
IMG_20251107_100527.jpg,train,480,640,2025-11-07T10:05:27,0.5kg:1;2.5kg:1;20kg:1;25kg:2;zacisk:1,6cc25c6b6bf0481b4ff7afd45bef22bc939d386e33e62d32908b1278947213dd,d9908db187e0ceccfd1f6623236eb9983d994f01b664a47c0f93cf03be0644ce,,17,train
IMG_20251107_113034_jpg,train,640,640,2025-11-07T11:30:34,0.5kg:1;10kg:1;2.5kg:1;25kg:3;zacisk:1,c31843e39bea16d3daa38f2e2d753f593e3f6716c15dc01c597f5ec9e8ff31d9,e3ad9ec79e526f19c30d43871ac31c520f60a38fa787bef1b4b0819ca18e3cf2,,21,train
IMG_20250501_191217.jpg,train,640,640,2025-05-01T19:12:17,1.5kg:1;2.5kg:1;20kg:1;25kg:1;zacisk:1,69a0809ffb68b1213162dbc38b4d8ae1f6d90b908cde4a5307ae8b67d07321f5,a129ed3a7da77090528453706277dbe7ca7449b65db6a27168d662349879345b,,2,val
ZE_105.png,train,640,576,,25kg:2;5kg:1;zacisk:1,3256eb2789b6d3e40af272c4ecff7d8f94967239851a7279c97865e056df7a45,a6ce5b2ea06ea4cf9a8a98e0f1479226aaa8e4ccd1b72eab892554a55bb4bd39,third_party_video,,excluded
IMG_20250929_121744_jpg,train,640,640,2025-09-29T12:17:44,20kg:1;2kg:1;zacisk:1,ceb4823023ee11855c21eb473bcaa37cf307cd1b9e7ce7ed3d892e4227b13240,cc649b36cc7366991993cccd99316699cce6664c333c64e66cce9b2466633393,,10,train
ZE_39.png,train,640,352,,15kg:1;2.5kg:1;25kg:2;zacisk:1,68a3a69990e491c5f481bb90d0b3dcfc2f5089f88716b1735ce03b6c79d0de4b,a664f62e5d9b1cab12d54999b1899f6a8fb250d5704cac2b872a23d479f5542b,third_party_video,,excluded
IMG_20251107_120427.jpg,train,480,640,2025-11-07T12:04:27,1kg:1;25kg:4;5kg:1;zacisk:1,c6716f6e5a64b69728d6d65bec2a8a0f34599c6d2790801ebb547755c1963e0b,ad31d0e1d6d82d6ccd6fd6b77181da4aa6d2477a528814a4ed2b86fb56d61a08,,22,train
IMG_20251107_104539_jpg,train,640,640,2025-11-07T10:45:39,15kg:1;1kg:1;25kg:3;zacisk:1,dda7e10a0bf5ae5e218a84b88e89ea6c63a0fce6f71c6dcc077fbfc6768e44d2,a73b96d210d6a138b8fc81aca5edfd706670a7352fa11dc2c58cd0151ae36fc3,,19,train
IMG_20250501_190839.jpg,train,640,640,2025-05-01T19:08:39,1kg:1;2.5kg:1;25kg:1;5kg:1;zacisk:1,eb6597df35aa5ca6f04de57540c48551cff36004ed4e1342686cf807a991627c,84b4ec993c913aca7bc8597ae13bc993ab5a199956c9b36eb4095713982cb7c1,,2,val
IMG_20250504_203210_1.jpg,train,480,640,2025-05-04T20:32:10,10kg:1;1kg:1;2.5kg:1;25kg:1;zacisk:1,945e0391170f8d94476772391a2c817db5fb170165487a676b5f266422e8be20,c514bef48cb9921ab7559cd11e6995581acda5121635091ca5f73befc51072f6,,8,test
IMG_20250504_211340.jpg,train,480,640,2025-05-04T21:13:40,0.5kg:1,aa8b8827e749d18a9718cbc78d2780bbf59e253213d745ac8968039421e37faa,95da94f1b235332e832e92b5edd6be853a407a49549d6c1b8c95df4873e47142,,8,test
IMG_20250929_121358_jpg,train,640,640,2025-09-29T12:13:58,20kg:1;zacisk:1,74ee67b2bf17cea8b81e983d0b120e923f5fbc6b597aaf3c0d40554ec4e5fd91,cc669933ccd366cc9999cccc99b366c99cc66664333366ceccce8b2266633199,,10,train
IMG_20250501_185659.jpg,train,640,640,2025-05-01T18:56:59,1.5kg:1;10kg:1;2.5kg:1;25kg:1;zacisk:1,9ab427507fc2dcdebfb6b39381ad474928137258cfe13fadebf59890dd88f8da,e125b33accdace6130c2ddec2318e33932127eb3373dc88cb16ccc931e7e4c1b,,2,val
IMG_20250504_203227.jpg,train,480,640,2025-05-04T20:32:27,0.5kg:1;10kg:1;2.5kg:1;25kg:1;zacisk:1,a9652ee5de0d86a9a25467f84361efc5cbfe87074124934e552102eb2502eb3d,c516baed9cbb9632b75d9c9c1e6b95501ac9a51216710915a5e73feec51022f4,,8,test
IMG_20251106_131333_jpg,train,640,640,2025-11-06T13:13:33,1.5kg:1;15kg:1;2.5kg:1;25kg:1;zacisk:1,201c38437fecc7aa021766c661313d7355a7c324e256bf37dab8c5b86ff694f4,d12ac2aa6cdb7dcd3a6839951aa7792aa92d9a261d2913bdb9d5a2495a585a5a,,14,train
IMG_20250504_193945.jpg,train,480,640,2025-05-04T19:39:45,0.5kg:1;15kg:1;2.5kg:1;zacisk:1,212df2902a06cfb8da52b563c80a7e1cc6f6cc6c4d61b68b49ef68e4bb788ae8,d4a99d3a0b76ae9daecc0edec63d2f470b4686181b1291e72073665ed4e871b1,,7,test
IMG_20251107_120550.jpg,train,480,640,2025-11-07T12:05:50,25kg:4;2kg:1;5kg:1;zacisk:1,f10beb9670f0e64c05647e03d95790e07c941ace59935f2f58fa166c630758c3,fb66c59187d93064da36cb8b2c99c684b3665a698d994d9396d4b36939364d92,,22,train
IMG_20251106_140836.jpg,train,480,640,2025-11-06T14:08:36,15kg:1;1kg:1;2.5kg:1;zacisk:1,43e0986d70c23ebe3da8c47451e966581d752cfdf377f39bedeab0a58fb59031,e3fcd01f9e806378f73f8eff44a723742f007c10708244f7883f0b184e58f96d,,16,train
IMG_20251107_112901_jpg,train,640,640,2025-11-07T11:29:01,1.5kg:1;10kg:1;2.5kg:1;25kg:3;zacisk:1,6ffda8ca8451dd4650de269d65a514265b270b697a799519cdef511c03269340,f0f38bb48f0630689659a4538c32e907c974b25ab0dacf34cbb69c69b7c93a9c,,21,train
IMG_20251106_134608_jpg,train,640,640,2025-11-06T13:46:08,10kg:1;2.5kg:1;25kg:1;2kg:1;zacisk:1,6ab3ffa2dce62bd5c8719203a59b3021bb290129c4564053d5e633e137860800,d6abd229a44c64cee755e4c846546855e55549151a29919c35d4f6eb1ba9b7ae,,16,train
IMG_20250908_112633_jpg,train,640,640,2025-09-08T11:26:33,1.5kg:1;15kg:1;zacisk:1,fa6a4fd8c9ae724976ccf883a9b0d850c0f9e96943a20e9a0d6b029700c54547,cc659b26ccf366993336ccc99936679b1266cccd931867b38cc49a4c673119b6,,9,val
IMG_20250504_204322.jpg,train,480,640,2025-05-04T20:43:22,1.5kg:1;2.5kg:1;20kg:1;25kg:2;zacisk:1,2d9242f9368869af43fe5823e705942242c3c27475d1d3e2d200566d430db120,86d6a3f0992903c026d63af5fbffbcee51bd0b006aa066c4983e713d825d1fa1,,8,test
IMG_20250929_120339.jpg,train,480,640,2025-09-29T12:03:39,0.5kg:1;2.5kg:1;20kg:1;zacisk:1,f95028cec90208a05e69661f47dee46a1a89bb81e805f3c14a9261624c5dc839,874993e7cfa7cd9549c7cbb6e5228e837d08eae07622b648b2d432246469e4f9,,10,train
IMG_20251009_133040_jpg,train,640,640,2025-10-09T13:30:40,10kg:1;1kg:1;2.5kg:1;25kg:1;zacisk:1,98122b2a366c46e75ee15fc8a354dffdd03b2347d7b2b43ed3c8017b5ab45140,965b9b699a4c24e49369c6ce926d3c65930d669264c36d8c663c969b699f392d,,13,train
IMG_20251107_115855_jpg,train,640,640,2025-11-07T11:58:55,25kg:4;2kg:1;5kg:1;zacisk:1,644e353e00eabd5b1d2a36f57eb0fe0cd125fee00f761941336eb418449e6408,f87b8103c7a43c0c8f5f71d0969f69e14834b692b45acb6db8f4961ab9698f14,,22,train
ZE_129.png,train,640,608,,1.5kg:1;25kg:3;5kg:1;zacisk:1,9d424ee2a09887d1c3727507a298a10fdd39599969305e7db7d1a47e3e1a62f3,a4735a4c198c66b3e4604d6916569995f98fd6784bb922d62194b51be63af8bc,third_party_video,,excluded
IMG_20251106_135013_jpg,train,640,640,2025-11-06T13:50:13,0.5kg:1;10kg:1;2.5kg:1;25kg:1;zacisk:1,25afeeac006c1638e3cb3a779abd5f289cda69d89ead04b075edbdf07b1ae797,99fd9eec719b318ca264f33a7d99e18cb10c8c005ef95ee3e197a28cb8657124,,16,train
IMG_20251107_115932_jpg,train,640,640,2025-11-07T11:59:32,25kg:4;2kg:1;5kg:1;zacisk:1,55e733cd8039f40d630d6d128f776e09056eecede4af30e173c52fd7a43da978,ad2ed54e96f129599a172895c3dd2e3c0b61a3874d0e1e3ac5a2d14a9c3a5f6b,,22,train
IMG_20250929_120607_jpg,train,640,640,2025-09-29T12:06:07,20kg:1;zacisk:1,1ca23ebb443a99315c4e5a55994de14abfdf09fba11d1224f511b989d19fd0b9,986699939999364c9867cce4999b3399cc6cc6666666338ee3319b3366663399,,10,train
IMG_20251107_111400_jpg,train,640,640,2025-11-07T11:14:00,15kg:1;1kg:1;2.5kg:1;25kg:3;zacisk:1,9353220570377f1f9a8582f2f1b4483c83580b464e72386fb166c57df1a9f947,b0fd8f8f874370f84fb67cafb6f87825326ca2c0653a8f0e2a0fca50850f170e,,21,train
IMG_20251106_140714_jpg,train,640,640,2025-11-06T14:07:14,15kg:1;2.5kg:1;2kg:1;zacisk:1,ef6f4ec82397d5ca34a0c2deddf5170bd7e70daa0f47aeaeae8a86aa8c6c8da8,f22af9a2f1d775cdf3cce0ced0e3239bc394cb2603320c130d8cdf24de381c93,,16,train
IMG_20251107_101022_jpg,train,640,640,2025-11-07T10:10:22,0.5kg:1;2.5kg:1;20kg:1;25kg:2;zacisk:1,f71d6bbeeb983a5eda98386459dd808fd6b45e413c3c12d3b89eebf7de6d96d8,a506986f9e7166b2ab8c66babaaf1a6bc61090c665de5d5514c1e1401bcf7b63,,17,train
ZE_89.png,train,640,499,,0.5kg:1;10kg:1;25kg:2;zacisk:1,6ef2de02474c8b1675a745469ddc6f53a9aee9e6864750673b08c67f10c2999a,b3334ccfccc4b332a33b0ccd4c1ccce7b363839e0c9c7965c8eab33aa79c0cc4,third_party_video,,excluded
IMG_20250929_121400_jpg,train,640,640,2025-09-29T12:14:00,20kg:1;zacisk:1,719df58e893c818efa23ccaf89224939beb41d91d566dcbe4ebfde1fd0b79708,cc669933ccc366c99999cccc99b366c998c66664333366ce999ace6466633399,,10,train
IMG_20251107_101851_jpg,train,640,640,2025-11-07T10:18:51,1kg:1;2.5kg:1;20kg:1;25kg:2;zacisk:1,a3d93487fe11a567f92c068a21d818c4156a4086c0e90fb3586a790ca59fe0cc,e53583e49a8e782db9556ea7cee52d55eca3e636245503d207f2a39493d4138a,,18,train
IMG_20251107_101042_jpg,train,640,640,2025-11-07T10:10:42,0.5kg:1;2.5kg:1;20kg:1;25kg:2;zacisk:1,9dfaae51b80e48cb78f307116966411c58cdb6ad931723ee31d5149c7c26ea43,a5c49acd9c7125f4c3cc66386e7dd556a4b498d61de7186d7071a8a71c1f241d,,17,train
IMG_20251107_100143_jpg,train,640,640,2025-11-07T10:01:43,1kg:1;2.5kg:1;20kg:1;25kg:2;zacisk:1,d7d940196f88e7eb605edd78b818601768ede56b5a8446c6a02a3e73a9cf7a70,e966f1aa9cc96acdb3256ed4ccd90ba888cc1335737292aa0acca579778b7198,,17,train
IMG_20251106_134507_jpg,train,640,640,2025-11-06T13:45:07,10kg:1;2.5kg:1;25kg:1;2kg:1;zacisk:1,5bab035a7ed2c19346902f7aad53e20982c3c447f6eda40200aed4accdc64041,f691ca5d9abe638a9927a5b5cb553c55ac92f35266d2152d682af1a4890d097d,,16,train
ZE_196.png,train,640,530,,1.5kg:1;25kg:2;5kg:1;zacisk:1,47c87fa5ca70bd4c4887b7d5028371a140621cff98d4526552a569d5786e448c,a4cb87c11b31e4affe18f9004067d95e653cdc76f0ff46958e851daf87362300,third_party_video,,excluded
IMG_20250504_210734.jpg,train,480,640,2025-05-04T21:07:34,2.5kg:1;25kg:2;2kg:1;5kg:1;zacisk:1,81441c38078e55d3bab507cd3940900050c252e1b70a556ab4f0ea24975af5ef,94a59b899b583cf7ac669c63d4ad99493d946f16663162a04128613e5f7e5ea5,,8,test
IMG_20250929_123556.jpg,train,480,640,2025-09-29T12:35:56,2.5kg:1;20kg:1;2kg:1;zacisk:1,5607f8da4fc8d51cf0eadac55ea6c033535685eda8619d99e8c97f5bc61d9090,8f5533aad4ae847561cab0dd26e387059aa28f34694ad8f44887dafb9695a636,,11,train
IMG_20251107_111508_jpg,train,640,640,2025-11-07T11:15:08,15kg:1;1kg:1;2.5kg:1;25kg:3;zacisk:1,48bc0c16ebd3135823182a2c3d30bd5a15ac5dbf7db6eab13d51910b6ade2cbd,f0328ba6cf0d7078879b34bb9670734fd97c319219b24b0dced7855a258c6ab4,,21,train
IMG_20251107_095456_jpg,train,640,640,2025-11-07T09:54:56,0.5kg:1;2.5kg:1;20kg:1;25kg:2;zacisk:1,1ede680b983eb406b4f388ad8779b5dd600dea31a6752eb11edb9a158dcfe282,fc6c4f974f93747dc7ad32644012050b1769cf9778344d07aa41a4d8d6973765,,17,train
IMG_20251107_104458.jpg,train,480,640,2025-11-07T10:44:58,15kg:1;25kg:3;2kg:1;zacisk:1,8a5561b8c279aa63eca84184cc331d70a9be1a04ffcec54569cab2773d70363d,fc00fc024060c3ffcbff9d99b90922206222c6761bbabb9bcabf46d6661255ba,,19,train
IMG_20251107_120156.jpg,train,480,640,2025-11-07T12:01:56,1kg:1;25kg:4;5kg:1;zacisk:1,3b3f9634dd47343060eff574abc5ef69b7977b24cc5ee551ba1d3a9e1525160d,e18e8d0a8d30605220c7e0d8f3fcb1e18db57f20a3c983ef49ffa3c3961b6f18,,22,train
IMG_20250908_105924_jpg,train,640,640,2025-09-08T10:59:24,0.5kg:1;15kg:1;2.5kg:1;zacisk:1,e3295a03e4444ecf594d4f86e2e10bcd0cc47d963122e3ab4c0f13e27af426e2,ce699b2499b364d93326cccb9b66319b9933c6d9c6cc649264e3ce1963996c26,,9,val
ZE_27.png,train,640,557,,2.5kg:1;25kg:2;zacisk:1,f8013b3b35798b7c7aacbd4ba30c81cb69c5874f2e8d342d087e0a9e5ae15903,a76dae85599aa894176f3abfe8687064f913f13b6ee48fe03224e44a53348dc2,third_party_video,,excluded
IMG_20251009_133641_jpg,train,640,640,2025-10-09T13:36:41,10kg:1;25kg:1;zacisk:1,92dec0b22ca08dbd736521795f54dd4aa6db2b71cf42e64fe0e70060102fbfde,ce6199b499376653999c666999326796998e6669669964d366639b6c33981996,,13,train
IMG_20250504_204553_BURST007.jpg,train,480,640,2025-05-04T20:45:53,0.5kg:1;2.5kg:1;20kg:1;25kg:2;zacisk:1,18057b9b6de1449e98b2e832ba7c2997a1b493d382e129badc61803f6b82a24e,8489cc199add3fef67fe9a00e320aba48aae7a6f9873706393710e62ae953a18,,8,test
IMG_20251106_130332_jpg,train,640,640,2025-11-06T13:03:32,1.5kg:1;15kg:1;2.5kg:1;25kg:1;zacisk:1,31f1f1996ccfc46193dafa7d68a71ac3ab612fbe90fe7e09ce412a859dac0fbe,8cccae5c633622c4a26633144edd3bb799b70eb54e490c3121b770a45e391fbf,,14,train
ZE_168.png,train,640,513,,15kg:1;2.5kg:1;25kg:1;zacisk:1,95e09e2aae94ac14613f96da5d11f6468a08631b9fb40c21e71e28f369a2678b,865961afd1240a78f1a61b300e9be4c9ae2454f27b23d5aeaad9fd41e78f5c60,third_party_video,,excluded
IMG_20251106_131218_jpg,train,640,640,2025-11-06T13:12:18,0.5kg:1;15kg:1;2.5kg:1;25kg:1;zacisk:1,3d106ee457922e8ddea142707d0a662a7e306a5db1393329f6d48d3496a6eaf9,b5d3e39cdb6d3cf71b3e4009b4d36ece6aac8551b5571108100dde67cedce100,,14,train
IMG_20251107_104818_jpg,train,640,640,2025-11-07T10:48:18,15kg:1;25kg:3;2kg:1;zacisk:1,41cbbd43e15bef76f7be1e4ff6cd037e1aa05a074d2789952a1827a36327ea01,a4359e7b13c663ac282c65ae5f571252941490f36f5b0e6ba029d09e5af21f5f,,19,train
IMG_20251106_140301_jpg,train,640,640,2025-11-06T14:03:01,15kg:1;1kg:1;2.5kg:1;zacisk:1,56e9b42f78e6abbfef1dd0d3be05f37012f1fe3dfbf9ee6dfcbd8ad14997d90c,dc66cce6311c339df3339b3048c4666ef4848d334cc76ce6f64c9339199b69c4,,16,train
IMG_20251106_130638_jpg,train,640,640,2025-11-06T13:06:38,1.5kg:1;15kg:1;2.5kg:1;25kg:1;zacisk:1,8858dc376aa92684c3d2a9e378ec10342aca0cf9dc95d41444883e2767cfff7c,f84cc1c77f333ff8027fb0070f800c3e9987f3f49cef0c48f9e0a11700777e28,,14,train
IMG_20251106_141126_jpg,train,640,640,2025-11-06T14:11:26,15kg:1;2.5kg:1;2kg:1;zacisk:1,44f4f3c27999170dd44abf9d20e6e4d7444622f323d1228f4e4f2d466f646eb6,f2399e2598e488cd4cc3d99e9e73263387148f184f99fcc4f344b394b37348e2,,16,train
IMG_20250501_190350.jpg,train,640,640,2025-05-01T19:03:50,0.5kg:1;2.5kg:1;25kg:1;5kg:1;zacisk:1,75963c9282e571d7659d02f1f4b0da896671455a3a729579110c2c9ad44591cf,e6d5916a992e26d37326cccde4d93b3218c1d266a4733d9a5865e275b9323d48,,2,val
IMG_20250504_204522.jpg,train,480,640,2025-05-04T20:45:22,2.5kg:1;20kg:1;25kg:2;2kg:1;zacisk:1,a433013c95fab416c2ec7bba41427b248bebcdc24f4bb963524be17459b0b28b,89bf81a6b9a07f306e059c6fc25f9c1a1c5b76f991c961b9868d4f8d8c0a38e5,,8,test
IMG_20251107_113942_jpg,train,640,640,2025-11-07T11:39:42,0.5kg:1;10kg:1;2.5kg:1;25kg:3;zacisk:1,db130060a2dd62c7c3fac68490e6d7b922a336f4fe59bcce5f14eb25c2167e7c,e32993c092d6652999ac4737ad471ad64ef1e80cec6cd8605a52d84eec4ebd75,,21,train
IMG_20251107_102014_jpg,train,640,640,2025-11-07T10:20:14,1kg:1;2.5kg:1;20kg:1;25kg:2;zacisk:1,65ab10748ef344c3293cf43d5692cff916c7c235ab5026fa9f0b39eec2da2375,f86bcd894c9f72fcb364337648b24c998d4d93cf4ad368321765956c42904a9f,,18,train
IMG_20251106_135430.jpg,train,480,640,2025-11-06T13:54:30,0.5kg:1;10kg:1;2.5kg:1;25kg:1;zacisk:1,5b7cf70bdeb038b6c8ad4a9c5569548483aaf0c15c3aa170332dd37476a8db3c,a619461da43c6672b4b059c83cb24563a6d5a264aaf6499b35bb956b93d56bcc,,16,train
IMG_20251106_131311_jpg,train,640,640,2025-11-06T13:13:11,0.5kg:1;15kg:1;2.5kg:1;25kg:1;zacisk:1,669fe908e207efa1b5d26ef53e83b89ce18f1565b82351ebf8841372b5fc915a,e0e5be003f37706fb336d18d6cd064da949eaf9a68f94cf99414c32a42e87919,,14,train
ZE_31.png,train,640,508,,2.5kg:1;25kg:2;5kg:1;zacisk:1,6c856aaa4c91cc6be85031a4aba5844826b6f4173c87b5fd913007b9e73dff0c,aecb9b269b24aed90706178b66893f041d958dcfaf66363013215f2cadce8dd8,third_party_video,,excluded
IMG_20251106_133042_jpg,train,640,640,2025-11-06T13:30:42,0.5kg:1;10kg:1;2.5kg:1;25kg:1;zacisk:1,8fcd4baf71fa40a2e61514459ca237fd934a4af3e010fd682dbd7d6330369218,e1e1bc2071ff25bd122f132f2c8b6cbe851ebbca1f071ed7869296c20e037a61,,15,train
ZE_7.png,train,640,362,,15kg:1;25kg:1;zacisk:1,df72c4b7fdf8014ecf38a35813b76e1044b0de0cff5f5e762b7dfbe8def5b8a0,c03419bba64d140b80cf83849bb380f5c1ba3f7c847f247f990bc605dff303fd,third_party_video,,excluded
IMG_20250501_183701.jpg,train,640,640,2025-05-01T18:37:01,1kg:1;2.5kg:1;25kg:1;zacisk:1,6f161a00ecf43fbf7221bb097aeb2ea2c126617869e2fefa4899435a2a8d7021,8196806fc76190fb7e71dc3221c7d1e33e886745bea28177d2392f41e50ea8be,,1,train
ZE_90.png,train,640,549,,10kg:1;1kg:1;2.5kg:1;25kg:2;zacisk:1,75738aecbd8f5f1885b57cbd707019c6514c982cc5092815c2f1ae5963c9a9be,85ab81abd9b42d45c5e5328df95f531faa942656d46279b08754cce2aba95097,third_party_video,,excluded
ZE_87.png,train,640,531,,2.5kg:1;25kg:2;2kg:1;5kg:1;zacisk:1,bc2ce4cf01815cb23d790694726fc533cf4c6c79af26b72371bc185f2ae0b024,a666db4759996b6c7145299996682521d993b7c88fa5da157a4edb254664666a,third_party_video,,excluded
ZE_142.png,train,640,534,,0.5kg:1;2.5kg:1;25kg:1;zacisk:1,92d4c5307baf85c77d2136752216eea046b3c9aeb5bebd75d170f11f4ebc0958,ac9b5b655b65a493c36c499e14936364e59c818e9b6d5a6d5367a497a4da48d8,third_party_video,,excluded
IMG_20251106_131537_jpg,train,640,640,2025-11-06T13:15:37,1.5kg:1;15kg:1;2.5kg:1;25kg:1;zacisk:1,ef5288151bf5c8dcf40723c2f77483350cfd3d96186c12fd598edfa5786dc6cc,a1c0940eca09e888c6aa43ef9d74b75579d94bea93a64c786b49f2a7e4ab45ca,,14,train
IMG_20251107_111420_jpg,train,640,640,2025-11-07T11:14:20,15kg:1;2.5kg:1;25kg:3;2kg:1;zacisk:1,7ed26e529ec1ab2aea36d9d11caf9b834185661415fb3026e48561522bbc0b80,e76b9ce690956b19989c4721a1eb608e5ef0449f654fbc412ef1de1ca01f1cf1,,21,train
IMG_20251106_140803.jpg,train,480,640,2025-11-06T14:08:03,15kg:1;1kg:1;2.5kg:1;zacisk:1,d8a527c533d19af22477eede420aa3f7a50562b47710f0ffea8fa64a81c37b4e,c7c0807e181f6331f23f988e781f3f83903dd323f3a40e87786e3f073919fb01,,16,train
IMG_20251107_113150_jpg,train,640,640,2025-11-07T11:31:50,1.5kg:1;10kg:1;2.5kg:1;25kg:3;zacisk:1,1bdaa8fa38ddd6c83d3982c1d08b78305a79dcd6cd1065cc4752a83a7a9e6763,a5c7de519714653df1c56587c35e3c78986192877fe32e696d38f0a612e20b0a,,21,train
IMG_20251107_113730_jpg,train,640,640,2025-11-07T11:37:30,0.5kg:1;10kg:1;2.5kg:1;25kg:3;zacisk:1,0fa0947f159c5150ed68e4aa8beb0c89826153caf10c47aded490550f0e95c4f,e6239cea198c73b9818c6735bd473c649a78e6d6b9c79c42aa30a98eab571b50,,21,train
IMG_20250929_120653_jpg,train,640,640,2025-09-29T12:06:53,1kg:1;20kg:1;zacisk:1,5b9aebdf75c5cfe244ce5e844aec6fdd0d0e6c83940670f2016a3df90d4be025,996499b2993332cd9964cccd99b3339bccccc664666e31c6c6719b3466663333,,10,train
IMG_20251009_133723_jpg,train,640,640,2025-10-09T13:37:23,10kg:1;25kg:1;2kg:1;zacisk:1,c3be722a645345bb01d3a32299e98c294900a654635966b5d9000f49634e282a,ce6d993cce7166ca999ce663992665969b31664b66c964d366cf930c663019a6,,13,train
IMG_20251107_105936_jpg,train,640,640,2025-11-07T10:59:36,15kg:1;2.5kg:1;25kg:3;2kg:1;zacisk:1,4801308f4a0d5ded63c58b0d8eb868b43918fb43793d88970ab5e3165938a963,a433b4756388225c986e659d4f535576851c02c73cf39af9a18fc18f5ef41e58,,20,train
IMG_20251106_135412_jpg,train,640,640,2025-11-06T13:54:12,0.5kg:1;10kg:1;2.5kg:1;25kg:1;zacisk:1,3b112e7c2e9329c60d7e122aacdeff8f6139ed77e768bda3dd4001c904cead36,fed8cc6138b33398b06633314cf372e4b9c98c710e674ce369f9a19a839c49cb,,16,train
IMG_20250929_115531_jpg,train,640,640,2025-09-29T11:55:31,2.5kg:1;20kg:1;zacisk:1,722572b1180ab79a817dfc3c65260ec5f0869de2464d8a8ee6bec28eecd95fe2,9a6c9b26991966cd9e64cc3931b664b2c65964cc64d3319dce6c9a6c6ccf3163,,10,train
IMG_20251107_112907_jpg,train,640,640,2025-11-07T11:29:07,1.5kg:1;10kg:1;2.5kg:1;25kg:3;zacisk:1,836177faac9db73e901b6d79682f8165b1f4991f3e77f4a1459afd4673f120d7,f0f08bb68f0730698699b4138e3ae92fc96cb5cbb09acb34cab78569b1895a9c,,21,train
IMG_20250929_120116_jpg,train,640,640,2025-09-29T12:01:16,1.5kg:1;2.5kg:1;20kg:1;zacisk:1,039ee591511ea55f609706c9271347f357468177b9bc068dd8accaff09f8d4c0,ce699b6599cf26c98e6cce39312665a6c4d96ccd66f133398ccc9a4c30d93866,,10,train
IMG_20250504_193958.jpg,train,480,640,2025-05-04T19:39:58,1.5kg:1;15kg:1;2.5kg:1;zacisk:1,1663f5245cea108defd277850214b8017f4a12917f33e2277c45b13cd0683ced,d4a99d3a0b36ae1daecd0eddd63d1b070b4686580b1795c629372956d4e971b1,,7,test
IMG_20250504_205959.jpg,train,480,640,2025-05-04T20:59:59,15kg:1;1kg:1;2.5kg:1;25kg:2;zacisk:1,ddc74e87284206a223287ac55569c5a766cf1070d0407c83ab0a9cd48cdbf2e3,8c2b8638b2941eba6f083a8ae207bb9707c672f89cba693b93c363c62f88787b,,8,test
IMG_20251107_100313_jpg,train,640,640,2025-11-07T10:03:13,1kg:1;2.5kg:1;20kg:1;25kg:2;zacisk:1,f336284bc618802c95864ecbe99e49b25aec4bdc16020bcd3ed836878790956c,c430d1fc9bde6b741858e4230529b2bd4af7cb5a255019cba58f25b952f12f17,,17,train
IMG_20251107_120250_jpg,train,640,640,2025-11-07T12:02:50,25kg:4;2kg:1;5kg:1;zacisk:1,55357facb0c6af644ee911d2ce8a27b4eda878d14a256420d85234bfd4a6a090,e31892d29ad7614c9c3e47e7a163ec5c52da50e3525c8a5062f3f0ada52dbde1,,22,train
IMG_20251107_113026_jpg,train,640,640,2025-11-07T11:30:26,0.5kg:1;10kg:1;2.5kg:1;25kg:3;zacisk:1,4f202c714c630f504c88bef02b2475b47ac3ccb67e486bd95dd3ac42022fb858,e7299ec69a566f19831c46ae1e8718cc2d65a72de72dfca1a4e1919ca1cc38e3,,21,train
IMG_20250501_191301.jpg,train,640,640,2025-05-01T19:13:01,0.5kg:1;2.5kg:1;20kg:1;25kg:1;zacisk:1,6c8095cc320a5a3db618021df457938524792a3eb707cba3892cb533d8581b3e,a16aed363da6709452945265e377c32cca7459b755b6f27160944265187b3797,,2,val
IMG_20251107_113430.jpg,train,480,640,2025-11-07T11:34:30,0.5kg:1;10kg:1;2.5kg:1;25kg:3;zacisk:1,ac0b313d39d7b50c17afd6853378d47ddfd8eb755db38abe8a54791f01b3e56a,dd9dc450e6333b9bc84c645c3317db6239ba468e84ccd373973260bc123bdac3,,21,train
IMG_20251107_113708_jpg,train,640,640,2025-11-07T11:37:08,1.5kg:1;10kg:1;2.5kg:1;25kg:3;zacisk:1,bffa30bef0451d24a4f3afaf88509ff1e34de3692f885d87d1b6d2e6ed12496e,f0e98b0f8f0732358fb66db796d94a475a4df6c9a4b4ecb468e590c941cd0c84,,21,train
IMG_20251009_122631.jpg,train,480,640,2025-10-09T12:26:31,0.5kg:1;10kg:1;2.5kg:1;zacisk:1,2257aa70d857cb21d354fffed363b1aec0657bb59a5a0a7e0ef0e1d0919eb1fb,85ab8fdb7a14d38405df74bd29d1c99d64db61542b55cdb901dbc9dd64184198,,13,train
IMG_20251107_113258_jpg,train,640,640,2025-11-07T11:32:58,1.5kg:1;10kg:1;2.5kg:1;25kg:3;zacisk:1,717a0dd05db63453ff4c59ea6cce7046f51dd60baf30427e87773180106d2935,a4a5d2d59210652cdaef34e7c32a34aa8daaa4cb2cea1e6aa71aa96fac5a0f4e,,21,train
IMG_20250504_203608.jpg,train,480,640,2025-05-04T20:36:08,0.5kg:1;2.5kg:1;20kg:1;25kg:1;zacisk:1,b1bc9ea35747f51d16823730bd7818cf9ef0358dbcf87157dfa3991b48836043,a105a86d9cba943236db1efba67336fa189aa534167989143fff0eeb8104634d,,8,test
IMG_20251107_105959_jpg,train,640,640,2025-11-07T10:59:59,15kg:1;2.5kg:1;25kg:3;2kg:1;zacisk:1,ef95739aaa67b501e826ca4edc8d7076d18617abd8b5522c4de5139331b7d987,ac171ed3539865099ace23a86ec32d60e53cd4d63d539e72a10cd3570fd329f8,,20,train
IMG_20251106_140332_jpg,train,640,640,2025-11-06T14:03:32,0.5kg:1;15kg:1;2.5kg:1;zacisk:1,919a95a71695e4259ca631f3a8aa939b86c0b5ba490a416b733a89b6ef5f5ae9,e3718e671cc8318f9218a3b08d9e76e99c67993367736ce69b8c9339c31c40ce,,16,train
IMG_20250929_123838.jpg,train,480,640,2025-09-29T12:38:38,1kg:1;2.5kg:1;20kg:1;zacisk:1,0b7dc768de791f87b3d743fa9cf0566ed2e1667e224923c857e1fc1be702ced9,850a3aa5daf2673a31e5986226f493d08afdc70a6dad5c536af19a4fba42a42b,,11,train
IMG_20250929_121149.jpg,train,480,640,2025-09-29T12:11:49,0.5kg:1;20kg:1;zacisk:1,62a9e269116e9bb1f933d9355d8115c53672f3f6e0e04fcb7751ee8c478663d6,956492f3cfa3cf584dabc9d374a5a6413d0e7a70323432249a7a3812273766bf,,10,train
IMG_20250501_190501.jpg,train,640,640,2025-05-01T19:05:01,2.5kg:1;25kg:1;2kg:1;5kg:1;zacisk:1,482df97725b9e49d901b160baa3b6ac982560ff01d42295e4a15b1e1a81c9d7c,a36b9492cc9833663989c673e636399c0e77c919b38c0e660ddbf30b94cd0eb6,,2,val
IMG_20250501_191311.jpg,train,640,640,2025-05-01T19:13:11,0.5kg:1;2.5kg:1;20kg:1;25kg:1;zacisk:1,6ed5b44a7603445720bfcd2f7b0c1deaf29cd9a52bf6f98eb8834b960ecb20c9,a16bed323da67090529452716377c32cca7459b655b6f27168964275187b3797,,2,val
IMG_20251106_140315_jpg,train,640,640,2025-11-06T14:03:15,15kg:1;1kg:1;2.5kg:1;zacisk:1,0fe83e59fb72719046cce3127a1a6faa9295f01cbfb24a7ab58b4267d864a642,d52ad5abe64c267936666cee09526319d72b946693c573bbc774c324d0e8c093,,16,train
ZE_131.png,train,640,592,,10kg:1;25kg:3;zacisk:1,945eb87beb55aaed51f559f95bd0030cd8f98936bb3d8981dcdf75704800dde3,a4b0531b1bdba4cce0b092981d9c919be5da4ef884b9a7afc531d2d9da2b23c9,third_party_video,,excluded
IMG_20251107_113932_jpg,train,640,640,2025-11-07T11:39:32,0.5kg:1;10kg:1;2.5kg:1;25kg:3;zacisk:1,cf0b43aaf1ca5ad1d7667c070fcbad292f7dd48d2eaf2f4b31729732015c7b87,e73996f59ad7615c985e6235a02550d65130e185e38551a352b39b8ead6e3d7a,,21,train
IMG_20250504_195023_1.jpg,train,480,640,2025-05-04T19:50:23,10kg:1;1kg:1;2.5kg:1;zacisk:1,3e8c0e92d364b0c48fc69cf3ccfc8620b6385e613f0ab2b5e78ad8992f6f2364,e4599f578c269a2ab33a1e349f70950c1bf6e5091293e5cc20e36fd5e4887ad3,,7,test
ZE_179.png,train,640,380,,0.5kg:1;2.5kg:1;20kg:1;25kg:1;zacisk:1,3bbfb3337b9e55a01a00705f12d231acfbdff3c644a9d8959c398e3a3e8d6084,a4d341ecdb1b1cd3e1acf242c73c5b67796433bc3843875e8689b490cbfa6505,third_party_video,,excluded
IMG_20251107_112314_jpg,train,640,640,2025-11-07T11:23:14,1.5kg:1;10kg:1;2.5kg:1;25kg:3;zacisk:1,68d0310f36cc9c6a5a0e911849c87780ab341caccf2189508e05812fff354dcf,d596cd936b69226cb6d8165449b649afd549b65a12964bb7c569954b16d26a94,,21,train
ZE_190.png,train,640,424,,15kg:1;2.5kg:1;25kg:1;zacisk:1,c84cb9eafdf9f7c11650ea1df993609393f643ace4aa09f07ae1e2c84cf641e7,a69375fa5b2c68d9f5661b24058bc70830f194dbea4f074c9049f9f5952ac657,third_party_video,,excluded
IMG_20250929_124722_jpg,train,640,640,2025-09-29T12:47:22,2.5kg:1;20kg:1;2kg:1;zacisk:1,69067847dd0ca8ac1de2a99dc190846f3c31906b6f54c00e88916c058ae050f3,992499369b3166cc9a6ccc6999336399ce6cccccdb393199ce6c9a6c993139b2,,11,train
IMG_20251009_123817_jpg,train,640,640,2025-10-09T12:38:17,1.5kg:1;10kg:1;2.5kg:1;25kg:1;zacisk:1,94b28e24ed52b212be1efbfb29b43eb7ed8d1b32fbad88131922b29924452fd4,c69e93639e5865cc3333c61c9b666ce31918669664f36d9c6438d673718c196d,,13,train
ZE_34.png,train,640,480,,1kg:1;2.5kg:1;25kg:2;5kg:1;zacisk:1,a42949885abd9dcd805450274690ec6c30752736bd9c57b46624f911f257349d,a331b63fccce1cb70c4ce4ccf3331e3667c921b1905b8724fcda09671092f66d,third_party_video,,excluded
IMG_20251107_115737.jpg,train,480,640,2025-11-07T11:57:37,25kg:4;2kg:1;5kg:1;zacisk:1,52169c44c89d23f94f16cef3fa85c7dab4a58ee0506729c07037fea747d41963,c3188d369c17771cb70d9e717e01b40fbc746f1049744d36402ed25ef7e0f5a4,,22,train
IMG_20251106_130145.jpg,train,480,640,2025-11-06T13:01:45,0.5kg:1;15kg:1;2.5kg:1;25kg:1;zacisk:1,fe0aa390b6239759295901eb7ba0b1e33908c4f311c1eadd9703cbc8e5c70a3c,f98587c55a1c9ac7bfc3ac78254be1eb445aad5aad57893ac92ab94c36a102b4,,14,train
IMG_20251106_135442_jpg,train,640,640,2025-11-06T13:54:42,0.5kg:1;10kg:1;2.5kg:1;25kg:1;zacisk:1,2da8600ad6a73773018ee0913147655d2552fff10136dc925ff9c7c5a86f2909,bfdb4c6344727352fa66a336ad936cc37149d5781dac8ca3a521a42c568559e5,,16,train
IMG_20250504_203411.jpg,train,480,640,2025-05-04T20:34:11,0.5kg:1;2.5kg:1;25kg:1;5kg:1;zacisk:1,f7977f6869eae332819632896a9a5157977ac56912860e36d7d5d7311e15e3a2,8516ad749ab9943b365c1ed8867116791a89a5be1e78c1922fe72eefc5146346,,8,test
IMG_20251106_134923_jpg,train,640,640,2025-11-06T13:49:23,0.5kg:1;10kg:1;2.5kg:1;25kg:1;zacisk:1,be70b8910b9b94fc004bf6b920fb248b8c2783d7d50ced5c7d7e100855c1a331,e862c22e703c70a4b331b999e9582d67255f8677071e4d3ad9a8b1720ed62ede,,16,train
IMG_20251107_115806_jpg,train,640,640,2025-11-07T11:58:06,1kg:1;25kg:4;5kg:1;zacisk:1,ec0ab9749fd3d6519b5b820cfff7522704adf27fefaee95a26f69584bc1eb356,e318921a9ad358f29e3e479ca5e1e154f3d250e353dc0e5062d1a1ada52dbde3,,22,train
IMG_20250929_120421_jpg,train,640,640,2025-09-29T12:04:21,0.5kg:1;2.5kg:1;20kg:1;zacisk:1,32f67e04663a8755845a2837c7b9a7ae2c310f2d64539a49db3fbe50e525fa32,ce6d9b66998e30c9ce6cce3931a631b6ce19ccc96699319dc6cc964dccd93460,,10,train
IMG_20251009_133156_jpg,train,640,640,2025-10-09T13:31:56,1.5kg:1;2.5kg:1;25kg:1;5kg:1;zacisk:1,7e12ec7271f6ac244b3ec8bc130c800b2238cac0bcdcbfd555b436c6dcf1d295,9a799b249b6666939b34ccd99b66318e9324665b64db649864d393496c99cce6,,13,train
IMG_20250929_120745_jpg,train,640,640,2025-09-29T12:07:45,1.5kg:1;20kg:1;zacisk:1,a3d536f34c23acfc7df8518252a9797d6708b1480b2b3855cdcbf57f811a9cf4,98659936991932cd9864cccd31b3639bcccc666c666633e6c6319b2c66e73393,,10,train
IMG_20250929_123859.jpg,train,480,640,2025-09-29T12:38:59,1kg:1;20kg:1;25kg:1;zacisk:1,a2a62fd0cb4eddbb954c7464e198ae83f767d873f8feba84ab9b4763cbc2c7b0,85abb8b4da59352d3c309b1b23cecbc5cb8565a65e12b37ab3c7b3c124948cb2,,11,train
IMG_20250504_205508.jpg,train,480,640,2025-05-04T20:55:08,10kg:1;2.5kg:1;25kg:2;2kg:1;zacisk:1,5f1cd06fcb26c6477b6bf677581541d63d4c11b3d0547afac5cc26a04d05539a,99448851b6a11ceb6e10601ed63e6b1e0e9976a14df56166cbbe679c1e3278e7,,8,test
IMG_20251107_115844_jpg,train,640,640,2025-11-07T11:58:44,1kg:1;25kg:4;5kg:1;zacisk:1,68e104fa5355edd54e470c4cc1d564209925d451869d776c7824b3b45b6d8128,e3189caa18e379ef8d3c471c9de17579128e70e3975c0e589a72b0e7a5551d42,,22,train
IMG_20251107_113707_jpg,train,640,640,2025-11-07T11:37:07,1.5kg:1;10kg:1;2.5kg:1;25kg:3;zacisk:1,8c1d7658d660ff70ca2dc3b1ca31c611b7a9bbaf2e1ba04b6d50168e589667ad,f0e98b8f8f0732798fb6691292584b055a4db6cbb4b6ec3468f7d46d40658cb4,,21,train
IMG_20250929_121431_jpg,train,640,640,2025-09-29T12:14:31,0.5kg:1;20kg:1;zacisk:1,4c7761867cecfe9fb2faafd6803b3d08958b984c5363697bdfd434513488eb0b,cc66993299b366d9999bcccc99336699ccc6666c333164c7ccc79b30664c3993,,10,train
IMG_20251106_140843_jpg,train,640,640,2025-11-06T14:08:43,15kg:1;1kg:1;2.5kg:1;zacisk:1,4793376d7e4727f5a7b6fb8914d0daa779fa4d1f323693cc0efca4b5491d95c7,e0c68ccc1999231937337339d9cd679a0c989e7316664ccc19b8a632e36d7bcd,,16,train
IMG_20250908_112204_jpg,train,640,640,2025-09-08T11:22:04,15kg:1;1kg:1;zacisk:1,f36e38c0c760e539f7fa0971fec767c719713da2a965b3fc9d6f8d3852105b60,cc649b26cc71669931a6cccd9b3163998ce6cccd33193333ccc69a6c733139b3,,9,val
IMG_20250504_205848.jpg,train,480,640,2025-05-04T20:58:48,0.5kg:1;15kg:1;2.5kg:1;25kg:2;zacisk:1,d03521ff51527ce8ac8f8ec681412020e0a8752648fb4b1d6b97902eb52e0032,8c2a8638b7941ef26f183a0ac60f7b1787ce72f09cfa6932938767c6ae8a5872,,8,test
IMG_20250908_113001_jpg,train,640,640,2025-09-08T11:30:01,15kg:1;2.5kg:1;zacisk:1,d918304d15b8523f5aa2999684037790c0c2c3d090677cf4402a1949f2e9aa88,cc649b36cd9166d93336ccc9cc6623993993ce49ce6c319364cf8e6c67993192,,9,val
IMG_20250929_120243_jpg,train,640,640,2025-09-29T12:02:43,1kg:1;2.5kg:1;20kg:1;zacisk:1,37aa81fc18bdda63c874398d2e9c8ec3477a164788ef3fe339259fbd5a249cfb,9a6c9b26ce1966cdcc666493319264cbce4931cf33329b36ccce31b3319b9a6c,,10,train
40.jpg,train,640,359,,15kg:2;25kg:4;zacisk:2,39da147b177558ea49ad82b958e35b949b8cecdf7ad2fec78f21a62f87933ada,81577aaa9543827e7b88815d3fc89436a3767db228e684367f9b853662367706,third_party_press,,excluded
IMG_20251107_095515_jpg,train,640,640,2025-11-07T09:55:15,0.5kg:1;2.5kg:1;20kg:1;25kg:2;zacisk:1,cdfe4f8a85438aa8be4f9b2a9a7615af5240294ab8c797cfb1fad10937884e77,f5f24fda4d997067d716336220a90dbd1774c7597889cc989744a7454a9b5aa2,,17,train
IMG_20251009_133104_jpg,train,640,640,2025-10-09T13:31:04,1.5kg:1;10kg:1;2.5kg:1;25kg:1;zacisk:1,8f625153d29663f9d02b6eb6035dfc6a3b5d9834cd0cc85584d8f42e5e9a8ff1,965a9b299a6d2ce69329c68e9a6d3c65b30de69264d66d8c6c3092d3619f392d,,13,train
IMG_20251106_131523_jpg,train,640,640,2025-11-06T13:15:23,1.5kg:1;15kg:1;2.5kg:1;25kg:1;zacisk:1,e9a8e702a44f21b7d2a463a5a1adecec135a9e22c329a5b024fa8c3e703ad598,b18396b0ec18a8514c7c57ad93a371ea6899b3d4b106645c5a7876a5c4bf17eb,,14,train
IMG_20251106_130951_jpg,train,640,640,2025-11-06T13:09:51,0.5kg:1;15kg:1;2.5kg:1;25kg:1;zacisk:1,1db94085202fac70a69b87b629b431afe4a76f905db9620049fd59355200722e,8e0c0e1e33b331e38339b1ab6eea2ae2b1c24e6e6c6ccc68f483c3a71a7dd899,,14,train
IMG_20250908_111356_jpg,train,640,640,2025-09-08T11:13:56,15kg:1;1kg:1;2.5kg:1;zacisk:1,6f8b0f8607bd8f2b875018156457d3af10c5053966430895130e34546fd97a89,ce699b6c99b1649b3326cc939b6c619399b3cec9339c64e3cc63930c31996c66,,9,val
IMG_20251107_104614.jpg,train,480,640,2025-11-07T10:46:14,15kg:1;25kg:3;2kg:1;zacisk:1,eba2c05dc03d17512b5f185c53a07d234d71ed7591264334e199cf2e032cc494,93f0983f0c0ba0e230ef66c1af9eb3b060bdc6c9f7b25b3edc78a0c10d03cd78,,19,train
IMG_20251107_115740_jpg,train,640,640,2025-11-07T11:57:40,25kg:4;2kg:1;5kg:1;zacisk:1,5cfd196a0a97ff4b13b9ddfbac1028575e2c366378b2438ba522861674e89234,f8fa8917c7a57c2c875b71c096af61616934b692b4dbcd0de924861a91698f2d,,22,train
IMG_20251107_120527_jpg,train,640,640,2025-11-07T12:05:27,25kg:4;2kg:1;5kg:1;zacisk:1,3d82f29f7a259f49e7b595e64ac5bf9c7bceb598bfa3d53171ef09f0088a404b,f4c9cf868fb67d78f24936c894842921957a95b259263a4d7a4cf5fa87320b94,,22,train
IMG_20250504_203728.jpg,train,480,640,2025-05-04T20:37:28,1kg:1;2.5kg:1;20kg:1;25kg:1;zacisk:1,611dc3bb04d31dca2cd4fa0519c9ce4dbf4a38cda25fd3e6516647aaf9662422,a125aa69989a941236d31efa86773ef8189a8535367bc13c3fce3eeb8125630d,,8,test
IMG_20250504_204535.jpg,train,480,640,2025-05-04T20:45:35,2.5kg:1;20kg:1;25kg:2;2kg:1;zacisk:1,37330cbde1729fa3d0d7b4a1cff92a79ea0735c852af35b6822e0efc531d174f,84ecce4c9c4604e071ef8b9afbbf8af70ab33b014a297c20d139663d83d63e8d,,8,test
45.jpg,train,640,480,,20kg:1;25kg:1;zacisk:1,f62b4a32babfa49b3f657bc14acfbad6968f250170dc72be6b7649d52adb2f4b,e462787af819d2c55999e687a7a61db66e661919db59e6665890d992b0643c69,third_party_press,,excluded
IMG_20251106_130044_jpg,train,640,640,2025-11-06T13:00:44,0.5kg:1;15kg:1;2.5kg:1;25kg:1;zacisk:1,56625c2108358702869542f4b9137ba5d427181ae1f2b65514c2cb6653b34038,9b6c95942c93eee9e4d9095712ccdb2996ee96649294a9ca8cca14b19ddca9ce,,14,train
IMG_20250501_190345.jpg,train,640,640,2025-05-01T19:03:45,0.5kg:1;2.5kg:1;25kg:1;5kg:1;zacisk:1,19f13781cc1e4e35b53c1acf9cb8105e55ee4e3eb95101033697c5a389a8a46d,e695816a996e26927326ccd9e4d9336239c1d264e4663d9a5963e6f5b1363d48,,2,val
IMG_20251107_112311_jpg,train,640,640,2025-11-07T11:23:11,1.5kg:1;10kg:1;2.5kg:1;25kg:3;zacisk:1,5e980a50d88fb9672c89d92b959bfed77cc5a323f89e847f8563687300ebfdc9,d796cd96696d206db6e832744db64d27c549b24a32964bb6c56995490adf6a94,,21,train
IMG_20251107_095401_jpg,train,640,640,2025-11-07T09:54:01,0.5kg:1;2.5kg:1;20kg:1;25kg:2;zacisk:1,3d1305cd487f69cb69e7f5117700b5d0e4da535a64fb1dbe349d8a056a9cbc4b,e777f0a09a823529c2d35fe91d5e1aa13deaa231e431a1d79c3ad0e098df1c4e,,17,train
IMG_20250929_122618_jpg,train,640,640,2025-09-29T12:26:18,0.5kg:1;2.5kg:1;20kg:1;zacisk:1,ef1aaa4e6e5d666e4220fc6eef81bbd57af2b2cc2fb9b726495886eb5c98e995,cc64993299b166cc9b32cc679b326699cccb66cc633967b32cc6986c66d93196,,10,train
IMG_20251107_104526_jpg,train,640,640,2025-11-07T10:45:26,15kg:1;1kg:1;25kg:3;zacisk:1,667e864e4b27fe8c24ca60803d773fcfdfc51b0a4fe55f4f599e27725955905c,a72bd2ca10de6178f8fc008ca1edbd786650c69527a19fc2878cd5b41ee32fc3,,19,train
ZE_99.png,train,640,500,,2.5kg:1;20kg:1;25kg:1;zacisk:1,097a3d04e8e31e9c79c94ac6e86b520ddce41c798fe437c5da465e926144ef31,e65d5b2a0bb4e4cde4385a271d5c9136a6e3dccd586c252721b18aca5e5bd90e,third_party_video,,excluded
IMG_20250908_113229_jpg,train,640,640,2025-09-08T11:32:29,1.5kg:1;15kg:1;2.5kg:1;zacisk:1,1e9bfea96ac1a67cc85eac8170ce9a728c81c5ac8e8c71e7f9a49a1b743e18c0,ce6999659933659b3326cc9acb0c659a3332ccdb92cc64b36ce39ccde6193330,,9,val
IMG_20251107_112920_jpg,train,640,640,2025-11-07T11:29:20,1.5kg:1;10kg:1;2.5kg:1;25kg:3;zacisk:1,70933e93ffc2078dcd57e46f9eac39a3ed2633c809ea274d9297f125a4168c04,f0d18b938f0730f90b96259786f14f07586db4c974bc8ca40ee79ee1cca5dca4,,21,train
IMG_20251107_112332.jpg,train,480,640,2025-11-07T11:23:32,0.5kg:1;10kg:1;2.5kg:1;25kg:3;zacisk:1,b997acc4c8b5296682c3c888d1959bb5d07849734e7cf2bbd0d834218081cbf3,a5ccd87cd37125a6c58cdb4938e3d9d8a7184536196b5acbcd96a614267b194d,,21,train
IMG_20250501_190935.jpg,train,640,640,2025-05-01T19:09:35,1.5kg:1;2.5kg:1;25kg:1;5kg:1;zacisk:1,aa4b36b6a21f4b5d0621dbaea430ad827afcaaaad090465ee0b5031f3b9935ee,8525edbb3c9370827b8a5362e177c137cb524919549bb26ef85a6613983d34cb,,2,val
IMG_20251107_101148.jpg,train,480,640,2025-11-07T10:11:48,0.5kg:1;2.5kg:1;20kg:1;25kg:2;zacisk:1,27a286ec1a9f9ba5234bf93d98ca90051dc43cb03d09371a270ea52faa3156e3,d78780e95cfdfca1772572a7c061851d7b0761f4c5d2621a4b1bf450a068eb9e,,17,train
IMG_20250929_124826_jpg,train,640,640,2025-09-29T12:48:26,2.5kg:1;20kg:1;zacisk:1,e461ab96c3aa0e91b00bf1ff4e21310e3b236cdfe44732913cc7ffa2ca08dbc4,993299b39999664ccc66cce7999266ccce64ce6699ac3998cc679924999a999b,,11,train
IMG_20251107_110204_jpg,train,640,640,2025-11-07T11:02:04,15kg:1;1kg:1;2.5kg:1;25kg:3;zacisk:1,43271cfa481a61275945cae17d0c663f6c8daef88b052e5df23d261ef631a961,f932cd9b26cd7370c6c936ccc9362893977b950369978997b4cec50a070d7a94,,20,train
IMG_20250504_194908.jpg,train,480,640,2025-05-04T19:49:08,10kg:1;1kg:1;2.5kg:1;zacisk:1,3569bc8fb3b4f3375ddfdfbb255e9799bee86b08fcb300d97f6fb57d24f5f68f,84129ae998d99476adb68db61eef81511aa98d5616e5ab1da7cf6ac8c11172ec,,7,test
IMG_20250929_124647_jpg,train,640,640,2025-09-29T12:46:47,2.5kg:1;20kg:1;2kg:1;zacisk:1,30959ef5d6ebacc386c6fa79a7d0ef38c18d332d52de2dc338ee5b3b09dd42bd,996499369b3366cc9c6ccc6999327199ce6ccccd9b393199ce649e6c993131b2,,11,train
ZE_191.png,train,640,478,,2.5kg:1;25kg:2;zacisk:1,0ae945e8813b9a94e5617be2def31e8276a1fb69106d42e6d8805eca30b7f11b,f39a1a76cef999806c63d062bb1d3ef76980b1901e787816514fad8f36e8cc60,third_party_video,,excluded
IMG_20251107_111608_jpg,train,640,640,2025-11-07T11:16:08,15kg:1;2.5kg:1;25kg:3;2kg:1;zacisk:1,6e6a9b359faf900aa8c75ad4350a17cbe8cf2dbc0a844ac66cefbd45a6a9bf90,ec6698c693916f29a11ce395dbc3785a5c6ba72726e738c32899119c71887de3,,21,train
IMG_20250501_190941_1.jpg,train,640,640,2025-05-01T19:09:41,1.5kg:1;2.5kg:1;25kg:1;5kg:1;zacisk:1,a9fce16a294c06c398c5b8b02b3a4a974c784f4c92d38d08e8eaf700ad5fb8aa,8435ecb13c93728a7b8a5362e177c133cb5a4919549bb26ef81b6713983c36cb,,2,val
IMG_20250504_194535.jpg,train,480,640,2025-05-04T19:45:35,10kg:1;2.5kg:1;25kg:1;zacisk:1,d28a3353e428e4b8786aba8241be986bf96ec503a17e2cab84ce175b06679b36,806d94929996846daf6b99693ccc89f116b28a6f77ceabb9a7885013817f7698,,7,test
IMG_20250504_184207.jpg,train,640,640,2025-05-04T18:42:07,1.5kg:1;15kg:1;2.5kg:1;zacisk:1,23760c282964cd9686464b092a00f188edb4b6a33d08a69c65e0cb0e416f73a3,96c9accb3a4139c469b4ec378cae8f82ad24766c5177b933ac934b332a4bee09,,3,test
IMG_20251107_113502.jpg,train,480,640,2025-11-07T11:35:02,1.5kg:1;10kg:1;2.5kg:1;25kg:3;zacisk:1,3323a2102fdbcba8a93085413e1a912383a71d861c9cfb1339b0f43d135bfb0e,b6e7a8c7c918333836dbc4c3c39c32494c498f2df32fe4d3a99393342a6c0cdb,,21,train
IMG_20250929_120635_jpg,train,640,640,2025-09-29T12:06:35,1kg:1;20kg:1;zacisk:1,db831b0944febd15ff71c795919be387669e28ffb00bd3f4fe902eccde2442c8,996499b39b31324c9966cccd31b36399ce6ce66433463196cf319b3464cf319b,,10,train
IMG_20251106_140241_jpg,train,640,640,2025-11-06T14:02:41,15kg:1;1kg:1;2.5kg:1;zacisk:1,cb6125ec0d4589b286c5badf6afdd10bf59d13c8d75231acdcf208ca42b33c48,fe66ccc6519933ddd322a1194ccf7667748c9b731b134cc6e22cb231199179cc,,16,train
IMG_20250908_112437_jpg,train,640,640,2025-09-08T11:24:37,15kg:1;1kg:1;zacisk:1,0f14783be123f1713e9702fb9597a7b8ffb6f29e244b0765898d51b7c0b35e9d,cc649b26cc7366993386cccd9b33679998c6cccc33393333cccc986c33333933,,9,val
IMG_20251107_120536_jpg,train,640,640,2025-11-07T12:05:36,25kg:4;2kg:1;5kg:1;zacisk:1,2f6aec76f1ced9d76ea17b8b6a53f9656084d1f3b1ba5951db88614e86a8543b,f649cf478fb67c7af64936d9b4d42925953295b249843a4d794cb4fa87320a14,,22,train
IMG_20250501_191305.jpg,train,640,640,2025-05-01T19:13:05,0.5kg:1;2.5kg:1;20kg:1;25kg:1;zacisk:1,9ec62db8008de6a8ce41469f0f542fc96f0a548f5f4a66930598dea60ad39548,a129ed3a3da67090529452706377c336ea7449b655b6f27968964275187b3797,,2,val
IMG_20250501_190947.jpg,train,640,640,2025-05-01T19:09:47,1.5kg:1;2.5kg:1;25kg:1;5kg:1;zacisk:1,9437b9f152b91cfff11ca9bb2c23e9634394247e55a65784ae9c436c7d7eca31,8435ecb33c93708a7b8a5162e177c133cb5a0999549bb26eb81b5713983d37cb,,2,val
IMG_20250504_194107.jpg,train,480,640,2025-05-04T19:41:07,1.5kg:1;2.5kg:1;25kg:1;zacisk:1,82288cb3b06f7fc8f8ddd37febcf92ca77f6824e01f1b3b35309421abf5f8269,d5b9952e8a46ae99ae9f0eded6391b270b4684d90f1694c722710b7cd48971b3,,7,test
IMG_20251106_140300_jpg,train,640,640,2025-11-06T14:03:00,15kg:1;1kg:1;2.5kg:1;zacisk:1,5c3b294b3851573f6d9c95a8120e54ca8a5d3513ffce06e8bc64ffb77af80685,dc66cce6311c339df3338b3048cc666ef4848d334ce76cc6f64c9339199b69c4,,16,train
IMG_20251107_100155_jpg,train,640,640,2025-11-07T10:01:55,1kg:1;2.5kg:1;20kg:1;25kg:2;zacisk:1,e65dc51155a14f78618988d2f034ecf612a5a34ac3e23e131d23979d073d4db7,a599b59a9664636e93d3676bce0c44f7c4e3119c719d9ad42c62e47051fc548e,,17,train
ZE_206.png,train,640,413,,0.5kg:1;10kg:1;25kg:2;zacisk:1,41a4ba92274656e19030ab79f38c7b9836306d44cc20d95e20c93b28d4641ede,a6f9593464cca6d3d733154c5919a6e6c8e4f3595910a6467d39d06a44af8ead,third_party_video,,excluded
IMG_20250504_185925.jpg,train,640,640,2025-05-04T18:59:25,1.5kg:1;15kg:1;2.5kg:1;zacisk:1,e36480da047af396cf57f764f56809797ec5666beda3d6315d164c8f77d2be6f,96cdfc49384339846db6ecbaaebf8a8eae027e64537b89338e8bcac80a48b649,,4,test
ZE_60.png,train,640,600,,15kg:1;25kg:1;zacisk:1,2cd9f0d9a35b36d18332961730fe859a79f326f7efcac14d7a5c25084c209280,cc71473f33ce38e66d7edce390b187192621c00099809180acee3eefd3d3ddb9,third_party_video,,excluded
IMG_20251009_134442_jpg,train,640,640,2025-10-09T13:44:42,0.5kg:1;10kg:1;2.5kg:1;zacisk:1,f5f5eaca0f9cfcd8fca1601409fee3d1454f9a3689671b18664ab005c8bd029b,ce79936c99a3399332656633ce186c9c39e6316396639a66619831b8cccec66f,,13,train
IMG_20251106_135546_jpg,train,640,640,2025-11-06T13:55:46,10kg:1;1kg:1;2.5kg:1;25kg:1;zacisk:1,33efd6d408b4f42209c3e9c665eeb7ac59e7a61c4a7b2ed65579d34bd2f7e92c,af49909d55b6794a9499e5251a6eed0ae328dc89566e32c6e532650a5cee1ee6,,16,train
IMG_20251107_112229_jpg,train,640,640,2025-11-07T11:22:29,1.5kg:1;10kg:1;2.5kg:1;25kg:3;zacisk:1,c40f5ff1585eda36e74ec191b56aa7b986db9b448373b59505eaed6dfb0bde2b,b27ccd970f8b3079f2f83268c8b86937860f92e9c6963896316ef569c6114a97,,21,train
9.jpg,train,518,640,,15kg:2;2.5kg:2;25kg:2;zacisk:2,2ab5245bad89e78b8509ab7a258bcc1c9029735ed7ba63fc6c31c2f344646462,dc4e636d67a636a1999110daa3da21de9d207e2176093c9921f289e6d9eee74c,third_party_press,,excluded
ZE_214.png,train,640,519,,15kg:1;1kg:1;25kg:2;zacisk:1,1a4fe32646201777a59fe909c9b8b48d89184dc57b23a1520c376d58186e4e43,bce64c66479d19806276ff3f79f88391301cf1e84e1f7f7307e0f01db9c0c00a,third_party_video,,excluded
IMG_20250504_205958.jpg,train,480,640,2025-05-04T20:59:58,15kg:1;1kg:1;2.5kg:1;25kg:2;zacisk:1,a5d39bf8cf10dae7a589d82e924694bf456f5c658fbe48696b2752e770b6b6ef,8c2b8638b2941eba6f083a8ae207bb9707c672f89cba693b93c363c62f88787b,,8,test
IMG_20251107_120439_jpg,train,640,640,2025-11-07T12:04:39,1kg:1;25kg:4;5kg:1;zacisk:1,7b332e7a43ff19c3ef38b6fd820303b6e01d662ec9b26f2e3af738f066a5759b,a95ed54e92f12a55d60b2ab5c3d83eac0d61c39749ae1c32e5549547d4ba5a5a,,22,train
IMG_20251106_141146_jpg,train,640,640,2025-11-06T14:11:46,15kg:1;2.5kg:1;2kg:1;zacisk:1,0d7b7261cceb6f8279f4927e8465a43aef094454176344647da1db8107595e59,f0638e63098c239cb39871acf8e772c58e1e8f394e670e66849ce61971a679c7,,16,train
IMG_20251107_110519.jpg,train,480,640,2025-11-07T11:05:19,15kg:1;2.5kg:1;25kg:3;2kg:1;zacisk:1,7b4574873eb430cbefec27d1edb5237c64ad00ef9004ffdc74fe32fecf1bea7b,aec6d055931366baecced9545a007ba37f567e127e8839d91f564856409762b4,,20,train
IMG_20251009_120429_jpg,train,640,640,2025-10-09T12:04:29,10kg:1;1kg:1;2.5kg:1;zacisk:1,0c2a5618e8af48451aa49e53665e2226885e19af3653f49764dfe6a20075aa45,ce3c9b26999331993366cc73ce3861993333cccd3cce6c93ce61933cc71819a6,,12,val
IMG_20250929_120749_jpg,train,640,640,2025-09-29T12:07:49,1.5kg:1;20kg:1;zacisk:1,141a682b6b3be00e4dc09e484038d89b067130a78eadae60b0a017e07f9c51b3,98659936993933cd9864cccd31b3739bce4ce66c666633a6c6319b2464c73393,,10,train
IMG_20251107_105025_jpg,train,640,640,2025-11-07T10:50:25,15kg:1;25kg:3;2kg:1;zacisk:1,e23afbb0f5e5fdd73a05dbe2d2e71d482655b773bc1c35aa7a9258b9c55e158c,b0c18b96cf163f81c93430f917c3a1ac7079df0134298f8e7edb856d8c267ed2,,19,train
IMG_20251107_112418.jpg,train,480,640,2025-11-07T11:24:18,0.5kg:1;10kg:1;2.5kg:1;25kg:3;zacisk:1,ad9d5d6cf142c49d69a33f484f4dc8c5d20ee2ce37715bd6597d0ce47444069e,b3d14a11c99832df66c1cdb15eb5520d51a571d3735ac65aba5ab262c74a7b48,,21,train
IMG_20250908_105951.jpg,train,480,640,2025-09-08T10:59:51,0.5kg:1;15kg:1;2.5kg:1;zacisk:1,587c95e26827804c7dca6e9be2e3f826ed527b091c8f4a2a852a3d050e4f79ec,87e2a9147a3426663c1cb26d19aad8db425dc999c1c37e787e58f02eb9c621fc,,9,val
ZE_149.png,train,640,474,,0.5kg:1;2.5kg:1;25kg:2;5kg:1;zacisk:1,4ac63645296ab23f6da51e2c47a02feec94073cd1ea53d31fd2d757145fdc288,e3181f7f8d6666be8348bfb727905f07608cdec09f07f2b0adc22cec1af04868,third_party_video,,excluded
IMG_20250504_194242.jpg,train,480,640,2025-05-04T19:42:42,1.5kg:1;15kg:1;2.5kg:1;25kg:1;zacisk:1,33f6dde3d62dc01b9b798b32eb3a60bbccf69aeaf8643017f1ce7d02faead9fe,d5329d640a4cb6992e930ebef7381a7d0acda59a3b349dd3226c0a5cd5c27363,,7,test
IMG_20250929_123231_jpg,train,640,640,2025-09-29T12:32:31,0.5kg:1;2.5kg:1;20kg:1;zacisk:1,452b945a87d225cceead8bc51f7a6d7fbd49b4a72cdd076ce556965ae1e611d4,99619933999966c9ce65cc6799b666ccce6cce6499349992cc64996599339993,,11,train
IMG_20250501_190754.jpg,train,640,640,2025-05-01T19:07:54,2.5kg:1;25kg:1;2kg:1;5kg:1;zacisk:1,801fa738d8f78b6598953e64b2e08b7129e67d63e3197e7d114cac0e1b64d027,90b6ec993c99309839c9cd39b13f998aaf491d891eceb3669cc9c32298fca7c2,,2,val
IMG_20251106_140722_jpg,train,640,640,2025-11-06T14:07:22,15kg:1;2.5kg:1;2kg:1;zacisk:1,6271e67196c99a7bb27c1bc31ed75c0657ed5a564f77ab3760c3ad91371d7997,f22af9a2f9c775cdf34ce0ced0e3239bc3860b2607320c130d8cdf2c5e385cd3,,16,train
IMG_20250929_122617.jpg,train,480,640,2025-09-29T12:26:17,0.5kg:1;2.5kg:1;20kg:1;zacisk:1,e9bfc3427b0e4dfd1cb706219bb6a2e073583b0a6a3ab5313de9f9801b73a8d2,8c159a617b6ac65666997b04d51b668c314dac93a5dab07e86db31e1967c6d8a,,10,train
IMG_20250501_191209.jpg,train,640,640,2025-05-01T19:12:09,1.5kg:1;2.5kg:1;20kg:1;25kg:1;zacisk:1,94c32258ef371ab5ffeed9bf329903968addb2ca4a5649b353b3609ba9766aca,a16aed7a3da670845294534562e4d36dca74cb355dae6271e8f4663458783c57,,2,val
IMG_20250929_115813_jpg,train,640,640,2025-09-29T11:58:13,2.5kg:1;20kg:1;2kg:1;zacisk:1,59ce61e39a43e46cf6a090e8660818432d927335b565ae6421c36c371e1f7e35,9a4d9b65cb3924cb9a4cce39332465a6c6d96cc964f163b9cecc924d3cd93066,,10,train
IMG_20251107_112351_jpg,train,640,640,2025-11-07T11:23:51,0.5kg:1;10kg:1;2.5kg:1;25kg:3;zacisk:1,cd580fe4d0b2059dbcd56bd662de23195b7e0c0ed8b85b4e4c49d10e9695d172,a4e3da4a33182de5f3c725249b581e5ad863e6154dcdbc43c19ed80e1e721de3,,21,train
ZE_195.png,train,640,521,,25kg:2;5kg:1;zacisk:1,9ebb71bd148cf4502c3438b8abc1bac1cead974bb44e657a486f3bfea78b4908,f3990dd2d4671c3b6ccd9b9923fa4061e39036016cfdf33880e6784bcc07d76c,third_party_video,,excluded
IMG_20251106_141000_jpg,train,640,640,2025-11-06T14:10:00,15kg:1;2.5kg:1;2kg:1;zacisk:1,9a52172e80e41ffbfc73beededae39b3bade90261d13fa7af79bc03453ea3ed4,b12659366c9936d9b64d06c94f8533a413af93e503a613b23327530f5b3b59b3,,16,train
ZE_183.png,train,640,431,,2.5kg:1;25kg:2;zacisk:1,eebb7e8b24e2f2929a78253cc6a0a51a42dfced06b1be7bcd90978d9c769493d,f895467abbe47981c4ffbf404e7f798cd0600f9f6e00f1e01611c80f2f60d273,third_party_video,,excluded
IMG_20250929_123810.jpg,train,480,640,2025-09-29T12:38:10,1.5kg:1;2.5kg:1;20kg:1;zacisk:1,94b07c1f64e75f36a4b70c31445a95e64335daea97db4c1251518a9acc39bc2c,858b3ab4da59342c30709a7a239ecbddcb8d65ac5c10d25ab3c7b30b24bc9cbe,,11,train
IMG_20250908_105948.jpg,train,480,640,2025-09-08T10:59:48,0.5kg:1;15kg:1;2.5kg:1;zacisk:1,2742cc006082e2afde17f3ed17663e910fd8c5e4cb68f0a444bb921421eefb0c,8786ab217a7d24ee3cb0b2c911c2d0d34ac9d932c5c7fe71b05bf0eeb1896171,,9,val
IMG_20251106_140259_jpg,train,640,640,2025-11-06T14:02:59,15kg:1;1kg:1;2.5kg:1;zacisk:1,1788905a36aff4ba39e018808f33918514a77d23c218d6d91e15241730968916,dc66cce6311c339df3338b3048cc666ef4808d334ce76ce6f64c9339199b69c4,,16,train
IMG_20251107_104929.jpg,train,480,640,2025-11-07T10:49:29,15kg:1;25kg:3;2kg:1;zacisk:1,badcd3543f6c424c8b99fe1fd812cf49a3ce813d977e0e80089b77037ea5f456,958bd78987af06ae08ce0944b0442012a318db3de7ff2e82bf82ee6becf5b9d0,,19,train
IMG_20251107_100241.jpg,train,480,640,2025-11-07T10:02:41,1kg:1;2.5kg:1;20kg:1;25kg:2;zacisk:1,23d2eb72cbc9f9824b2425267870af8e8767e5b754925fc5e4d61b722b27b0ec,87178f1f8d0e048428c4f0e9a2336a33933baeaeecc4b8c5ada897be4bb3a237,,17,train
IMG_20250908_113128_jpg,train,640,640,2025-09-08T11:31:28,0.5kg:1;15kg:1;2.5kg:1;zacisk:1,b84c50417c5ffc1465bd13a53ab59b897f366ed383ccebf1556b98524790ae54,ce6d996699b364993336cc99cb3c659831b2ccc996cc30b32cc38e6d33993336,,9,val
ZE_107.png,train,640,437,,25kg:2;5kg:1;zacisk:1,a68881121a4af58e87d01e934bc6854f7b59cbaf8fb3391fe228eddcdc8bd969,a5a44db9edb3e66698dc15ad05b1e492a6d61cc471a99769af32e87618d23589,third_party_video,,excluded
IMG_20251107_101903_jpg,train,640,640,2025-11-07T10:19:03,1kg:1;2.5kg:1;20kg:1;25kg:2;zacisk:1,bbd9d231dcaad57fff311350607f2b86a94509c6d05ec74e9e2f5c0e348ff7dc,ac349854abca6eaac43b65769dd538c50aaae63a551e19c18a5bc2ba74363d67,,18,train
IMG_20251107_110329_jpg,train,640,640,2025-11-07T11:03:29,15kg:1;1kg:1;2.5kg:1;25kg:3;zacisk:1,23526c99acedd0b3b6a2982c666c8fa6b2e27fca7911696044b6fa30c258f92b,e5299ce799c27b98191c4715a721e8aaee30c71d55471cc35682d79ce51daf51,,20,train
IMG_20250504_211156.jpg,train,480,640,2025-05-04T21:11:56,2.5kg:1,8ab903195a60417e0029ee6bd27790ca7a227dc23390df893e26fab20e03f606,95da84f1b265332e832e82b5ed54bc857a0b78cb509d4c3bccb7dd347340714e,,8,test
ZE_113.png,train,640,596,,10kg:1;25kg:2;zacisk:1,5699b910d8c224be12b19c02bfaa7d66f885af8630ad4636f8bc829ffef13240,a265099ad52a766609952ab5662b36aa575559d532aa86aa3aaa6a9ac5d3f575,third_party_video,,excluded
IMG_20250504_210747.jpg,train,480,640,2025-05-04T21:07:47,1.5kg:1;2.5kg:1;25kg:2;5kg:1;zacisk:1,3e6978c263ce09394abe0b586b8025dcb03c78e1b960e3e28e1f7b6a13047679,86a5979099593cf7ac669c63f4a599492d966f12663162a1410861be5f7e5ea7,,8,test
IMG_20251107_112431.jpg,train,480,640,2025-11-07T11:24:31,0.5kg:1;10kg:1;2.5kg:1;25kg:3;zacisk:1,693c6840ecb3218525abfc9ce3d70ad1344522257c33556a5ff7ede7495365c0,f07e81f7c5e24db63c0f87cd66c9b22d87526c005823d26f3249ee1b8f5b8370,,21,train
ZE_114.png,train,640,590,,15kg:1;25kg:2;zacisk:1,4312762bb75787ebce600a275cc7a9b797a2053b37779922035acfee93bf3786,9929a549256673265a929b4e4d58c94bf4c97b351b5af346f2cd07b64bc5e016,third_party_video,,excluded
ZE_175.png,train,640,491,,0.5kg:1;20kg:1;25kg:1;zacisk:1,02e6e5d9298010f9246716a782c7f2ff1c83944d0030f204b172642e246b29c2,fc384e72bfc63fc391f931fd21df310f910f843f0e71ce73d62784220818f980,third_party_video,,excluded
IMG_20251009_120532_jpg,train,640,640,2025-10-09T12:05:32,1.5kg:1;10kg:1;2.5kg:1;zacisk:1,78cc6be200a03548b79fbe78b7a8333d128a4263d690ef44b387371cb0d577b8,9a6d9b2499a664999326cc59996c319a9332cec934d965b364cf9b6c6c9b3926,,12,val
IMG_20250501_190351.jpg,train,640,640,2025-05-01T19:03:51,0.5kg:1;2.5kg:1;25kg:1;5kg:1;zacisk:1,8ebdb28b3ca217d6f718cf7eae75d6dcc930590be17158345e6b475d8b860ff7,e6d5916a992e26937326cccde4d93b3238c1d264e4633d9a5961e6f5b1323d48,,2,val
IMG_20250501_191216.jpg,train,640,640,2025-05-01T19:12:16,1.5kg:1;2.5kg:1;20kg:1;25kg:1;zacisk:1,dea08d63fa83446b39ae8fa34fbcada0857a52838fbecfecdd5a16dd3e0613bb,a16aed767da670955294524562e4d364ca7559b75dbee27168b46224987a3457,,2,val
IMG_20250908_105855_jpg,train,640,640,2025-09-08T10:58:55,1.5kg:1;15kg:1;2.5kg:1;zacisk:1,09250ced8fa5c6f525f8372eb2157390ed9b0d9a4636c6a2577b0213f7c69c16,ce699b649931659b3326ccd39b6461939933c6d9668c64b26ce39b4963996c66,,9,val
IMG_20250504_205023.jpg,train,480,640,2025-05-04T20:50:23,1.5kg:1;2.5kg:1;25kg:2;5kg:1;zacisk:1,e6dd54f2034f706f25db930abdff7cf81890593c6d0f2a7c7fcb5b6bfd7d3f9d,84e9ce4c964c36ef65fbcb92fbb58ab402233a0358297058d339a63d8bd53e8c,,8,test
IMG_20250504_203350.jpg,train,480,640,2025-05-04T20:33:50,0.5kg:1;2.5kg:1;25kg:1;5kg:1;zacisk:1,79509ab105bf53d66d2e7dc2451d34eb5c98d222aee07a7b78af672fcdadead9,c506befc99b9923aa7de9cdc1e6195511ac9a51a16f40914a4f73befc51032c6,,8,test
IMG_20250504_210147.jpg,train,480,640,2025-05-04T21:01:47,1.5kg:1;15kg:1;2.5kg:1;25kg:2;zacisk:1,7f17186a377691367c48fb2349499db55e091c90c13af745f6b5c99b435d9fbc,8d2a893ab2d41ef66f08764bd30769b3468a76f8ccba61bad14367de2682187a,,8,test
IMG_20251107_110508_jpg,train,640,640,2025-11-07T11:05:08,15kg:1;2.5kg:1;25kg:3;2kg:1;zacisk:1,4a4e493a8911621c7e7138b00d46a6937a4f221ee07339b6bb0dd273f8bc7593,e72e9cc691916b39b83c6235afc364565e72c52f154e9cc3cab18a9da13d3c41,,20,train
IMG_20251107_112438.jpg,train,480,640,2025-11-07T11:24:38,0.5kg:1;10kg:1;2.5kg:1;25kg:3;zacisk:1,d4fa6bfc260d888d257c1aa83755a99ef6cc413fc85b2ec0f68607cd4ee17ecd,f0418b0d4b2d70f0c296f069ff107f128ed02ace52e8b697af35130b7339f175,,21,train
IMG_20250504_204057_1.jpg,train,480,640,2025-05-04T20:40:57,0.5kg:1;2.5kg:1;20kg:1;25kg:2;zacisk:1,875d0966a460e13431cdc3abd08f01279cc0b23d476811f631f8e4f35530ab81,82b590af984f81d3a5869815f562be16194a8ef56e7775638a06702a8bbc6fe9,,8,test
IMG_20250504_204757.jpg,train,480,640,2025-05-04T20:47:57,2.5kg:1;25kg:2;2kg:1;5kg:1;zacisk:1,d3bb35d96ecefedef88d8ed0e3220117565fca61d5079080f33e37d0c1e63411,84edce449646366061ab8b9bfbbf8af702313b115e097818d33d263d8bd63e8c,,8,test
IMG_20251107_100606.jpg,train,480,640,2025-11-07T10:06:06,0.5kg:1;2.5kg:1;20kg:1;25kg:2;zacisk:1,bc72648f0a39e984282eaa033728ba155610ed6dfccb53727d770482c595fd11,ad6aa15514b269d364aa96c5491b993a972504afe0d5d2aa60d5c99b8dd75f6c,,17,train
ZE_137.png,train,640,461,,20kg:1;25kg:1;zacisk:1,c4040e42fa754e46a2c45c7a69508597996277e449309cb35328213202fb7825,a61e5f1ed61cb664d2c313cb4b49cb59b2499b4159e5516da66ca66c196d49a9,third_party_video,,excluded
IMG_20251107_112518.jpg,train,480,640,2025-11-07T11:25:18,1.5kg:1;10kg:1;2.5kg:1;25kg:3;zacisk:1,3a01e8bc705c7e31b360661166e0efcf47ab035cf5147ac9de07a433eadc05ef,b6479c46d906a986669be413c598b5f466f146b003b90bbfec33d813f9136873,,21,train
IMG_20251106_135644_jpg,train,640,640,2025-11-06T13:56:44,10kg:1;1kg:1;2.5kg:1;25kg:1;zacisk:1,3ae8e45e2a4cbcb1bbc8e5de8b44d73ea0c69a650cd2ec9d0550fae2087aee8e,fb0e9c7e0c6973138d32330c9b8c798ac4b88f346e6e6ce931b18756874f68e1,,16,train
IMG_20250504_195120.jpg,train,480,640,2025-05-04T19:51:20,10kg:1;2.5kg:1;2kg:1;zacisk:1,962777b517d74270eba7574a05b75ed8aa671c8fab03e477b878a1f3bb9a1868,d6899a7f8d2eba52a7ddbc198771a50c3bc6e4097297694660206b67f4887387,,7,test
ZE_110.png,train,640,597,,25kg:2;2kg:1;5kg:1;zacisk:1,1f214f400fcdf988b2231f37f973abf33aad22fc326158e85340e130840c832b,b3cc19889b91a7c48dc058b2e03f939fb7cdcc6059903f878f87b66070d8599f,third_party_video,,excluded
IMG_20251107_101156_jpg,train,640,640,2025-11-07T10:11:56,0.5kg:1;2.5kg:1;20kg:1;25kg:2;zacisk:1,1244d67bf47502d78bb5821bf3bfa61a5535830947e1ea05e1844ec6b411d8e5,b2838fbb8f263206cc7a13629607e1747375f00d32f5ccb46b6d8ffd4ca81988,,17,train
IMG_20250501_190231.jpg,train,640,640,2025-05-01T19:02:31,2.5kg:1;25kg:1;2kg:1;5kg:1;zacisk:1,15aa77b60123a13eec5e9e56498af7295de2f2e3173b92e9d5766bf10871ee17,e121b252ccd8b26679ccb96ce733b32c1cd2a725d888b16d0ed60e1ef903f16d,,2,val
IMG_20250504_205646.jpg,train,480,640,2025-05-04T20:56:46,10kg:1;1kg:1;2.5kg:1;25kg:2;zacisk:1,1f19e4b3fbf0e0d2885cef724a0325dc9d0b2a119876a6a88b739c110302f420,8c2da78e935e1eb9658f3ea1e28039c086e33bde88af6cb980c063e2afc75c39,,8,test
IMG_20250504_191940.jpg,train,640,640,2025-05-04T19:19:40,1.5kg:1;15kg:1;2.5kg:1;zacisk:1,3915f93a58294df6b603c227e116264d4a95501fc9ec15d82f45c559e501002a,d094d0b00d33a118a64c2f7ad67139822d7a862937a93d7faf7b862a5d489777,,5,test
IMG_20251009_121952_jpg,train,640,640,2025-10-09T12:19:52,1.5kg:1;10kg:1;2.5kg:1;zacisk:1,dfcf286bf7310bb4db42068f5325ef4e3df283b2ffb7e6dcd890949ddefdaa47,cc639936199c33999a66cccdf33063193333cccc64cc6633cccc992ccf9973b2,,12,val
IMG_20251107_104945_jpg,train,640,640,2025-11-07T10:49:45,15kg:1;25kg:3;2kg:1;zacisk:1,9221e23e6e97ca5da6931b64e8e130218ba3486d49c24c5cfb03e9086d0f0b06,ae598e4ba3efa76dd244a3820f4b475ce7a6dff64fe0e143a18081a05af37061,,19,train
ZE_186.png,train,640,480,,0.5kg:1;25kg:2;5kg:1;zacisk:1,af036efa52e5c3a1c2a86e59c23645dcba2ed9736b3736a388e495a98f4f2e23,f06c5990ee133f43b74103e0e3f08db8999c198ce13ca67f22cf660fe63d19e4,third_party_video,,excluded
IMG_20251106_140711_jpg,train,640,640,2025-11-06T14:07:11,15kg:1;2.5kg:1;2kg:1;zacisk:1,4fde33eee0c15f3e02ef8d151a1252019824f231b0a0fae449168363bc7d4959,f22af1aae1d765cdf38ce6ccd2ea2399c334cb2647320c130d1cdf245e381cd3,,16,train
IMG_20251107_112308_jpg,train,640,640,2025-11-07T11:23:08,1.5kg:1;10kg:1;2.5kg:1;25kg:3;zacisk:1,5eac021386fcca1cd454338445a13cfe233cd3deac6acb8349996fa470da9f1f,f792cd936b69326cb6c8165249b649a5dd4996ca3a966bb6e16985491ed24a96,,21,train
ZE_85.png,train,640,445,,1kg:1;25kg:2;5kg:1;zacisk:1,1b372675b1c6d8af16d502ba9377c948d514e04dc3ec7214cdcfb76f118d2bbb,a64d19b3c9a6e64d99ba1922c577a2aab6cc599362b2ae6a9c4c72ab59936664,third_party_video,,excluded
IMG_20251107_101945.jpg,train,480,640,2025-11-07T10:19:45,0.5kg:1;2.5kg:1;20kg:1;25kg:2;zacisk:1,c62a807a1e374943a28b38eadec3b1a6c9466a63e44eb7e08abe43a248dde3a4,a49cb86d996136a326b6cb9476ba6ab28b6b394989ced1aea09509b55723ae53,,18,train
IMG_20251106_134704_jpg,train,640,640,2025-11-06T13:47:04,10kg:1;2.5kg:1;25kg:1;2kg:1;zacisk:1,1a094c10fbfa890d2a9f6ae5401a22195b461dfa81254b2b6849f34d6faa1a78,e087ae700e69610b646ab30f33437adc7bd9c652b21264d264d92f99c4d779b3,,16,train
IMG_20250504_195104.jpg,train,480,640,2025-05-04T19:51:04,10kg:1;2.5kg:1;2kg:1;zacisk:1,6691dad02ec3329fd32c12ff134f0be3bb4fd1f6baa18ea8ddbb848340136f45,d6899a7f8d2eba52a7ddbc198771a50c3bc6e4097297694660206be7f4887383,,7,test
54.png,train,640,426,,10kg:2,404bb6f718ab00327a5c447870ff03325396afa2caef5b6c8cbb2861d98e9397,b7002526d0f96586d8dde1971e03e1e76662c9cde27348c9f07250ddf8c6a27d,third_party_press,,excluded
IMG_20251107_104812_jpg,train,640,640,2025-11-07T10:48:12,15kg:1;25kg:3;2kg:1;zacisk:1,b9d3d0e05d685dfc3202da0d4ba44e977096f34627698e9f04cda4597f1dabc6,a4799a4a93cf65a59834658e1ee11a78841d92e767399e69a087d1dc1be276d3,,19,train
IMG_20250929_123232_jpg,train,640,640,2025-09-29T12:32:32,0.5kg:1;2.5kg:1;20kg:1;zacisk:1,d1265fa550ed58489f4495208808242487bd35b7667180f9fd8ab895863e15b9,987199b3999966d9ce65cc6799b66498ce6cce649a643996ce649a6499613993,,11,train
IMG_20250501_183802.jpg,train,640,640,2025-05-01T18:38:02,2.5kg:1;25kg:1;2kg:1;zacisk:1,71c227e402b1d71f2c354e7be35d4e3258369414b078f491d297a931cc50871a,837974b55c9c56b7388e3c4ca37b834a33636e3bcf59a1c884c84c9ce697a1c3,,1,train
IMG_20251009_133241_jpg,train,640,640,2025-10-09T13:32:41,1kg:1;2.5kg:1;25kg:1;5kg:1;zacisk:1,b20f63c6b2156869eebdcb38ce6fc86cae4bd453c17a01894be9df8ef69c1ebe,9a699b249b6666939b26ccd99b2631ce9b24e67964cb659c66d3931964984ce6,,13,train
IMG_20250504_203142.jpg,train,480,640,2025-05-04T20:31:42,1.5kg:1;10kg:1;2.5kg:1;25kg:1;zacisk:1,e423a1b5bff075bbe6228c752a99e66fad600d4369f7961c64de385e050d9223,d5199f558e269aaabafa9e7c1b16952c1a76a5a8139f4d8fa0282af7c4c83293,,8,test
IMG_20251107_111537_jpg,train,640,640,2025-11-07T11:15:37,15kg:1;2.5kg:1;25kg:3;2kg:1;zacisk:1,e9b00ee8bc32c857ab74406e86db2dc72327dc2492125963d5f51a1b318a60b7,ec6698c613996f29a13c61bd99c128c69a74e635e2c618c2d939d1bc473e57e3,,21,train
IMG_20250504_203832_BURST003.jpg,train,480,640,2025-05-04T20:38:32,2.5kg:1;25kg:2;2kg:1;zacisk:1,a84b082246b0354f282daaaaf087b127258366fdbd94e809294ad6f0d92a475d,8065b86b9d929077b6e79da2fe7a97d4189a853566637ab88dc47a088105667f,,8,test
IMG_20250501_190659.jpg,train,640,640,2025-05-01T19:06:59,2.5kg:1;25kg:1;2kg:1;5kg:1;zacisk:1,bbf068fe661603d79a30beac9e968f27f0d56af4c49ac36257903b72aff1c205,9496fc993cd9384d39498d3ba73b8bccbd451ec89266a126c6e0cbb20cdce6b2,,2,val
IMG_20251107_100532_jpg,train,640,640,2025-11-07T10:05:32,0.5kg:1;2.5kg:1;20kg:1;25kg:2;zacisk:1,61afee4378a1f317a6d4548828b69d55842111a76b8ef92222e7708bf627815e,b2ca8f9f8f26f0704db3a1e71658f624f367575bb04049baf36bf0608d360702,,17,train
IMG_20251107_101956.jpg,train,480,640,2025-11-07T10:19:56,0.5kg:1;2.5kg:1;20kg:1;25kg:2;zacisk:1,087b0332a42fdd4913f1f84f41bde1cecd312954e88c7f1d4bba443d326d700b,a53cb079984335e724a7e695779640a29a4f3a4b8b4bd50882bf0bf55565ac57,,18,train
IMG_20251107_104816_jpg,train,640,640,2025-11-07T10:48:16,15kg:1;25kg:3;2kg:1;zacisk:1,21a4f0c0850f1dd144a3026aad03d545b639d627cf963b846655c95097359b13,a4799e5b1bcf65ac2c34658e5bc31a7a841c92a36f730f6ba02590dc1ae25bda,,19,train
IMG_20250504_203725.jpg,train,480,640,2025-05-04T20:37:25,1kg:1;2.5kg:1;20kg:1;25kg:1;zacisk:1,0171a8f12d50a09f2eafa339739e9add489d452a18201d3dc450137aa0ca5b8c,a125aa499c9a943436f31ef2867736f9189a85363673893c3fdc7eeb8125224d,,8,test
IMG_20251107_095951.jpg,train,480,640,2025-11-07T09:59:51,1kg:1;2.5kg:1;20kg:1;25kg:2;zacisk:1,f77033d16d9db8605c13566a9607fde1789b793a1bc8cca26feafb2433b7c86b,c3fcf0df9cc19c29304ff7fc1e879334312608934c9177b7c170cbc45b0560f9,,17,train
IMG_20250929_123230_jpg,train,640,640,2025-09-29T12:32:30,0.5kg:1;2.5kg:1;20kg:1;zacisk:1,f450c04774668b67c6061beb7d8f5d7bb8dfd7d499b5c5bfa09e689a9511db3a,dc3199b3999966c9ce65cc6799b66498ce6cce649b643996ce649a6499311993,,11,train
ZE_10.png,train,640,526,,15kg:1;2.5kg:1;25kg:3;zacisk:1,ea4270031138e41acbf52d453ca0623817a3750af98bf469bfd40d925f02dca2,dffb089ba00633ce73ff800f0c934cb9dccb620bbd046626324cf28bbf450cbb,third_party_video,,excluded
IMG_20251107_110010_jpg,train,640,640,2025-11-07T11:00:10,15kg:1;2.5kg:1;25kg:3;2kg:1;zacisk:1,92370ab1156bed887f313088c6c5a1c04a2d77aa53ce5d645b7e3a9425a19f73,ac339cd3539c654e90cc63ae6ca35470c538928e6ce3d071c30d3eee3a7874ed,,20,train
IMG_20250504_203157.jpg,train,480,640,2025-05-04T20:31:57,1.5kg:1;10kg:1;2.5kg:1;25kg:1;zacisk:1,52468c6634ee18323d2472fb3d13e33254b6f4e41598d79f42e8199aa1f3cf29,c514befc8cb9921ab7dd9cd41e6995581acda5121635091ca5e73befc51032d6,,8,test
IMG_20251107_113306_jpg,train,640,640,2025-11-07T11:33:06,1.5kg:1;10kg:1;2.5kg:1;25kg:3;zacisk:1,577a599f332ca16ceb4af507408b49c631abca66216882b9feaacf5b676d3cc9,a5a7d6ea921a652cd2eb34e7c37e35588d15a4d5e8d51a51af14a9a5a0d34b54,,21,train
IMG_20250929_121507_jpg,train,640,640,2025-09-29T12:15:07,0.5kg:1;20kg:1;zacisk:1,f4433dffa7d572dae33512837ba2978cb0b802898919f12574cb6d13a40964d3,cc649b3299b366c99993cccc993367999cc6ce6c33306733ccc69b34664c3993,,10,train
IMG_20251107_112857_jpg,train,640,640,2025-11-07T11:28:57,1.5kg:1;10kg:1;2.5kg:1;25kg:3;zacisk:1,c70c78a40de530457796a50fc5aff9f6b062fc96e1686e7521e4b142fef9f8f3,f0f28bb6cf07306886d9b4d38e306927c97cb25ab0f2c934cab68d69b5c91a9c,,21,train
IMG_20250504_210621.jpg,train,480,640,2025-05-04T21:06:21,0.5kg:1;2.5kg:1;25kg:2;5kg:1;zacisk:1,33390a7a5e55a55d71742532f73977f70b9f88ad4fab22c1aab1f9d34ce5c9cc,81369f248ec9881f3f5a8ffe93cf1e7b0c78258471a728e57c78e860c00353bf,,8,test
IMG_20250929_123314_jpg,train,640,640,2025-09-29T12:33:14,0.5kg:1;2.5kg:1;20kg:1;zacisk:1,10d746508b5440b390f5f2934a948e94a42b1c63ebbad2956cce8b8cfa61f3bd,98649933999966c9ce65cce699b666d9ce6cce6c9b643992cc649864993319b3,,11,train
IMG_20250504_194125.jpg,train,480,640,2025-05-04T19:41:25,1kg:1;2.5kg:1;25kg:1;zacisk:1,e2b9bdb5b4b6e9a1a0d0db0d247e119a7af8bf021f52526e2b79e4cace3c6ea5,d5b9952e8b46ae99aed30edfd7391b060b4684d90f1695cf2271097cd48971b1,,7,test
IMG_20250929_120340.jpg,train,480,640,2025-09-29T12:03:40,0.5kg:1;2.5kg:1;20kg:1;zacisk:1,f91c5488e3d8811a4ef8c250914188d2df72fbe878e50a7a3e942ef350e81bc2,8c97971a1e08c8225b309f09e8558f3cdb77c90b605df0d795a2f0fb20df6956,,10,train
IMG_20251106_131115_jpg,train,640,640,2025-11-06T13:11:15,0.5kg:1;15kg:1;2.5kg:1;25kg:1;zacisk:1,cd23e77fcf0835ed6447d504295e1a61b4b0e6788a0d5e790e3d420cfd5e5d58,f5d79be19366fc1e033366da7cb0038a2a8c1a39172111ececc3e653c1f8b59c,,14,train
33.jpg,train,640,376,,1kg:2;2.5kg:1;25kg:4;zacisk:2,191305abaa9b7a629f90ec3ac0e492ce5e143a481a4cbb2da63159e452947dcf,d267c29d34983dcc48e36263364b0f1e1d1338c86cb8673e3537393dcdb2c2d9,third_party_press,,excluded
IMG_20250501_185711.jpg,train,640,640,2025-05-01T18:57:11,1.5kg:1;10kg:1;2.5kg:1;25kg:1;zacisk:1,31982622bb90ad30fd141450ae7bc3a5f5b83addcff3a2596d250f204b574c59,e125b2daccdab66158c6bdec6331b3391cd63f3dc88cb1440e524e7e2903f1a5,,2,val
IMG_20251107_120555_jpg,train,640,640,2025-11-07T12:05:55,25kg:4;2kg:1;5kg:1;zacisk:1,bc7106cce08db7921cae59155b4410e4afa70a24802f5f5a304fed0ccbf15d17,f6c9cf2429b62c59b24936d88ab44b6bcd92b4b63acd5a4dc7b9cd3209834a95,,22,train
IMG_20251107_095656_jpg,train,640,640,2025-11-07T09:56:56,1.5kg:1;2.5kg:1;20kg:1;25kg:2;zacisk:1,d614711968002208035e9d50fa6f33c48ff91cc8dc49c89f912e80576b86bd94,a4ccf94a4f3165a1998c6732e8f34e4f861018ce71ce99292639829c7bcff4e7,,17,train
IMG_20251107_120615_jpg,train,640,640,2025-11-07T12:06:15,1.5kg:1;1kg:1;25kg:4;zacisk:1,699df9634587a3cc54893824f7274250ec085aed78d2ea9302a364ea1c44d70a,a995d6863ce1695be31f63481a701cb4d1cfe1ac6f182c5081ef94be1e946fc3,,22,train
IMG_20251106_134849_jpg,train,640,640,2025-11-06T13:48:49,0.5kg:1;10kg:1;2.5kg:1;25kg:1;zacisk:1,8c956c4002a3dd82e10c8fc2a867cc1336cce85c04ed4742f6bd0f33b90eb272,f54ad95509a606c5f231e47574da0f8f03aad138f47afd160bc78751fcd4281c,,16,train
IMG_20251107_112859_jpg,train,640,640,2025-11-07T11:28:59,1.5kg:1;10kg:1;2.5kg:1;25kg:3;zacisk:1,465deb5bce19ee0a1d7ea153df87181d92028b0a14ab7ffaadd297d279580207,f0f38bb48f06306896d9a4db8e32e927c964b158b0dac934cbb69e69b5493a9c,,21,train
IMG_20251107_112353_jpg,train,640,640,2025-11-07T11:23:53,0.5kg:1;10kg:1;2.5kg:1;25kg:3;zacisk:1,fe8dfcc03925064fa34917ad8f62c99c65bf6dc2022c998423da0e8c9d37b1f2,a4c7da4233182da5e3c725349b581e58d863e6b54dddba43c11e983e1e731d63,,21,train
IMG_20251107_100604_jpg,train,640,640,2025-11-07T10:06:04,0.5kg:1;2.5kg:1;20kg:1;25kg:2;zacisk:1,0f30f45672c78ea3c9575aaa8dced7bb2e85ea3d750c6a37030d1e1cbbdab37b,a499b9d25e6365239b0d6774ece60cca8411919d739c9b7a2d23a2995b5c74e6,,17,train
IMG_20250929_124624_jpg,train,640,640,2025-09-29T12:46:24,1kg:1;2.5kg:1;20kg:1;zacisk:1,33e9be7683c4b8b0429e638e2f143440851660b91e39425923dcab8b2f9d78a6,99649932999966cc9e64cc6d99b26798ce6cce6c9b6c399ace649a6c99313992,,11,train
IMG_20251106_141106.jpg,train,480,640,2025-11-06T14:11:06,15kg:1;1kg:1;2.5kg:1;zacisk:1,43e3a18c9f940331894072f5a13c5e8ad7045621e8f75fe150c4b73a41eeb275,ba66d9631da35c63e6e4b1b04d628ce48ac833183d981d99fb317bb95f8940ad,,16,train
IMG_20251107_115835_jpg,train,640,640,2025-11-07T11:58:35,1kg:1;25kg:4;5kg:1;zacisk:1,b8dcaf20bcee6903a70ede76972a925b6191fa93170414a21922ffe79adf5e90,e3189c6358e7798c9d2c63879ce167381a9e60f3b1df0e582af1a8c7ab1d1ec0,,22,train
IMG_20250929_124742_jpg,train,640,640,2025-09-29T12:47:42,2.5kg:1;20kg:1;2kg:1;zacisk:1,c7c04a0712de4e4d5aed8ab91212a2006fdfaf7b71f53ebfc3cc59ec68be6093,996499369b3166cc986ccc79993366d9ce6ccccc9b313993cc649b64993339b2,,11,train
IMG_20250501_191339.jpg,train,640,640,2025-05-01T19:13:39,2.5kg:1;20kg:1;25kg:1;2kg:1;zacisk:1,173720d41f340162001a5f8722cb2c3beac76760c88b0d7fbed5b5beb25ff446,a12dfdb33c82308a3b92eb72e3779995aa521d9336ccb2698c829b249d8da7c5,,2,val
IMG_20251107_120140.jpg,train,480,640,2025-11-07T12:01:40,1kg:1;25kg:4;5kg:1;zacisk:1,df4c9f054b8c80b79cd1ec48fb15fdd9d45d73a062a92c39e711d973e54f30ef,e18f8d9b8f307f8223cd973f334cb2409644a7c99fd70dfb4da248004e607db6,,22,train
IMG_20250929_120138_jpg,train,640,640,2025-09-29T12:01:38,1.5kg:1;2.5kg:1;20kg:1;zacisk:1,e75739a8395ba1bdcd24ac119401622923321fedbaf6ec5f3919c9d98febac8a,9a699b659b2966c99a6cce39312665a6c6d9eccd64d133399ecc9a4c30d93866,,10,train
IMG_20250501_191210.jpg,train,640,640,2025-05-01T19:12:10,1.5kg:1;2.5kg:1;20kg:1;25kg:1;zacisk:1,3b3ae6c2b5c042e9715f4fd2554b726494b49a63f1758798750b8d3a97c0e408,a16aed767da6709452945365e274cb24ca7459b755bee2716894422c987b3657,,2,val
IMG_20250501_185859.jpg,train,640,640,2025-05-01T18:58:59,1kg:1;25kg:1;5kg:1;zacisk:1,6a54c6bb6ea566fbf0c2be9be0049e91e68d814fbba2b1268f41e20b30b4ab82,e135b25aceceb32358c6ad2cf319b18e1cd3ad24d8ccb3270e52f10df98198e6,,2,val
IMG_20251106_141200_jpg,train,640,640,2025-11-06T14:12:00,15kg:1;2.5kg:1;2kg:1;zacisk:1,05a2178edbe37f98981dbaff34738d0487c3fd660b4e00f43d3fd6310f996fe0,e4e38e6609ac259c939971acd8c673cd0e568f1856734666999ce619f3a67986,,16,train
IMG_20250908_112608_jpg,train,640,640,2025-09-08T11:26:08,15kg:1;2kg:1;zacisk:1,fcb1466faa593e90cf5cfd5f53ecf5545083fe06cde589358885d3b10cedab04,98649b26cc7366993336cccd993067993666cccd93986333cce79a4c663139b6,,9,val
IMG_20251107_095417_jpg,train,640,640,2025-11-07T09:54:17,0.5kg:1;2.5kg:1;20kg:1;25kg:2;zacisk:1,6f4b153149d78e48df3a17a1fe54155aa296b216c522d09c14d924a80038df17,c633d2c1988ca435d8db4646a578bdda0fe6c39264f01ff6e632b030b8c16f4f,,17,train
IMG_20251009_133756_jpg,train,640,640,2025-10-09T13:37:56,10kg:1;1kg:1;25kg:1;zacisk:1,b7e360a2646e0e360857a280d3e0a6ec77b0b80c0d65094a107e2bfccd81ee18,ce5a9b399e6c648e9b3366529b4c64e53339e6da64d36d846638924b67863931,,13,train
IMG_20250501_191211.jpg,train,640,640,2025-05-01T19:12:11,1.5kg:1;2.5kg:1;20kg:1;25kg:1;zacisk:1,3a7578417791797710abe1a81c59110c42efa2a145f026a2ac41da37c3196b06,a16aed7e7da670945294534562e4d364ca7459b75dbee27168b4623498783457,,2,val
IMG_20250504_210258.jpg,train,480,640,2025-05-04T21:02:58,1.5kg:1;15kg:1;2.5kg:1;25kg:2;zacisk:1,ef3775fd9451b384d0fd1a30cec9b2355bee2207119d526566d1eb1a6cbd77f7,881d811bb1a29d0062cdb055c9b33fc836e8693acc3326c35f2cdefcac7fc0e7,,8,test
IMG_20250504_195136.jpg,train,480,640,2025-05-04T19:51:36,1.5kg:1;10kg:1;2.5kg:1;zacisk:1,7447b454fdbfd10103a1a42f8f765fdde9a069ebac4fbe9165df80565745afa0,d7899a7f8d26ba52a7ddbc1d8771a50c3bc6e4087297694660206b67f4887387,,7,test
IMG_20250501_191358.jpg,train,640,640,2025-05-01T19:13:58,2.5kg:1;20kg:1;25kg:1;2kg:1;zacisk:1,e2073c3108e2aed19ee40e0864532a472e974497cb7a09cf05171250031ac81b,b135ecb33c93308239c2eb32e3779193aa5a1d9b369fb268b403930498dd9dc7,,2,val
IMG_20250504_193902.jpg,train,480,640,2025-05-04T19:39:02,0.5kg:1;15kg:1;2.5kg:1;zacisk:1,75a86a81db358ca3b3757d9da825661842af145d90d8c285d0718da2454f7802,d57a9d600a642a33ae990ebc8e718cd92abc8e75d3323bcc4eaee4d9519c71a2,,7,test
IMG_20251107_101810.jpg,train,480,640,2025-11-07T10:18:10,0.5kg:1;2.5kg:1;20kg:1;25kg:2;zacisk:1,563daacadccfc0aff9bdcf283830fd788dac3bf3574efa1664a5838135022e17,df208f2088f0630a23cfe1c1ff203bfec5c7efc7807c88fd6941a15c9f0a2f0b,,18,train
IMG_20251107_113717.jpg,train,480,640,2025-11-07T11:37:17,0.5kg:1;10kg:1;2.5kg:1;25kg:3;zacisk:1,31b6d9d9e84e3b9614c71e14183c5ca313ca4ade3bb6cde96bbd188c0facecfb,8601dec1db86628e6619e75d4a6f5aea58ca2946ef67966e18ae6426852ccd5e,,21,train
IMG_20251106_140334_jpg,train,640,640,2025-11-06T14:03:34,0.5kg:1;15kg:1;2.5kg:1;zacisk:1,ad17a2e52237f7b7d820520ddee1c9c251390ae9793e562c643e91cb4259b782,e3718e671cc8318f9218a3b08d9e76e99c67993367336ce6db8c9339c31c41cc,,16,train
IMG_20251107_115746.jpg,train,480,640,2025-11-07T11:57:46,25kg:4;2kg:1;5kg:1;zacisk:1,04e4276791935cbf76cfd76b29566c614c3a68a724d0ceb2f88b98826086fc7e,e18fcc9f8d184d1b71c705bf5f9f73c8bb40b60cb304bb4dbfcd279d05800a08,,22,train
IMG_20251107_120521_jpg,valid,640,640,2025-11-07T12:05:21,1kg:1;25kg:4;5kg:1;zacisk:1,dbd796f54236a02920d3b261213f2cb5111218ef88fc17e01fae8cbf0a0612e7,a98dd4029ce32948e70f65a9d2b83e7491c791c7da183c306bcbe1ef9e3c1e52,,22,train
IMG_20251107_112934_jpg,valid,640,640,2025-11-07T11:29:34,1.5kg:1;10kg:1;2.5kg:1;25kg:3;zacisk:1,2cccc0c787840872f86757068c3c201b59a7bfbde542920dc79650807ab8ce57,f0fb8f9f8f0772fc0fbe25b686ba4a07506cb4c860f8c9a0004a9d4acd4bedac,,21,train
IMG_20250929_121435_jpg,valid,640,640,2025-09-29T12:14:35,0.5kg:1;20kg:1;zacisk:1,3654b1e93467f1d8908ccf66ff53c42a932ecf3b8409132d305528e485cba283,cc649b3299b366c99993cccd993367999cc6e66c33306633ccc69930666c33b3,,10,train
IMG_20250504_204553_BURST006.jpg,valid,480,640,2025-05-04T20:45:53,0.5kg:1;2.5kg:1;20kg:1;25kg:2;zacisk:1,e801b006b3a170de77e623b5de0f37195d44a60e8f4ebaaf918862bbf68730ca,8489cc199add3fef67fe9a00e320aba48aae7a2f987b706393710e62ae953a18,,8,test
IMG_20250929_115542_jpg,valid,640,640,2025-09-29T11:55:42,2.5kg:1;20kg:1;zacisk:1,9536cd319fa2e81fe805346d0d712d139357c87edc15fdbf5473ede808bcaf9b,9a6c9b269b0d66cd8e64ce3931b66492c65966cd64db3199ce6c9a6c24cf3133,,10,train
IMG_20250929_123201_jpg,valid,640,640,2025-09-29T12:32:01,2.5kg:1;20kg:1;zacisk:1,8b66ba32d791ebab7449ad4efc623eed6b7ad8fc1fc4eeab595fa6e4196900ed,9865993399996699ce65cc6799b66618ce6cce6c9b2449b2ce6c8e6d99313992,,11,train
IMG_20251107_120046_jpg,valid,640,640,2025-11-07T12:00:46,25kg:4;2kg:1;5kg:1;zacisk:1,d7c86a6ea650c093635040fb1cb1b344704ce26c5c0c330b91e2784d6555e51e,adafd295b2f02c69d61e22cf5a6126b0596be46f593cda55a1c390711cb45f09,,22,train
IMG_20250929_123338_jpg,valid,640,640,2025-09-29T12:33:38,0.5kg:1;2.5kg:1;20kg:1;zacisk:1,9fe7d382926b8c2628c96b4975e2640489f9a260ae2e8ebe8a9a4d2ffaac5627,99319932999966d9ce65cce599866799ce6dce4ccc6c319b9a648c6c99653193,,11,train
IMG_20251009_133424_jpg,valid,640,640,2025-10-09T13:34:24,1kg:1;2.5kg:1;25kg:1;5kg:1;zacisk:1,928c816941bf9921bdb0c76e9c932ef69c67b6c2e70314e8b4d0ec906cb064fa,c616673ce6d99873693464ce9a6159b4869ec6672d989c9c6367cd93a49cc91c,,13,train
IMG_20251107_110523_jpg,valid,640,640,2025-11-07T11:05:23,15kg:1;2.5kg:1;25kg:3;2kg:1;zacisk:1,c18ab8cfcba04a752c8f4adcc28eb89ef10ed16299457e022c341812f795c123,e6669c5291917b199d3c653cf5436566147ac69e95d61cc25238d58ee53c3d61,,20,train
IMG_20250908_113157_jpg,valid,640,640,2025-09-08T11:31:57,0.5kg:1;15kg:1;2.5kg:1;zacisk:1,f44ce4046b4c38468d645d9b3e1fec913bc4ceed60abca2227a870226d8a367e,ce6d996699b3649b3336cc99cb2c659a3132ccc9924c30b36ce39e6d33193336,,9,val
IMG_20250908_112657.jpg,valid,480,640,2025-09-08T11:26:57,0.5kg:1;15kg:1;zacisk:1,7fdc30106897eb5b9fa66efce78b5b1673394e374bd809cf07d0f544e947cd26,8bd6b1a078213214342eb276aadfd85e4161c9ddc2c57d3a7068fe1e9b1630fe,,9,val
IMG_20250929_115413_jpg,valid,640,640,2025-09-29T11:54:13,20kg:1,bfa4eca42a0505694be3b92fe9ddf6eb3e7aa4fdd9bc17f04407a73642cebaf2,999b999999933333999b998eccd9664d6633263333333339893399b333333318,,10,train
IMG_20250929_121913_jpg,valid,640,640,2025-09-29T12:19:13,20kg:1;zacisk:1,9a7b60e1133463838cc0ffb643d9aedd52fdacb0e2ce8da609a923138d41684b,cc669933999366cc9999cccc99b366c99cc66664333366cb6ccc996666633199,,10,train
ZE_16.png,valid,640,399,,10kg:1;25kg:3;zacisk:1,f554dc9aeeaf8fa870c8a05adf3c490023b3867c29712680ad6076c5cef77a08,d571d5518c534acef25df31eb7b23de10d613df18296f21cc21f5fbe88026101,third_party_video,,excluded
IMG_20250504_211210.jpg,valid,480,640,2025-05-04T21:12:10,2kg:1,492d114f0b4e69fc23bdaf6e030906149f53eb3a069e710a8c92dd195f007dd0,95da85d1b265336c836e82a5ed50bc857a0b70cb50b94c3a8cb7dd35f3c1714e,,8,test
IMG_20251107_101019_jpg,valid,640,640,2025-11-07T10:10:19,0.5kg:1;2.5kg:1;20kg:1;25kg:2;zacisk:1,499dea7d628c2c9cd9e7c994a2d832831f7c3bce20161fec7dd2723069141ae8,a59698ef1e7366b1818466b61d6e596bc44091c67f9e8c65a8e1a2ad1f9e5d03,,17,train
IMG_20251107_113108_jpg,valid,640,640,2025-11-07T11:31:08,0.5kg:1;10kg:1;2.5kg:1;25kg:3;zacisk:1,bb1debc722a387b804f91d0d14a9928dd97e5d39791853c1e1241be244f1292e,e7ab9aca18b86f29c1ad65359ce13c65146de73f56c318c29838d18c67a53e61,,21,train
IMG_20250908_112456_jpg,valid,640,640,2025-09-08T11:24:56,15kg:1;2kg:1;zacisk:1,85035dc30049bf19dde03f6cffcba61ec56e2175d4ce221384cf5d6e9f77890f,cc649b26cc7366993326cccd99306799cc66cccd93192333cccece6c673139a6,,9,val
IMG_20251107_095556.jpg,valid,480,640,2025-11-07T09:55:56,0.5kg:1;2.5kg:1;20kg:1;25kg:2;zacisk:1,43cfb8b25958e12041100c2608b833348592046ae5535ba3ea3376c40475b3f2,d03886df47c639b93f31ce477c786e758787b9b16056464c397194b6644224f9,,17,train
IMG_20251107_113450_jpg,valid,640,640,2025-11-07T11:34:50,1.5kg:1;10kg:1;2.5kg:1;25kg:3;zacisk:1,bd22dfaaae5a55f074e084c556ee6ea9c23d63eccd716b02cf013331777c3f8a,ace3dbfad3182d20f34f25a6491a369bccb5f72f49ca9a61a499da061a583961,,21,train
IMG_20250504_195050.jpg,valid,480,640,2025-05-04T19:50:50,10kg:1;1kg:1;2.5kg:1;zacisk:1,c123c4ea24044d97ceccdcf9c67cbe6794140a1fa9b10a69c0d497abf94866c2,d7899a7f8d26ba52a7ddac198f71a50c3bc6e4497297614660206be7e4887387,,7,test
IMG_20251009_132517_jpg,valid,640,640,2025-10-09T13:25:17,10kg:1;1kg:1;2.5kg:1;25kg:1;zacisk:1,342b0a9aeba491e0da45e9fda7472ffe7e76d5325190b4aec60e78c42f30a990,9864c9b6cccc64d9cc9366d933336679333333319b34332c66d9993d319c3197,,13,train
IMG_20251009_121406.jpg,valid,480,640,2025-10-09T12:14:06,0.5kg:1;10kg:1;2.5kg:1;zacisk:1,f43c73cb9382f5e8fd55324ae45c59f182542f673d8c3342f66c1c0e8de7f427,80b4a1c95f4a2c7cce17b1d9b3c5f7f7b5709271b15abd4204e4c603578d48dc,,12,val
IMG_20251107_120417.jpg,valid,480,640,2025-11-07T12:04:17,1kg:1;25kg:4;5kg:1;zacisk:1,76c96c9a75aa26cbd874ea530b35080fcb554fa020626e024a1a50d33afa4be2,a59fd03ed2653477e5b2d21834d65df7f259b60c492c1a435cd92994f649064b,,22,train
IMG_20250501_190656.jpg,valid,640,640,2025-05-01T19:06:56,2.5kg:1;25kg:1;2kg:1;5kg:1;zacisk:1,9ad91ceda659020dbed67f7af82d1ab253ffab91432d80ecb0246387f0e22957,a4b6fc993c99304939498d3ba73b9b88bd491cc99666a366cec1cbb20cdce6e0,,2,val
IMG_20250501_185902.jpg,valid,640,640,2025-05-01T18:59:02,1kg:1;25kg:1;5kg:1;zacisk:1,ad66ed7b6f55b8b898f84be66134f22c3f66ec5a68d6c3498698864a9d39d644,e135b25accceb32658c6ad2cf319b18e1cd3ad24d8ccb3270e52f10df9839ce4,,2,val
ZE_57.png,valid,640,559,,2.5kg:1;25kg:2;5kg:1;zacisk:1,92904a405081513786bef5640991a654abf3cc24f1f9e1be8d8d9672257fc58a,ad9b124246e46dadb93bcd91c2663a5e9c59c7e456333c1b2d8cc7316db3380c,third_party_video,,excluded
ZE_61.png,valid,640,417,,20kg:1;25kg:1;zacisk:1,53afbdab114336bbdbdfd837945a9870788479ffa4d495be64631c5b3f83a265,aaaa9d56ab55a652c5548d56556ab53bb729c6aaaa8d349cb51596b386a294aa,third_party_video,,excluded
IMG_20251009_134630_jpg,valid,640,640,2025-10-09T13:46:30,0.5kg:1;10kg:1;2.5kg:1;zacisk:1,97c0b8f2aaac86f3c4896a84a29a7acfc571a2ca4831937bf4cb951e425bb83f,cc6699b299996679cce6cccc33323319c663ccec64d97333cccc9924333331b3,,13,train
IMG_20251107_102004.jpg,valid,480,640,2025-11-07T10:20:04,0.5kg:1;2.5kg:1;20kg:1;25kg:2;zacisk:1,c175408bbec36ea001224e65a5f328678c0c9153367a1285394c70e68565c3f4,a5c7a86d996934a32695e796769a5eb29a635965894ed2ae85d508b456b4a553,,18,train
IMG_20251009_120156_jpg,valid,640,640,2025-10-09T12:01:56,0.5kg:1;10kg:1;zacisk:1,aced712524b3c68e3de0aaf8edb11bc18949a2a81ca92f6175f66e8612d20e8f,c392c92c969ae4d2cf6d49189a6cc34cc36c9a4cb6cde7da325992c8669cb69b,,12,val
IMG_20250504_194319.jpg,valid,480,640,2025-05-04T19:43:19,15kg:1;2.5kg:1;25kg:1;2kg:1;zacisk:1,f2daf67fdda975779a8510721c53b923bb3a496548c818710325d6bfcf11668e,d5329d640a4cb6992e930ebce73b1a6d0acda5983b3495f3236c8a5cd5c27363,,7,test
IMG_20250501_190346.jpg,valid,640,640,2025-05-01T19:03:46,0.5kg:1;2.5kg:1;25kg:1;5kg:1;zacisk:1,aa69aa17fd2a8c98fde0654e8821475ba7dd0343a5acc5e2dc5aa339bb984e7d,e695916a996e26927326ccd9e4d93b6238c1d264e4633d9a5865e6f5b9343d48,,2,val
IMG_20251107_113406_jpg,valid,640,640,2025-11-07T11:34:06,0.5kg:1;10kg:1;2.5kg:1;25kg:3;zacisk:1,766c8db2d52ddefabe835ed72a4b344f60ec2a2009588da6e9e1e08c2af7fb56,f274cdb4cf832469d2c92744c8d8293bd75f3360c29669b74f1687c936b4ca16,,21,train
ZE_148.png,valid,640,535,,0.5kg:1;25kg:2;5kg:1;zacisk:1,53171ee99b06ebafebda2fc05a5fba3711b13741c603027fe83f4083514a074b,f18e1a178e35650b90c78b65648402d36ff9e987e3dff7888b852d730ec80e65,third_party_video,,excluded
IMG_20250504_203556.jpg,valid,480,640,2025-05-04T20:35:56,0.5kg:1;2.5kg:1;20kg:1;25kg:1;zacisk:1,f037dc6d46b8c660683f1cfabbf8ef419626c0125ce7b7f15fb6e37c863138b1,a124a8259cdb901336d31efba6773ef918cba5b2367989b63fed0ea98124630c,,8,test
ZE_14.png,valid,640,543,,10kg:1;1kg:1;2.5kg:1;25kg:3;zacisk:1,3d7de91db138f13e7c1eeb893ad0b153ad7caed6ec598b5b1bbefb2fe64c4960,8fcf58489bcf643007c0e73067311e4f7863a7b1a0300fcfd81e9fcf60e08fec,third_party_video,,excluded
IMG_20250929_120342.jpg,valid,480,640,2025-09-29T12:03:42,0.5kg:1;2.5kg:1;20kg:1;zacisk:1,6bfab6df7fded00ed158c13ffdc52be928a1dc067b8503aa164301fa33df3d26,8da8a675deffdadb52479ef6cab29842dac8da306fb2a1a8b579658021a06328,,10,train
IMG_20251107_100123.jpg,valid,480,640,2025-11-07T10:01:23,1.5kg:1;2.5kg:1;20kg:1;25kg:2;zacisk:1,9e5ac358f926bb21c513227a733989f0f158b1ddee873a1b668700022a0a7316,d038c6c363e3383dce47645b775593c53978e6471ab9b13624461899deb6686c,,17,train
IMG_20251009_134633_jpg,valid,640,640,2025-10-09T13:46:33,0.5kg:1;10kg:1;2.5kg:1;zacisk:1,a3f5ed54d6b52d80447adca31478bf4f52a11ec1e1b4ae60b3de9f6f516f2fa0,cc6699b2999966699932cccc333633996663cc6464c97333cccc99b4733333b3,,13,train
IMG_20250929_120006_jpg,valid,640,640,2025-09-29T12:00:06,2.5kg:1;20kg:1;2kg:1;zacisk:1,77c8dbe45fd9f89058b61f9e75ad0622801acf32e578aa31e51dac573493e040,9a4d9b65cb3936cb9a6cce39332465a6c6d964c964f133998e4c924d3cd33166,,10,train
IMG_20250929_124518_jpg,valid,640,640,2025-09-29T12:45:18,0.5kg:1;2.5kg:1;20kg:1;zacisk:1,6ff6aa758063a6c08eeaf404dc6399bc259d7a5258eb8f3efb00ab86e4e5b953,993199b39998664cce65ccec99966649ce6cce6c9934999ade64996d99911993,,11,train
IMG_20250504_211105.jpg,valid,480,640,2025-05-04T21:11:05,10kg:1,cf950b1de84bb2a5af161a9d1e2fd9370fcb63dbea2b5380f2e813d4482feec0,95ea80f5b272333ea3268235f55fbec57e4068ab729f441f8c15dd147360706a,,8,test
IMG_20250501_183053.jpg,valid,640,640,2025-05-01T18:30:53,1.5kg:1;25kg:2;5kg:1;zacisk:1,c62fc3c47dae6bfed84a844f0cb92e4e5274aca087e548cdc94ef79f33fd5e0e,83968f8d4cc9e8a367e668b1ea196f19c8c73910673db1103173fd3d9980b763,,1,train
IMG_20251106_135522_jpg,valid,640,640,2025-11-06T13:55:22,10kg:1;1kg:1;2.5kg:1;25kg:1;zacisk:1,a5db22ebd5538139929be803d20a2dd6efd7abd747e0a1813e3c61e418452dc8,aed3d92d47ec36b2cc676648193c74df31dade211b33193424cc66430e790dbc,,16,train
IMG_20250501_191214.jpg,valid,640,640,2025-05-01T19:12:14,1.5kg:1;2.5kg:1;20kg:1;25kg:1;zacisk:1,6d80466ddf5bd05aaecbc20eeb31ba7e603ee00d16e7603412a571e50cd4acaa,a16aed767da670955294534562e4d364ca74db355dbee27168b4663418783457,,2,val
IMG_20251107_113310_jpg,valid,640,640,2025-11-07T11:33:10,1.5kg:1;10kg:1;2.5kg:1;25kg:3;zacisk:1,9ff7a1ae2bf1a054f8b19d17e7ebb474a038eae3fc8bff99fd7ffc8346a69463,a5f6dfc293182534d14934c6c37e735a0c3196dd70d69b61a71ab92470c35b79,,21,train
IMG_20251009_134508_jpg,valid,640,640,2025-10-09T13:45:08,0.5kg:1;10kg:1;2.5kg:1;zacisk:1,c823a0c2f846b2ccd3bdef2f47f55cbada8be59c1022796a07c5341b580e2555,cc669932999966cdcc66cccd33333399ccccce6666cc331966678ccc8ccc3333,,13,train
IMG_20251107_102015_jpg,valid,640,640,2025-11-07T10:20:15,1kg:1;2.5kg:1;20kg:1;25kg:2;zacisk:1,06730f38b7bbea7e8b75e05bb6a4784a463599e94ca02245cb8ffe67f21cfff5,f86bcd894c9f72fcb364337648b24c998d4d93cf4ad368321765956c42904a9f,,18,train
IMG_20251107_112324_jpg,valid,640,640,2025-11-07T11:23:24,1.5kg:1;10kg:1;2.5kg:1;25kg:3;zacisk:1,1034ad6cbe6be69fe150a83257f687e9ce59c7b96f7755f65d0d187b62696a6b,a4e3daca33182d29e1c725265b581e5ac8a7e4874dadbe639096d20e5ada3fe1,,21,train
IMG_20250504_203356.jpg,valid,480,640,2025-05-04T20:33:56,0.5kg:1;2.5kg:1;25kg:1;5kg:1;zacisk:1,5097f1bca350580cfc878a6db2b4588f952fdf8cb42c67ddcbb730ccc83678b7,c506befc99b9923aa7de9cdc1e6195511ac9851a16f40914a5f73befc51032c6,,8,test
IMG_20251009_134622_jpg,valid,640,640,2025-10-09T13:46:22,0.5kg:1;10kg:1;2.5kg:1;zacisk:1,14366ab46a81abda5dd5ef2f5053f0646c99fc57b17a861d03c31d6f1b6f99a0,cc66993631996739cc66cccc33323399ce67cccc66c966c9cccc996633333193,,13,train
IMG_20250504_204640.jpg,valid,480,640,2025-05-04T20:46:40,1.5kg:1;2.5kg:1;20kg:1;25kg:2;zacisk:1,b03d4fcd8a8346a8a015e8fbdcc7ddc5bd4cd98d03182d5d288d372e49b3a222,8637c7479f6222a870aa8bdaf9d580512b94b95c3eac782f818fa1568bca3ee5,,8,test
IMG_20251107_120308_jpg,valid,640,640,2025-11-07T12:03:08,25kg:4;2kg:1;5kg:1;zacisk:1,e5ca56a842f90a435c78d0f7b08147b1fe21d5df17758a3281095310743cb281,e3189c7218e7798e8d3c672ebde3253810ce70e3971c0e5852f1d0efa7351dc1,,22,train
48.webp,valid,640,426,,15kg:2;2.5kg:1;25kg:4;zacisk:2,464748d5c330a8252288f71da878a58c886133bd3f11468e3fe573510f3d3775,f26b4cd3e32c38eb98716311cf8eb4ec383843366d871a63b6c9c1e4db2136a3,third_party_press,,excluded
IMG_20251106_140648_jpg,valid,640,640,2025-11-06T14:06:48,15kg:1;2.5kg:1;2kg:1;zacisk:1,da65a1daf59879cab54bdebb76f7b87cbf33e434ab51361116d8c7f58168a9cf,ac470cc678e473dcf3949b99abbc64e4a8d1ecb3164554649571ad496f076586,,16,train
IMG_20250501_190053.jpg,valid,640,640,2025-05-01T19:00:53,25kg:1;2kg:1;5kg:1;zacisk:1,1ac7adc7d71eb7e9932648233fa3e61600b5a5a59e7c6f5e5b3c49559913bff4,e135925bceceb33678c6ad24f319b1861ed3af24d8ccb3270e52a50cf981b466,,2,val
IMG_20251107_104808_jpg,valid,640,640,2025-11-07T10:48:08,15kg:1;25kg:3;2kg:1;zacisk:1,6ee2757afdb9de8813d24724fc1b804eb2116fc0c071381a76c33e2d276d6961,a4f19a531bce65ac983467941ee31a70849e96e36fb09a5be18fb59c1a62638b,,19,train
IMG_20251009_121843_jpg,valid,640,640,2025-10-09T12:18:43,10kg:1;2.5kg:1;zacisk:1,5ffa570eb1e9d277f09bd405507eadd3a91b47d93f0589c5ee2fa0daef7dc042,cc6699b2999833199a66cccdcf3333993399cccc64cc7339ce6699663998319a,,12,val
ZE_23.png,valid,640,505,,0.5kg:1;2.5kg:1;25kg:2;5kg:1;zacisk:1,0a452b215060deaf505c4436392ceb03ead6ca1dbd126c9ebc52d18f0c097da4,a6d9e6c9db2c19b69133433beecd3c4494ce6aeca131369bdbae096484b25a13,third_party_video,,excluded
IMG_20250929_120118_jpg,valid,640,640,2025-09-29T12:01:18,1.5kg:1;2.5kg:1;20kg:1;zacisk:1,b81ac4901faec5e8e0697f384c118be18d96656292bbecd0ba6b1da06baa1707,ce699b6599cf26c9ce6cce3931266496c6c96cc9663133999ecc924d38d33166,,10,train
ZE_215.png,valid,640,509,,20kg:1;25kg:2;zacisk:1,1a5ca641aab7461287aae8a8d73f5a55b8189e1dba23caff5c51d52d6ff60eec,df7f0cf3a31c220cb32c2a448cd3dcaa8ca36a443799f32c1b344cd3dc9b8cf3,third_party_video,,excluded
IMG_20251106_130834_jpg,valid,640,640,2025-11-06T13:08:34,0.5kg:1;15kg:1;2.5kg:1;25kg:1;zacisk:1,97a6bcec91cd2ec6bfe93c62aa8adc6e9bab3b83a6cd44353c9295f56b34a421,88cc8e2473b2b1ffa662e734c4cfe0c6d1d2ce64cf5cccd2f112946616ba039b,,14,train
IMG_20251107_101200.jpg,valid,480,640,2025-11-07T10:12:00,0.5kg:1;2.5kg:1;20kg:1;25kg:2;zacisk:1,060564938ad75faf204cb1394c986280906bc65cb2b12d5960d8d5a046b7b401,c07ffbc087b585b43c60d25b474ae8a7355e230875fbbc30a679576a5ae48542,,17,train
IMG_20251107_100308_jpg,valid,640,640,2025-11-07T10:03:08,1kg:1;2.5kg:1;20kg:1;25kg:2;zacisk:1,4a597cdcbe254360e208df973e2220aafad7e0b4635fccc079648237257069e8,ce45972b173a6b52baa31e8a4a8f7aab5aa9c8f4e8d419d8cf58c04339898f9c,,17,train
IMG_20251107_113156.jpg,valid,480,640,2025-11-07T11:31:56,1.5kg:1;10kg:1;2.5kg:1;25kg:3;zacisk:1,96718dc8cb65e09cb7eecf060ea48236eebb829ac05d82d26a7db9ff3ad46ec6,a68e52acda6a272324b6cb4c1fd90857d495735476d4cf54734511c7894bb799,,21,train
IMG_20251107_095643_jpg,valid,640,640,2025-11-07T09:56:43,1.5kg:1;2.5kg:1;20kg:1;25kg:2;zacisk:1,be6516d99e702a97f771f4ede0609493dc9476ee41d8eb645d9c9a66c1fcbf5e,b5cc954c5b7321219bac66b248aa9cf2a67c98cee1c6d92ac6ab318ad94b3ab5,,17,train
IMG_20250929_120809_jpg,valid,640,640,2025-09-29T12:08:09,1kg:1;20kg:1;zacisk:1,a17bbf637d45855e22406851b55eb2a15895acbb3ca4192bf735717073926af6,996699b29933324c9926cce733b36799ce646664338c3393cf31998c64cd339b,,10,train
IMG_20250501_191341.jpg,valid,640,640,2025-05-01T19:13:41,2.5kg:1;20kg:1;25kg:1;2kg:1;zacisk:1,f0999ac6b23fb64b29c94399d5ade1e9e4c86d66f6986c6266d706c3d3215c43,a12dfdb33c92308a3b92eb72a3779995aa521d8b364cb2698dc29b2c9d8da7c0,,2,val
IMG_20251107_112928_jpg,valid,640,640,2025-11-07T11:29:28,1.5kg:1;10kg:1;2.5kg:1;25kg:3;zacisk:1,8670033fabd09e6c58b0c36d80e2a5baf96c04e788a5b8149dd5a7c423f0e679,f0e9c409ce0574498cdd34c982d94b0753adb7c131bbdbb643a7c583c7838f96,,21,train
IMG_20250501_182757.jpg,valid,480,640,2025-05-01T18:27:57,0.5kg:1;25kg:2;5kg:1;zacisk:1,e3b972566c8b86089dc399c8a425f55ac44ba817e4e532d841d45eb0fa98057c,84308e519a6bf2ae311c5b05e4772df458aed0479b5986b969a65bc7c4543ddc,,1,train
ZE_127.png,valid,640,620,,0.5kg:1;2.5kg:1;25kg:3;zacisk:1,8a6696879925d094c0a6009f725bf4fe14284979066ca34b50f714b034d749ef,a6965a93da986c849ad612b2d1a8b36aa5ae9cea716be5288e5656d65af9a158,third_party_video,,excluded
IMG_20250908_113100_jpg,valid,640,640,2025-09-08T11:31:00,0.5kg:1;15kg:1;2.5kg:1;zacisk:1,61e10d98f974cdd7dbb0e5c6c392b1f786674ffa2f3b98783c1e02bdfd8d942d,ce699b6499b364993326ccd39864679a39b3cec9ce4c31b364c9ce4c63993136,,9,val
ZE_169.png,valid,640,491,,15kg:1;1kg:1;2.5kg:1;25kg:1;zacisk:1,cf739a0e3b1ffdb52cfb89895be12e63e99fcef9c21137f93fa9bffa534c479d,f38c9dfd2483fbfa84647e069918364011664ed0bff333bc2cef72065939a780,third_party_video,,excluded
IMG_20251107_095913_jpg,valid,640,640,2025-11-07T09:59:13,1kg:1;2.5kg:1;20kg:1;25kg:2;zacisk:1,9d6f2f6387bb307dc5c3429fa2d76a58206a371684073aabb3c340ff5a670610,e1e081fe8e1e7be4cc9bb0074bfcb2ca7a36df5934cb48bfb260ae0184306e38,,17,train
IMG_20251106_130948_jpg,valid,640,640,2025-11-06T13:09:48,0.5kg:1;15kg:1;2.5kg:1;25kg:1;zacisk:1,10f93ad4fba5cd49c85e7ed4cd8d4e028a328a9bfa80716fe3e651462ac50699,cc630733389c38fcb319b9c846664db6b9c987834f264e0ef89994b25b66f86c,,14,train
IMG_20251107_112213_jpg,valid,640,640,2025-11-07T11:22:13,1.5kg:1;10kg:1;2.5kg:1;25kg:3;zacisk:1,9e2850db0c11d6037da9807263cab5e1537b852c86cca42563d7c67c2ea66d50,be13c5932b69372db6663226cc936d91c560936d48d36993e56de56dc6d04ad0,,21,train
IMG_20251107_111403_jpg,valid,640,640,2025-11-07T11:14:03,15kg:1;1kg:1;2.5kg:1;25kg:3;zacisk:1,6634983e8902e7fdbbd80ee9f7fd039fa67f2a155217f881165593c009aa5fd1,b0e88f068f027c784f26752ab4f8756122fd87c305368f340a5f8af8853f1fbc,,21,train
IMG_20251009_133227_jpg,valid,640,640,2025-10-09T13:32:27,1kg:1;2.5kg:1;25kg:1;5kg:1;zacisk:1,39ceb88313bb7659e49d10bb5e6652a7317f13b97f2232d50fb2f522f9672e7b,9a4999249b6666939b36ccd99b26398e9b34e65b64cb6498669b93196ccc4ce6,,13,train
IMG_20251107_104950_jpg,valid,640,640,2025-11-07T10:49:50,15kg:1;1kg:1;25kg:3;zacisk:1,5ba9e0ef29d943f9a7e6c7dcb088f727f75551b0bc645ad6d5379235dd1031aa,d926cd876ccb3073c7cb26c34996592cf07cc3b04bb4cd24b568c05b4a977a97,,19,train
ZE_220.png,valid,640,569,,1kg:1;2.5kg:1;20kg:1;25kg:2;zacisk:1,ebee167a788a082895eff6fef0d82efe24d028d70e65f2b766ba482ff65f9c42,e4ecdb1f90d2583fb333ec2d12d0ad2c65cd5a3225a4da1a3bda8d2cc7903ca6,third_party_video,,excluded
IMG_20250504_205154.jpg,valid,480,640,2025-05-04T20:51:54,0.5kg:1;2.5kg:1;25kg:2;5kg:1;zacisk:1,cf10867585736eec8c92aa2edcc3fa6132f215d526436f8c502d2c7bf66324cf,8e96839593698f9b65e36be0d8c874e803773a256689389c68fc33e10be72f0b,,8,test
IMG_20251107_113254_jpg,valid,640,640,2025-11-07T11:32:54,1.5kg:1;10kg:1;2.5kg:1;25kg:3;zacisk:1,efcc0f227eeac8cf006fc070029a0406176fab36d2ea48d3210f78e2346f9b9a,a5a7d6ef9218252cda4f3556c1463556ad54a1df68f61a51af16a96570531b0d,,21,train
IMG_20250929_124458_jpg,valid,640,640,2025-09-29T12:44:58,2.5kg:1;20kg:1;zacisk:1,a857ae6fbd16819812af52c4c2864f1620475e3f3660a5bfcb4501af50fc12d0,99319932999866cc9e659c6c998666c9ce6dce6c99cc199acf319b2599c69996,,11,train
IMG_20251107_111709_jpg,valid,640,640,2025-11-07T11:17:09,15kg:1;1kg:1;2.5kg:1;25kg:3;zacisk:1,3149d8d6f09895c4cb7188aafb824670d94897feea6ce8e53a4d5fa9a6c156ce,a463dafa33d82d29e10e652edbc31eda9c38e4834f8f8e4190f0903753ce2fcc,,21,train
IMG_20251107_112413_jpg,valid,640,640,2025-11-07T11:24:13,0.5kg:1;10kg:1;2.5kg:1;25kg:3;zacisk:1,6a882150b39a356a0b4098bfcac0d6299de38934bc7b1870bfc881c0a27058ed,a5e7dfd29658652cd1c32473c33c3e3c98a5a28729e52e396f3ca0a7a2f70b08,,21,train
IMG_20251009_133422_jpg,valid,640,640,2025-10-09T13:34:22,1kg:1;2.5kg:1;25kg:1;5kg:1;zacisk:1,0f0d31f75b8537171f454ba61e56a491ae1f7a0f60d033929dd903aa874edb22,ce793326ce6632cb931bccd939b3664c4d91264b4c9b64cc3363ce59313c39a6,,13,train
IMG_20251107_095358_jpg,valid,640,640,2025-11-07T09:53:58,0.5kg:1;2.5kg:1;20kg:1;25kg:2;zacisk:1,9eee11d0bf707abe0bb8eb017f814ed944366ca342ae1edb073426ab25e76978,e7b5fa9a9b5e3da7c82b5e4718ae59432e82e511e4b2b5048e02d03a9d4d1f2e,,17,train
IMG_20251107_111551_jpg,valid,640,640,2025-11-07T11:15:51,15kg:1;1kg:1;2.5kg:1;25kg:3;zacisk:1,7630a5b8744f20b62a25797b59e173f71e7423b35be950791b14205fe4568afa,f0f88f9e8f4270f84db07d3ad4b87d21a0e9b3c071161f043a5fce5a861b4e3c,,21,train
IMG_20251107_100314.jpg,valid,480,640,2025-11-07T10:03:14,1kg:1;2.5kg:1;20kg:1;25kg:2;zacisk:1,49be3fdbb2f90d1d6b1713eb61c004ca72eef26410cc41b1eef56771258855d9,8d419ea23152e5dd779b9286c8d04bd09396e58d65fd3250e1181f6f952df895,,17,train
IMG_20250929_123731_jpg,valid,640,640,2025-09-29T12:37:31,1.5kg:1;2.5kg:1;20kg:1;zacisk:1,e74a45129360f99c2d03c618a134ce7db12a27f9b4a213fda56a205b36e43bc9,99649932999e66ccce65cc7199b26498cc4ccccdce7931b3de6498cc99ec3133,,11,train
IMG_20250501_191422.jpg,valid,640,640,2025-05-01T19:14:22,2.5kg:1;20kg:1;25kg:1;2kg:1;zacisk:1,d1c15936930a8afca9cd0848fe2131954c1c9a35ee07d4692ff3c2e4a17da73b,a129ed3a7da770d058844370637ed3e6ca7449b664a3ea706cd64335183b3757,,2,val
IMG_20250908_112700_jpg,valid,640,640,2025-09-08T11:27:00,0.5kg:1;15kg:1;zacisk:1,a2d8704c21dc8e68d44e17220932ef004e4ea5f560d86974bcc65ccc8559dbd1,cc659936ccc966d93332cccd993467993366cccd991833938c669a6c673399b2,,9,val
IMG_20251106_140249_jpg,valid,640,640,2025-11-06T14:02:49,15kg:1;1kg:1;2.5kg:1;zacisk:1,06f767870f7b617100d7a95a621d3cb7b08a81ebf1d6964c16e81d9a1ef10e5c,fe66c4c6519937d9d322b31b4cde7666f48c99631a134ccee22cb3191991798c,,16,train
IMG_20251107_113136.jpg,valid,480,640,2025-11-07T11:31:36,0.5kg:1;10kg:1;2.5kg:1;25kg:3;zacisk:1,c359ae39a18a836c982db44a70373215c4e2eae36b2871df39ea2387c4717d0f,f87cc444c78d3939787ccf560de96688c76231334b31c44d2d46c773935b34cd,,21,train
ZE_21.png,valid,640,548,,2.5kg:1;25kg:2;zacisk:1,7b472de8d60d5b80aa3e64e8ae8e70eaa7714d97c22aed78458272cec12482bb,a11d1681cc6210fe3b07e6f5f9182c880267f8b7de49c72620db7c2dd392e3ed,third_party_video,,excluded
IMG_20250504_210255.jpg,valid,480,640,2025-05-04T21:02:55,1.5kg:1;15kg:1;2.5kg:1;25kg:2;zacisk:1,2b47f5ee2799ac6e344136318f22d41d45ac5f0f6a4f141f15ef18ecabfc273c,8d1d810db1aa9fba6ac4b000c99a3fee366e6d9fcc3127414fa6569f8c5dc831,,8,test
IMG_20251106_141034_jpg,valid,640,640,2025-11-06T14:10:34,15kg:1;1kg:1;2.5kg:1;zacisk:1,61561e8c49d5a17bb279331d81ccc12048e65cab92a9440e8c880c4b0fbec2e9,aea30ee2722e733cd3391bb98b9ba6cea451ad516c4648469a439a7358666dce,,16,train
IMG_20250908_110106.jpg,valid,480,640,2025-09-08T11:01:06,15kg:1;1kg:1;2.5kg:1;zacisk:1,04bb6adad88cf420d44dfd1cb13b38a6b7c252b54b62065c1f1fe54e6687004c,86a1a947724f24603cb6b6e999b0d0d343c2d93284d7f84db0ffbc783381e17e,,9,val
IMG_20250504_210908.jpg,valid,480,640,2025-05-04T21:09:08,25kg:1,c4c4467889300052aad95eab8cc72c6b5744c7e73db33e87110e65ee8587383f,95ed8078bb6833a6a3368216f575bc427ea968a974db441d8f5dd924736a7023,,8,test
IMG_20251107_111834.jpg,valid,480,640,2025-11-07T11:18:34,15kg:1;1kg:1;2.5kg:1;25kg:3;zacisk:1,1b334611f51968438e9b3f17b117f13df3d7a0ff87b93090b3e31cbc51fd0c4e,a523d833da336030f0848ac9650ccd0c2bef67b2c7369af798ffc15d284f6c0f,,21,train
IMG_20251106_134720_jpg,valid,640,640,2025-11-06T13:47:20,10kg:1;2.5kg:1;25kg:1;2kg:1;zacisk:1,987a8f4516da55bd70bb21749904e7ce8a781817dbdbca656652fcc433a12975,e184cde48e7cb182ae722bcd01012eff1ffd0e344e244c69bd78a5b7c4226ee5,,16,train
ZE_52.png,valid,640,570,,1kg:1;20kg:1;25kg:1;zacisk:1,7e5162681c87e387ec90fe71c1bd4360da105022131f5ce463aa7b76d064f59f,b2d95b24ccc6e49bb3339b6e4364333322994b46665424babc9a596bdb65a4b2,third_party_video,,excluded
IMG_20250504_211309.jpg,valid,480,640,2025-05-04T21:13:09,1.5kg:1,cf13e0e95118408f6aacb37e9e387e3834a126168ea239792efd5444f8975238,957b90fd98303322832392b5e5d2bfc43b607a685495641a8e90dfbc737e716a,,8,test
IMG_20251107_100145_jpg,valid,640,640,2025-11-07T10:01:45,1kg:1;2.5kg:1;20kg:1;25kg:2;zacisk:1,98e049c3de0ca7c4dbf7f23625ad0d0a4c59a18dd416b4067e535d0178eef481,a599b8d4ce66656b938b6f65cf2e0dc68463119c719c1a5a2723a2987ad65cce,,17,train
IMG_20250501_185914.jpg,valid,640,640,2025-05-01T18:59:14,1kg:1;25kg:1;5kg:1;zacisk:1,45c8a8139ab07e60aa67c91be804afa40da64d3d190a150e3028966c83250d4f,e135b25aceceb23658c6ace46319b3bc1cd32731ccccf18e0e72465ab101f8e7,,2,val
IMG_20250929_120030_jpg,valid,640,640,2025-09-29T12:00:30,2.5kg:1;20kg:1;2kg:1;zacisk:1,c10aab6f54478aa35738b7f53de3d8929b0dc416e74a20481c364350832493cd,9a6d9b65ce3964cd9a6ccc3031b664d6c6d964c9233393128e4e33336db269b6,,10,train
IMG_20250929_123904.jpg,valid,480,640,2025-09-29T12:39:04,1kg:1;2.5kg:1;20kg:1;zacisk:1,dee93cf8d6b782b5e24d54d95424c828ae3dcdd143455573ab00797f3a2ceb9b,85a9a892ca58d38964b49d313e1237aaba5f9b4ba3ef21979ea9649e4c024d7b,,11,train
IMG_20251009_120534_jpg,valid,640,640,2025-10-09T12:05:34,1.5kg:1;10kg:1;2.5kg:1;zacisk:1,930b4354649bca91c6c76a72eef47c9bed66dba6a3e4e84499d31584c2efed71,9e699b6d99a6619b336466339a6c6ccc3326c6679a4e933c6cb0926cc64b9b64,,12,val
IMG_20250504_194135.jpg,valid,480,640,2025-05-04T19:41:35,1kg:1;2.5kg:1;25kg:1;zacisk:1,307906fdb96593d3cd79351e0338ac7bd14fa7a6321a542169424d16ee0d25fe,95729d640acdac322e920eb8c6723a7d1acd84b33b35919d22ef0af5d5127367,,7,test
IMG_20251107_105830.jpg,valid,480,640,2025-11-07T10:58:30,15kg:1;1kg:1;2.5kg:1;25kg:3;zacisk:1,c580fd89b607189d822d91e3f36b1c171301ff02782c2f2c2a167fee23800670,f6aacd5ac9758cab65cb2fb58658f29d765a1e152d2beb054924383434a8f2d0,,20,train
IMG_20250929_123200_jpg,valid,640,640,2025-09-29T12:32:00,2.5kg:1;20kg:1;zacisk:1,9d8feb9775d81fec57638b198ed92385292c8900448f064850559a4f3cfe6c8f,9965993399996659ce65cc6799b6e638ce6cce649936c9b2ce60986199b11993,,11,train
IMG_20251106_140335.jpg,valid,480,640,2025-11-06T14:03:35,0.5kg:1;15kg:1;2.5kg:1;zacisk:1,fe18cae26d4a9b6130522db739a767e17bd2b75f973c35fd66d349a52e9a32db,cb769d2d19496715ac312cce2d9ebd319d368e704c8a582a7a3bac3b9c7004fe,,16,train
IMG_20250929_125440_jpg,valid,640,640,2025-09-29T12:54:40,2.5kg:1;25kg:1;zacisk:1,c5b0e6dc776783ffd40018cc179d7f4aff8ee93f35ac9e4c924d2af708e2abec,99359993cdb1664ecc6566c9993366ccce64e665998c319b9926cc66998d9993,,11,train
IMG_20251009_133659_jpg,valid,640,640,2025-10-09T13:36:59,1.5kg:1;10kg:1;25kg:1;zacisk:1,0c1b15cbdca150f1222806f3cf527efa4eeea25e92c54e29c8a3db6f9c69ee3e,ce69993c996666c6999c667b9926659699b9664926d964f36463930c631999b6,,13,train
IMG_20251107_100945_jpg,valid,640,640,2025-11-07T10:09:45,1kg:1;2.5kg:1;20kg:1;25kg:2;zacisk:1,a581d702891cec1eecb3ec548b85e23dae7f8b8d3eb5e3df0523910e36db46d6,f060cc994e9b7060f744726270f26cbd855dc71f4a924eb2bf64b7cd4c9a1a32,,17,train
IMG_20251107_110455_jpg,valid,640,640,2025-11-07T11:04:55,15kg:1;2.5kg:1;25kg:3;2kg:1;zacisk:1,fdfd5155c3d4e81672465cd26cd5e7dbfa5ae7e1918358903a38a3b0ba76d554,e72bd4e792d5539d991c6781a143e1c65ee046aa41ef9ac3aac1f51ea50e1c53,,20,train
IMG_20251009_122635.jpg,valid,480,640,2025-10-09T12:26:35,0.5kg:1;10kg:1;2.5kg:1;zacisk:1,851d7ef61975533e1907162d532d78c7f478c3263868d2627496ca80621ef30c,82f681e479cb54e866627c8ecd8d63153db9cd91c2149b39bf19331d8f38b710,,13,train
IMG_20251107_112338_jpg,valid,640,640,2025-11-07T11:23:38,0.5kg:1;10kg:1;2.5kg:1;25kg:3;zacisk:1,3a328260eacdd015ff9eccbf2fb9d9852546e8eb84ee66014b362e157eb99444,a9ced6a536712a52e39e6a5a9ab114b9984e650e4bd6bee5e131d0191da11fc6,,21,train
IMG_20250929_123837.jpg,valid,480,640,2025-09-29T12:38:37,1kg:1;2.5kg:1;20kg:1;zacisk:1,949b18ff359cb1f3e99f49f16dee3e9c38b1ca3e62eb65dfea5abc806afc9ab1,87163ba5daa6867a61eb904626f597909aa2871a69a95c5768f1dadd9a56a61a,,11,train
IMG_20251107_100953_jpg,valid,640,640,2025-11-07T10:09:53,1kg:1;2.5kg:1;20kg:1;25kg:2;zacisk:1,c032adab2650551e5bfd74274518fb56da6ac465e92e0010d0d7b1358d4f2624,f064cd99439b3064b30c33724c994d9db94d874b78f24cb6b54d95d96a2e3ab2,,17,train
IMG_20250504_195023.jpg,valid,480,640,2025-05-04T19:50:23,10kg:1;1kg:1;2.5kg:1;zacisk:1,44225b050fb829e46498cf696582903df74ee3e01884fc4733d7a0282db1a58c,e4599f578c269a2ab33a1e349f74950c1bd6e5091293e5cc20e36fd5e4887ad3,,7,test
IMG_20250929_124556.jpg,valid,480,640,2025-09-29T12:45:56,0.5kg:1;2.5kg:1;20kg:1;zacisk:1,be7e61414d40a41f62bcdbb94e51e7afd53144122f81cbd9a0399cc9a0f4ddcb,8e7d33ea948565d2b19eb6e5862392164b7461c8b0fca6b3a679a45529eada29,,11,train
IMG_20250929_123335_jpg,valid,640,640,2025-09-29T12:33:35,0.5kg:1;2.5kg:1;20kg:1;zacisk:1,cfaeaf1688fdd306d9e11c2837d6a746f1be000487a7c48b74780ede76d0fe7a,99649932999866c9ce65cce699966399ce6dcccccc6c319b9b64cc64996531b3,,11,train
IMG_20250501_190655.jpg,valid,640,640,2025-05-01T19:06:55,2.5kg:1;25kg:1;2kg:1;5kg:1;zacisk:1,a3d6df505ba266b2112df8a8cf18862dd3b3b8c928aab34f38250b3c385b4e7f,a4b6fc993c99304939498d3ba73b9b88bd491cc99666a3668ee1cbb20cdce6e0,,2,val
IMG_20251107_120655_jpg,valid,640,640,2025-11-07T12:06:55,25kg:4;2kg:1;5kg:1;zacisk:1,c9acce158287b4afb68987b8bb6b6897a045ebec3e5e4ecfe57fad95739296a3,e30c9e879ac32b4b971e47a594e13c78ad6be1ab762c1e184a53da4e5b425f42,,22,train
6.jpg,valid,640,426,,1kg:2;25kg:4;zacisk:2,362f8b1fb0efff78a30c7e9a40de183e5c17fc89ba5fce116f786549d37600ea,864c83356cd35db2732cc9c432d276234ceb325b36364c8d4e6fb27cc8dc7274,third_party_press,,excluded
IMG_20250929_123420.jpg,valid,480,640,2025-09-29T12:34:20,1.5kg:1;2.5kg:1;20kg:1;zacisk:1,7ff83e727a6db28a02dae42338dae9e3459a0b812bf3f501efe6642eb486c1d4,90b4294bcb043293be1f99a4a0e1c93a6af2769bdfadb12198f8b1d4b643c47d,,11,train
IMG_20250929_120335_BURST002_jpg,valid,640,640,2025-09-29T12:03:35,0.5kg:1;2.5kg:1;20kg:1;zacisk:1,8a763d8d195144ddb7f3a7ca97d4bc14090e93ef331001b13b3e65e8cdc76f4d,8e6d9b64338d36c9ce64cc7131a66596ce494ccd63993399ce4e9a6d319931a6,,10,train
IMG_20250501_190729.jpg,valid,640,640,2025-05-01T19:07:29,2.5kg:1;25kg:1;2kg:1;5kg:1;zacisk:1,b730930b1ea0041e03a437c89985eb0e7bfb6835e5a10b802c2c6a8c8819194a,84b6ec993c9930c83949c97ba53b999aaf491d8916ccb3669ce1973298fca7c2,,2,val
IMG_20250929_125112.jpg,valid,480,640,2025-09-29T12:51:12,2.5kg:1;25kg:1;zacisk:1,21a83d3cf24f10ac79e380144129503d9836d909e446c1a43af87796c2afc0cc,8ce2621595bb299a6a95b3ab6d14947e9c8f98ea4a5dd19b611db4e700aaa793,,11,train
IMG_20251009_123624.jpg,valid,480,640,2025-10-09T12:36:24,0.5kg:1;10kg:1;2.5kg:1;25kg:1;zacisk:1,f52d6fa19c386a3062b5b059e0f7be63234c97de37a90c9d4a982531385f04da,a4a682d993398deec16d4b24fcd1bc5e89596c2f25b43dd472527a19648b45ae,,13,train
ZE_13.png,valid,640,434,,1kg:1;2.5kg:1;25kg:3;5kg:1;zacisk:1,5bb6c77ba31605f9bfd4a0ee2772c4af20f2cd0093fb025c41d23e72add0e9d3,a4f2592c1b936cce7568d3f0ecdcd96383ac66d01c2867c7a788aeb4d456d129,third_party_video,,excluded
IMG_20251009_133852_jpg,valid,640,640,2025-10-09T13:38:52,1.5kg:1;10kg:1;25kg:1;zacisk:1,3b950d4bcf869b486df6806a7dadff0c26e6253f43302f2fa3184d59298cf16f,ce5e9b399a6d65c69b31c618994c6ce3333866d364936c8c6c7192cb679e1931,,13,train
IMG_20251009_133102_jpg,valid,640,640,2025-10-09T13:31:02,1.5kg:1;10kg:1;2.5kg:1;25kg:1;zacisk:1,ee72f002cf2840f2305abe4588e530addadf457f4e589c2b0ab701689cdbc175,961a9b699a693ce49329c68e9a6d3c65b359669264966d9c6c3092d3699f392d,,13,train
IMG_20251107_115757_jpg,valid,640,640,2025-11-07T11:57:57,1kg:1;25kg:4;5kg:1;zacisk:1,92af05a896d0c918c13c78f85d133c704bca190b1f7d12ac47eab1317f5f7515,e31896b692e7615c9c7c47ada9e36854539450e343fc8e9042a1bdafa56abd43,,22,train
IMG_20250504_203210.jpg,valid,480,640,2025-05-04T20:32:10,10kg:1;1kg:1;2.5kg:1;25kg:1;zacisk:1,391ab5e4da0fbe85f28fe1ae91af56e5c36825afad16ec00a69565119deba671,c510bef48cb9921ab7559c551e6995581acda5121635491ca5f73befc51072f6,,8,test
IMG_20251107_120642_jpg,valid,640,640,2025-11-07T12:06:42,25kg:4;2kg:1;5kg:1;zacisk:1,0194c94dc3c1012912de020f96e43481562ef5cd64a267c47630c4f46cb93819,e318965218e36d28853c65a798e32c3c9adde3c72a949e58aae7b8e5af342b92,,22,train
IMG_20250504_204941.jpg,valid,480,640,2025-05-04T20:49:41,1kg:1;2.5kg:1;25kg:2;5kg:1;zacisk:1,d0ef985086c1091ba9dee11fef010dd97ef346edb9c7ded5370657b6e5603724,86f7c7479f6222a060a88bcbf9d58151239419546eac7d2fd18ea3168bca3fc7,,8,test
IMG_20250501_184933.jpg,valid,640,640,2025-05-01T18:49:33,,44899ac9f10f6c75c4ab2e20d43e38deabdb312c020d7a779452b7f1d22f74f5,b2add5cc4f56673176284b026ebb522e66586d405bc72d7e6d46f84a09e62956,unlabelled,,excluded
IMG_20250929_122418_jpg,valid,640,640,2025-09-29T12:24:18,0.5kg:1;2.5kg:1;20kg:1;zacisk:1,7337aa01c183bb670ab85ec50ccbdb19021ed0799babc4ffd12d2690cc80dfe7,ce6c9b3699b164cc9933ccd39b366499ccc666cc333966332cc69a6c66d93186,,10,train
IMG_20250504_205548.jpg,valid,480,640,2025-05-04T20:55:48,0.5kg:1;10kg:1;2.5kg:1;25kg:2;zacisk:1,54a063f0a2821f6571b9007ffa41d73d8987884186a15b9bab1222d109cc1b00,99448851b6a91ceb6e13603ed63e6b1c069176a14df56164cbbe679e1c3278e7,,8,test
IMG_20251107_100535_jpg,valid,640,640,2025-11-07T10:05:35,0.5kg:1;2.5kg:1;20kg:1;25kg:2;zacisk:1,774a40489c7891697bc2f63ef1b34ca1b9a483427503e083eb9201930411cd07,b2c98f1e8f2eb0664c9a5427b0490f8f613ef0f870da0b9eb9edf898d8940c9e,,17,train
29.jpg,valid,640,360,,0.5kg:2;20kg:2;25kg:2;zacisk:2,b5a4be7757740dc62de7b4d940604ba2462121395c9b1a87ab6da082692d4e50,c7d8da71f09e67a4b8a3709ea1614d36e61c0c49ef9429e358e5f8ac2964b71c,third_party_press,,excluded
ZE_211.png,valid,640,418,,15kg:1;25kg:2;zacisk:1,3204532da57db6af194f6159dc5ceab9b7de481e1857736f7366f300600c72cd,db330cf3e6cd4ccbb34c334c2224731c371c332c3a24638ff5d21c720cf1d9e7,third_party_video,,excluded
IMG_20251107_115906_jpg,valid,640,640,2025-11-07T11:59:06,25kg:4;2kg:1;5kg:1;zacisk:1,5ee39e51dd9c0435e7a6488543c78fc36c4d049917496365c0db32e60e220bb0,a52bd43692746b5e9e2b353bd53a1c3dad5591975c1ddc18ad15ca87641c5c28,,22,train
IMG_20250504_204456.jpg,valid,480,640,2025-05-04T20:44:56,2.5kg:1;20kg:1;25kg:2;2kg:1;zacisk:1,6e5e65901202d453307d7ab66f3bdf042ba076391d93d26b23816fb4591911db,86e5fe44984038a8b9beab99f9d58a113919b808783891deaa9fbbd2bcc370f1,,8,test
IMG_20251107_095639_jpg,valid,640,640,2025-11-07T09:56:39,1.5kg:1;2.5kg:1;20kg:1;25kg:2;zacisk:1,83897a8aa4242df62955d7c1a7527db92d9f94cf0c3e39131cd4242f162bb6ab,a49c984d5a332ab21bed673455531575a654bacae9ce9b2dd731131c894f24e3,,17,train
IMG_20251107_112255_jpg,valid,640,640,2025-11-07T11:22:55,1.5kg:1;10kg:1;2.5kg:1;25kg:3;zacisk:1,364eb3a177d2bb3118372a6b4605fced878f625167beef4e1f34a7233daf73e1,f092cd936b493269b6cc326c49b649a7c549b34b38966bb6e769c5790ec21a96,,21,train
IMG_20251107_100528.jpg,valid,480,640,2025-11-07T10:05:28,0.5kg:1;2.5kg:1;20kg:1;25kg:2;zacisk:1,fa1be08f7909d9e2b6ba86853d0636e9605ea5b8cdfae0b3817d97893bf8ce61,dd9885f887e2bf0f7f032737985c3c8d6711b606a01f4d91780ef86e405d3955,,17,train
IMG_20250504_194515.jpg,valid,480,640,2025-05-04T19:45:15,10kg:1;1kg:1;2.5kg:1;25kg:1;zacisk:1,46bf14ab9927f45f4993714872cf517048fb13491cd601afe4da3d184bd9ef6c,806d9c929992846daf6999693efc89d716b2896d76eaabb9a5885013817f7698,,7,test
IMG_20250501_185905.jpg,valid,640,640,2025-05-01T18:59:05,1kg:1;25kg:1;5kg:1;zacisk:1,b31cf9065f376fdf9528b712eb9e04d484f8c00e819fa84e29270714d59af196,e135b25aceceb33358c6a924f319b18e1cd3ad24d8ccb3270e52f70cf98198e6,,2,val
IMG_20250929_120657_jpg,valid,640,640,2025-09-29T12:06:57,1kg:1;20kg:1;zacisk:1,46957c57619ef60822bfd9f342242542bb945c4913f2f9032e44b4fde862db2b,996699b39b31324c9966cccf33936719ce646664339e3192ce71999864cf7199,,10,train
IMG_20250929_123430.jpg,valid,480,640,2025-09-29T12:34:30,1.5kg:1;2.5kg:1;20kg:1;zacisk:1,dd54eab9efcb005fec34fe29f3a155a255a71efc7cf921e8a2b134ac3b6cb3b2,87143babd2a6657b31cfb0f427319a80db3a494a58efd0d5e2a9921e642b91f9,,11,train
IMG_20251107_113020_jpg,valid,640,640,2025-11-07T11:30:20,0.5kg:1;10kg:1;2.5kg:1;25kg:3;zacisk:1,2f7844ae68553a3fb87fd46fb4f5a74824da94541799fb45f334ccc0329fb94e,e7299ec79a56673991eb40e3e171f8587a78421d47551c73a878d19ca5a51ce1,,21,train
IMG_20251107_110002.jpg,valid,480,640,2025-11-07T11:00:02,15kg:1;2.5kg:1;25kg:3;2kg:1;zacisk:1,d250634371aadf50ee70ee93797fca9f593a6ec25bf89672daf38bda411342f0,92b75b2544d23246b2528a5a8d7d96ad52a45cbdc9ca31c273b55e942b5ee94b,,20,train
IMG_20251106_130139.jpg,valid,480,640,2025-11-06T13:01:39,0.5kg:1;15kg:1;2.5kg:1;25kg:1;zacisk:1,ad25da505d84be3ca0a610d878c4b7699d42e0e5217229f347b86ec294299c51,f0719e74bac6ac6ae4aac9c64b03d395919519b9439f41dae95fe86a00697665,,14,train
ZE_182.png,valid,640,462,,2.5kg:1;25kg:2;zacisk:1,4bf0a4b0e7bce44e26bfc30794df49c804d712b79a00c67d11d5163542376b88,f9ae599cfe3327c3a767026d627ca4fe999f198fd9bfa437004b1241e600a620,third_party_video,,excluded
IMG_20251107_095624_jpg,valid,640,640,2025-11-07T09:56:24,1.5kg:1;2.5kg:1;20kg:1;25kg:2;zacisk:1,9c9fc234687777395e6e4bb54f24c2df5240fb1ec37637afe99124d463036277,a49cb94acf3364a59b846732ec7746e3842112ce71de9b5d2421a2dd594b74e7,,17,train
IMG_20250908_113039_jpg,valid,640,640,2025-09-08T11:30:39,15kg:1;1kg:1;2.5kg:1;zacisk:1,ff3b5ca5515295757546b11e0b691e8720354c49e350d7532de7c2d77db825f3,ce699b64c93364993326ccd3cc6c65923133cec9cecc21b26cf39e4d639931b2,,9,val
IMG_20250504_203053.jpg,valid,480,640,2025-05-04T20:30:53,1.5kg:1;10kg:1;2.5kg:1;zacisk:1,b99b459e788313b54d02cf2ec0a2845ba6c098ce12e27a434e949776bd26543f,d5588f558ca69a28abaa9e3e0f31952e1bd6a52c121949cfa4a22bf7c4cc33db,,8,test
IMG_20251107_095430_jpg,valid,640,640,2025-11-07T09:54:30,0.5kg:1;2.5kg:1;20kg:1;25kg:2;zacisk:1,651d8a4af72e9a8f219b73f5907a6e120bf0793e284c79a24fec02b0ab7d7561,c633d34a12d207339bcba535b03d1b4b4f23c6b025b58d8eeada58c81ccd0fcf,,17,train
IMG_20251107_095759_jpg,valid,640,640,2025-11-07T09:57:59,1.5kg:1;2.5kg:1;20kg:1;25kg:2;zacisk:1,0b9b6295837bf3236b6f8ad70a01b5bce9b38dc454dd77d8d9a9fd64a2fac242,e043fe50ce3e6362ce81636280c1443838f6cf1939c10fbf7af6ff50394c7e38,,17,train
IMG_20250504_210310.jpg,valid,480,640,2025-05-04T21:03:10,1.5kg:1;15kg:1;2.5kg:1;25kg:2;zacisk:1,7504531a66ad98c849715d326bcc5e735fb7e282199c27d169e0a2e13eb4cea3,8d2a910bb2d59e996142b022a99939fc32767e8eccaa575043815fc7d76ecc3e,,8,test
ZE_41.png,valid,640,402,,15kg:1;2.5kg:1;25kg:2;zacisk:1,87e74ab5c095a72bd337dd061506b90ed44071c3666618fa6e5db8081e9539d9,a6c9e649d97609b695ab13bbe9552c46de2d4eaae5d22355e24d6e2ad50423d0,third_party_video,,excluded
IMG_20251107_105840_jpg,valid,640,640,2025-11-07T10:58:40,15kg:1;1kg:1;2.5kg:1;25kg:3;zacisk:1,33a33bc61ae7882d0858697bf18cf39a79777dbe356450436a0e2c61a8021611,a56bd4d29098b509b40e0438a56bf4af56b7c2d7a1ff1ef217b0d2bc187c2f40,,20,train
IMG_20250501_183437.jpg,valid,640,640,2025-05-01T18:34:37,1kg:1;2.5kg:1;25kg:1;zacisk:1,00fbe52cdb7fa7d32966164cf9deb4a23edff7613a011118904cbbf9ccb1ce14,837a85bdcc8d21fe78cc295ac39cb1627621bf08c3d8b1dc5c8de733d8d32252,,1,train
53.jpg,valid,640,425,,20kg:1;25kg:3;zacisk:2,4b333c26ba65c0069ea78ebb035cf597df36dfed1978d6d0e1ac3db4d77d44bb,86695a69a99626635be6d8acf649319825939ee39b69619c1a7ee6266661598e,third_party_press,,excluded
IMG_20250504_194717.jpg,valid,480,640,2025-05-04T19:47:17,0.5kg:1;10kg:1;2.5kg:1;25kg:1;zacisk:1,23219a619d4372b9ad4c77e824496f9ea0a6e6e4e6f2d7e83316d99da1a37712,806d9c929996846daf6b9d6b3ecc896d17b3886636c6bbf927884811816f769a,,7,test
IMG_20251107_120039_jpg,valid,640,640,2025-11-07T12:00:39,1kg:1;25kg:4;5kg:1;zacisk:1,162662f0ec93ed1ee4db2daa5ce7340845250c430057803a99dd41b0798b46d3,9649c96c69b62593b2c9324948356b6dcd9ab5b692924b4d0fed85b2f89b6a92,,22,train
IMG_20251009_134422_jpg,valid,640,640,2025-10-09T13:44:22,10kg:1;1kg:1;2.5kg:1;zacisk:1,4c2a8c54cb07aea31077ac4f5dfc3fd9c250b24af4268f41e99b0aba5cc4b1e6,ce6c9b24999334db6666ce79cd38318e30e7ce796499659866439a66993631b2,,13,train
ZE_205.png,valid,640,391,,2.5kg:1;25kg:2;2kg:1;5kg:1;zacisk:1,b1d8789d6d436e97032d4c6bcd0628b7b66636589c120fbad30759f4eb7ec309,86cc5993e233e66c899a26e458b9f319872f89b358be91d8a74c066678e766e8,third_party_video,,excluded
IMG_20250504_203229.jpg,valid,480,640,2025-05-04T20:32:29,0.5kg:1;10kg:1;2.5kg:1;25kg:1;zacisk:1,4f822b4857329b868bd65e88f0e39ae7a0d2c6393de725846b1203e574c8a677,c516beed8cbb923ab75d9c941e6995591acda51216350914a1e73beec51032f6,,8,test
IMG_20250501_183711.jpg,valid,640,640,2025-05-01T18:37:11,1kg:1;2.5kg:1;25kg:1;zacisk:1,87e6cf9281002564c1ae23dbcf330fac4548562fd827c09d54f4f4c26f3ac5e4,81b680eec66391f93c71fc33218ec1c73e986fce9ca788b0d7793e03c94c94b4,,1,train
IMG_20251107_105023_jpg,valid,640,640,2025-11-07T10:50:23,15kg:1;25kg:3;2kg:1;zacisk:1,80d635ecffe3af8849d1aff3cdf47919d2efc77fb6ebc7660db00c231572e454,b0c18396cf163fc1c924307917c1b1bc7238ff0130298f8e7eda856d8d675e9e,,19,train
IMG_20251009_132508_jpg,valid,640,640,2025-10-09T13:25:08,10kg:1;1kg:1;2.5kg:1;25kg:1;zacisk:1,f1db7ff85aff4ccf1626e9c266c0a35efca5b4c765d6aaf64ad2a1a28ca7081a,965a9b699a4c24e49369c6ce924d3c78b319669664c7698ce6389693799f392d,,13,train
ZE_70.png,valid,640,568,,10kg:1;2.5kg:1;25kg:1;zacisk:1,9cf81ad560bd92d00ec978a59e0be71438a6dbf3c3a804fe2d317281652776ef,f9c3f18ece1d9cc66738667399cc958c68636372918d918d6e72686096359637,third_party_video,,excluded
IMG_20250504_204759.jpg,valid,480,640,2025-05-04T20:47:59,2.5kg:1;25kg:2;2kg:1;5kg:1;zacisk:1,7315b6f7efb359c53257ff4b25207207fe5ff0287f1b1ede0812499db8c94432,84edce449646366061ab8b9bfbbf8af702313b115e097818d33d263d8bd63e8c,,8,test
IMG_20251107_101948_jpg,valid,640,640,2025-11-07T10:19:48,0.5kg:1;2.5kg:1;20kg:1;25kg:2;zacisk:1,734084603cb58bcfb45e4e4fafe8de696ce1a4a5f49cba9d6eb3d16a5d4d4080,a586985d1c7326b2e39466bacaaa2a6bd96aba8a18d517656e71f04099de5b47,,18,train
ZE_173.png,valid,640,503,,20kg:1;25kg:1;zacisk:1,1e4bbdebafe5322d976272932fa9fd73fd58e67ecda0678f39039df7bc68aa54,a649c66f9b90456d7b1bd2b615304be90e5875a21ab5ce49e5ae3fb18c4c5929,third_party_video,,excluded
IMG_20251107_101836_jpg,valid,640,640,2025-11-07T10:18:36,1kg:1;2.5kg:1;20kg:1;25kg:2;zacisk:1,7f5745f90288d7f3749218e8a2c8151cad38a29d012f2d742196d3364c5a20d9,a57599559bca66abc6b1e716995578c8eaaaa635e7541bc8d8ab8039c2147e62,,18,train
IMG_20250908_112528_jpg,valid,640,640,2025-09-08T11:25:28,15kg:1;2kg:1;zacisk:1,f3b73e90625361187068a4dcc53bc5f1140b49c884c65d67a02c0fc9d45781a1,cc649b26cc7366993336cccd993166999666cccd99986633cce69a6c663199a6,,9,val
IMG_20250504_211131.jpg,valid,480,640,2025-05-04T21:11:31,5kg:1,f08aee4b89bd0e8df7c8ee5b2f7f5e995544e44c3cb67fde42d1f9f893902801,95da85d1b2f4336e836c82a5ed12bc877a4b584b54b94c3accb5dd357340714e,,8,test
IMG_20251107_105007.jpg,valid,480,640,2025-11-07T10:50:07,15kg:1;1kg:1;25kg:3;zacisk:1,8f506a162d137c59c8bf9131110c0b841b1d8369dc5597d9430fab6131a2b33f,af58ceb40cb4beeb36b676319d20d1042dce0cd0c948f348536d997df11ee19c,,19,train
ZE_108.png,valid,640,493,,25kg:2;2kg:1;5kg:1;zacisk:1,2a518dc8130414475cb71b2c1e81ca5dc4eb857e4774fe544eccc424099e3bde,94d98a921b3655ca56cb2a352c4cf54c3323aa25b5543932b2a1d6e4fbf6d2d3,third_party_video,,excluded
IMG_20250501_190909_1.jpg,valid,640,640,2025-05-01T19:09:09,1kg:1;2.5kg:1;25kg:1;5kg:1;zacisk:1,5aa96c2edc3f12fac0350715002907cbcd2e7cac2210b524c9468964ade534ee,9092fc9b3cc9394939458d39a53b9d8bad4c1ccc1e66b3378ec4cb4a8adea6c2,,2,val
IMG_20251107_100218_jpg,valid,640,640,2025-11-07T10:02:18,1kg:1;2.5kg:1;20kg:1;25kg:2;zacisk:1,9d19871f32f242896e6d79e50d8bd5d238c875fd766d45e05e3c15978c3288e1,a4c4f94acf3b64a199846732ea334e4da67098ce71cedd390e29821c59cbf4e7,,17,train
IMG_20251107_100226_jpg,valid,640,640,2025-11-07T10:02:26,1kg:1;2.5kg:1;20kg:1;25kg:2;zacisk:1,b3ed0947f91592d961e1d377e67d558f45d0bebb7b2a5fb95968a394d84eb0ce,a4d4b94a4f3126b119ce67b24187156ba6b5dacef84e1b6ad6b532088a5b25e7,,17,train
IMG_20250501_185909.jpg,valid,640,640,2025-05-01T18:59:09,1kg:1;25kg:1;5kg:1;zacisk:1,31f6f2c902ea97e98fccd3d40a3b2a003586efcfffd4a39a96b891e72704c9aa,e135b25aceceb33658c6ad64e319b18c1cd3a731c8ccf1a70e52461af901f8e7,,2,val
IMG_20250501_190048.jpg,valid,640,640,2025-05-01T19:00:48,25kg:1;2kg:1;5kg:1;zacisk:1,8246b8a474cd12db74642a44e3f28df7c0a72ff78670ad9c73fdb16214abcc96,e135925aceceb33358c6ad2cf319b0c61e53af24d8ceb3374e5ab104f9819466,,2,val
ZE_178.png,valid,640,464,,2.5kg:1;20kg:1;25kg:1;zacisk:1,96655c3f606eed075856a530d3ffd2810ab71f63f568fa50ae58593b877e1684,f1f34c67bd1c7039c7e3f81d2c7e47c2f21d88f80c838e1ff3b80c630f00971c,third_party_video,,excluded
IMG_20251107_104531_jpg,valid,640,640,2025-11-07T10:45:31,15kg:1;1kg:1;25kg:3;zacisk:1,d4d27f80bce05b90f5003baf04b2c792e361b21c592475e5e944dddc3e4a25f8,af3196da10d46178d8f0038ca1edad786271c2b1e7299ec28f8cf5bc1ec32fc3,,19,train
IMG_20250908_112743.jpg,valid,480,640,2025-09-08T11:27:43,0.5kg:1;15kg:1;zacisk:1,1227014180cafb9f1f1cad333b15fed7aeffa289e2a1fa701373fc2b1e8b7d2b,8a9487807963d32f49815d8bf1624723cd998e9d8663fd7230e9865ffe149e94,,9,val
IMG_20250504_205432.jpg,valid,480,640,2025-05-04T20:54:32,1.5kg:1;10kg:1;2.5kg:1;25kg:2;zacisk:1,396b897bf41e54dd68536a77df3ad074afd2aefcb7096a5ee3ba171d5da18fa4,8e948f85934b8f1b65e76fe4cbc874e883753b4746a96884cc9c706883e46f2d,,8,test
IMG_20251107_095916_jpg,valid,640,640,2025-11-07T09:59:16,1kg:1;2.5kg:1;20kg:1;25kg:2;zacisk:1,4c29437a1618297933db0a292eea616fc53737b4e67f909fb7f696a17980a5c3,f3c18ffd8f3cfb434c9ba0781b495b0bb1fe437b33c16938db48f301c9003318,,17,train
IMG_20250504_205940.jpg,valid,480,640,2025-05-04T20:59:40,15kg:1;2.5kg:1;25kg:2;2kg:1;zacisk:1,7a4244540b857cdea4277d39d36e0ec09a0258fe483784f9806f358c0e6d2a97,8c2b8638b29c1eba6f0a3a0ae207bb9307c672f89cba693b93c363c62f88787b,,8,test
IMG_20250908_105900_jpg,valid,640,640,2025-09-08T10:59:00,1.5kg:1;15kg:1;2.5kg:1;zacisk:1,89e814d2742e497b2425b0eda0e67eb6f063e27d76717494e822e7cff17c16e0,ce699b249931649b3326cccb9b6431939933c6d9678c65b26ce39a4963996f26,,9,val
IMG_20251107_102010_jpg,valid,640,640,2025-11-07T10:20:10,1kg:1;2.5kg:1;20kg:1;25kg:2;zacisk:1,39d68d2e4cc4632aaec4d68cf35f3cf652192d7bf84969082b680e8b9e5f7119,f863cd890d9f727cd34c3376c8326c998d4d93cb6ef368321665954cc2904abe,,18,train
IMG_20250504_210545.jpg,valid,480,640,2025-05-04T21:05:45,0.5kg:1;2.5kg:1;25kg:2;5kg:1;zacisk:1,294d1db2bca02b4e719f825aba09fb132e57025d9d780187ad0bb0c91ce2d9ae,81179f148ee8881f3f3a87ff934d16690c7c218671b72c757e78ec62c001739f,,8,test
IMG_20251107_095610_jpg,valid,640,640,2025-11-07T09:56:10,1.5kg:1;2.5kg:1;20kg:1;25kg:2;zacisk:1,74939bf3666d2e8e68003b3dd6de9a640a716a4c8fd72fbc612205ede7bccca6,a4c4b94a4f3164a1998c6732ccf30f6b86301bce71ce993d2f39a3dc594b5c63,,17,train
IMG_20250504_203607.jpg,valid,480,640,2025-05-04T20:36:07,0.5kg:1;2.5kg:1;20kg:1;25kg:1;zacisk:1,8d726b668e6f54be0a826672ebbf9e4c08ed437dceb6f56588b64c1ee557329b,a504a9659efb9c32365b1edb86713678188a85b21638d9963fff2eebc5046344,,8,test
IMG_20251107_100011.jpg,valid,480,640,2025-11-07T10:00:11,1.5kg:1;2.5kg:1;20kg:1;25kg:2;zacisk:1,cc523283d7d5cdad33dbc8662db1d16287a7569b6825b2eb80c4bc49fe4af4fb,8350c5f418d4bb49331448adcc96c7c927c94c8bfd3d723a3cc9fcaa652e872e,,17,train
IMG_20251107_112241_jpg,valid,640,640,2025-11-07T11:22:41,1.5kg:1;10kg:1;2.5kg:1;25kg:3;zacisk:1,b4328140eaf75d119059c7c22652b32a372bad2b9ed7d941c741a8d18b9ac58e,f4facd934f8b7479b6c836e0cbb44b13854b954b48962996a16af569c6954a94,,21,train
IMG_20251107_110254.jpg,valid,480,640,2025-11-07T11:02:54,15kg:1;1kg:1;2.5kg:1;25kg:3;zacisk:1,c7de97106616d1efa78a29a1e4d044e3c0df49b7613cca802cf049fe997ebe45,f0c794639c39405560c7a01ef23cf34ecd1bfc90b386b78c4bfd4b8b809ba693,,20,train
IMG_20250908_112412.jpg,valid,480,640,2025-09-08T11:24:12,15kg:1;1kg:1;zacisk:1,1360ecc1755b119fc00d4b3dfa0c5ec2d5e2d98862d071cb698e0221e1844dbb,8b53b4b97c3032163e15b3138ecfdd4c41bcccccc2607d393c2cfe069b5b302f,,9,val
IMG_20250504_203417.jpg,valid,480,640,2025-05-04T20:34:17,0.5kg:1;2.5kg:1;25kg:1;5kg:1;zacisk:1,5a7c1225f39888f2b69eb2dcd1322cd56cd3c1e9c7bb6df9bdf63d38b8c2d38e,8504a9241afb943336db1efb86633e791a99adda1e7281922fef3eef81146304,,8,test
IMG_20250504_192633.jpg,valid,640,330,2025-05-04T19:26:33,,78f6f32b55bb4488d4a3744c760e2dd60feb38d1cb5564b043cfb8c1be8f7062,8f98b7cca8c9221d52ae8ce7233500a30ae77972272227fc5d767cae271d853e,unlabelled,,excluded
IMG_20250504_210620.jpg,valid,480,640,2025-05-04T21:06:20,0.5kg:1;2.5kg:1;25kg:2;5kg:1;zacisk:1,b7d0afe8046759dc0070843ca8ec53c84d8c7c3793abd541ef4c98c8a1348585,81369f248ec9881f3f5a8ffe93cf1e7b0c78258471a729e57c68e860c00353bf,,8,test
IMG_20250929_120419.jpg,valid,480,640,2025-09-29T12:04:19,0.5kg:1;2.5kg:1;20kg:1;zacisk:1,52380b7be2657ba41a53acfd6efb057a06a7b942f70ef4d6e157c121e46e5b27,a55890e047a7cd9949c1cbf5653a8493cd8dcdb47722f70a9edc7a1436647d28,,10,train
IMG_20251107_113201_jpg,valid,640,640,2025-11-07T11:32:01,1.5kg:1;10kg:1;2.5kg:1;25kg:3;zacisk:1,0b12e71b9f211d5c3dfe7a2cd09dcfafb6d349d8ce39691058debd3a78087c5c,a5e7d6d29750653cf0c56587c34a1e7898e1b2872fe32ea96c39e0a51ae60bca,,21,train
IMG_20250504_210309.jpg,valid,480,640,2025-05-04T21:03:09,1.5kg:1;15kg:1;2.5kg:1;25kg:2;zacisk:1,cd33d1927f2df3ba60a3cb1f6e9428454463ec17b79cc1304249e611572ecc44,8d2a911fb2959e996146b226a99939e836747c9ecd5a47504b815f8fd64ecc3c,,8,test
IMG_20251106_141029_jpg,valid,640,640,2025-11-06T14:10:29,15kg:1;1kg:1;2.5kg:1;zacisk:1,73294398defad4b11dd261d8e0dcc7d4688dff7163768b01e15d493ee9b971de,afa30ee2782e73385b3b1b398b9ba6dfac51ad516c4048469a469a535b626d8e,,16,train
IMG_20250504_210936.jpg,valid,480,640,2025-05-04T21:09:36,20kg:1,464b016393f199a2c9926e4f2c1e75fedd008691ad5bbf69aec43e75e1e0a36f,95da82f5b2e5233ea3268235fd4cbc857c0b68db749d4c3f8c35d9247340714e,,8,test
IMG_20250929_122226_jpg,valid,640,640,2025-09-29T12:22:26,20kg:1;zacisk:1,5482ab48b91c978fddb81f1d5e829f1582ac3aa97f6f746c1c28ddeba093a877,cc649b3299b366c99993ccc9993166d94ce6666cb32c679364d2ce666649319b,,10,train
IMG_20250929_122319_jpg,valid,640,640,2025-09-29T12:23:19,1.5kg:1;20kg:1;zacisk:1,3113e41cb2769a016f787253b694b387c67a4bf956c594f92a07dc7bed9e6fe3,cc649b36ccf366999993cccd99336699cce6664c332c66664cd3992c66643333,,10,train
IMG_20251107_112456.jpg,valid,480,640,2025-11-07T11:24:56,0.5kg:1;10kg:1;2.5kg:1;25kg:3;zacisk:1,22662366d8f44217736b782f348332a6e246f1d890152438d3b3f3bc35ba367d,f8bcd0d987c187e34fe7783c383c833bc7014924b93cc01cc228e6647d5cb9fd,,21,train
IMG_20250504_194735.jpg,valid,480,640,2025-05-04T19:47:35,10kg:1;2.5kg:1;25kg:1;2kg:1;zacisk:1,28b629e525a7eaa67d259b10e68ffcf40f3a039bcd9973b8b6d05d7e8ef184eb,804d969299b2846daf6b9d6b3ef9896d1fb6886636d2bbb925c84803813f7698,,7,test
IMG_20250501_190739.jpg,valid,640,640,2025-05-01T19:07:39,2.5kg:1;25kg:1;2kg:1;5kg:1;zacisk:1,7b42f74937b2758f2ed7d3a54661b6fc59d840877fe36d7a6ae748e773fb3c0a,84b6fc913c9938c93949e97ba53b899aad491dc936ccb3668da18db298dca7c0,,2,val
ZE_172.png,valid,640,470,,20kg:1;25kg:1;zacisk:1,4ba9d6e62be493a02fe94a7766790364015c074b2839c836b5fe13582743346c,f1dc05be867270558cb33271499d7acdf1dc99c00e442e706a73d9cc914f89bd,third_party_video,,excluded
ZE_188.png,valid,640,425,,1kg:1;2.5kg:1;25kg:2;5kg:1;zacisk:1,249c14a51f64f7d35216b7a2c1324a2f17cdfcfb32b26866ca7927a1f4263ded,d0f94ceef20e371ef3132f83e6c1dcee8c6609c3f31b33380366f307dc8908c1,third_party_video,,excluded
IMG_20251106_130838_jpg,valid,640,640,2025-11-06T13:08:38,0.5kg:1;15kg:1;2.5kg:1;25kg:1;zacisk:1,8515b1244dd19d846963ea05d963c9804e2acf80ec59b5c1d1adae77fdf09944,808c9fec33b7b1819b77b19de9c479da99da8e388e58ce68b13b912c152d3489,,14,train
ZE_177.png,valid,640,424,,1.5kg:1;20kg:1;25kg:1;zacisk:1,189f9756d12359b7aae4edb877f279cdb6971ab86d59800f8d244cae269004cd,a4ec5156c958646d16abaad315cc49a56b5366ab11b5e2de592f19372edc8d28,third_party_video,,excluded
IMG_20250504_203726.jpg,valid,480,640,2025-05-04T20:37:26,1kg:1;2.5kg:1;20kg:1;25kg:1;zacisk:1,692966785c1afcd74aad9609b7e7dfb64d738a2a5555c86f2c43ad813caf2df2,a125aa499c9a943436d31ef2867736f9189a85373673893c3fdc7eeb8125224d,,8,test
ZE_71.png,valid,640,384,,2.5kg:1;25kg:1;5kg:1;zacisk:1,672d65b5af5533854f8781fcc6fa25c64128cf7e95066c268d7b60294f207e96,f0cdf5a50c343a799a511a9a1acaad040f3e96907589a7cb4b4647a7b7e9e1c5,third_party_video,,excluded
IMG_20251106_134842_jpg,valid,640,640,2025-11-06T13:48:42,0.5kg:1;10kg:1;2.5kg:1;25kg:1;zacisk:1,f44f32f9de1d30d17e3a45f994bab86d040621e683e3395422fe0063e2df406f,f48a995511a666c3ff11e67904cd3ea600afd928ff221dd601dce157fe052e98,,16,train
IMG_20251107_111542_jpg,valid,640,640,2025-11-07T11:15:42,15kg:1;2.5kg:1;25kg:3;2kg:1;zacisk:1,8b31027e717d18d90ec017d866a483ba13012022d4430ac8e06119ad40248613,ee6698d633996f29a13c61bd99c328ce9a7fe6a506c718c2d918d19c67165742,,21,train
IMG_20251009_124232_jpg,valid,640,640,2025-10-09T12:42:32,10kg:1;1kg:1;2.5kg:1;25kg:1;zacisk:1,ea2d508fb20e80c1fa0bd2f141814da9f64d4c88ac5ea288c079338841d2a4f8,965b9b699a4c24f49369c6ce924d3cf93319e69264c7698c6e389253699f192d,,13,train
IMG_20251106_135422.jpg,valid,480,640,2025-11-06T13:54:22,0.5kg:1;10kg:1;2.5kg:1;25kg:1;zacisk:1,0429ebc8e6caf05788c07e329cc8f3e6ba850c8fc78dbec243ea1c43d14e4b6e,f86308e33ac3323fdfaccb8c23392e0c836632230c995318f73c2cdc2f79673b,,16,train
IMG_20251106_141051_jpg,valid,640,640,2025-11-06T14:10:51,15kg:1;1kg:1;2.5kg:1;zacisk:1,df13603e490ae58ce0f088410d230a8dcb14fd04857a01721b0f6136c09936c1,ba35f9f3714335c8f2e242c5c8c5231acd925b267e3b3c99b4ccf264323829d3,,16,train
IMG_20250501_190909.jpg,valid,640,640,2025-05-01T19:09:09,1kg:1;2.5kg:1;25kg:1;5kg:1;zacisk:1,40f065f7c6dcb5426388d0cd32dc8ad597ac9f1b4d74fb74c4297acf10815815,9092fc9b3cd9394939458d39a53b9d8bbd4c1ccc1e46b3378cc4cb4a8adea6c2,,2,val
IMG_20250504_205532.jpg,valid,480,640,2025-05-04T20:55:32,10kg:1;2.5kg:1;25kg:2;2kg:1;zacisk:1,29838640a7831a9553223908ad58454498b40a660dbee79a56208bd92fee2558,99448851b6a11ceb6e10601cd73e6b1e0e9976a14df56166cbbe679c163378e7,,8,test
IMG_20250929_115628_jpg,test,640,640,2025-09-29T11:56:28,2.5kg:1;20kg:1;zacisk:1,122e9add299cb334c27f2baffe528b8959b16873f6863f14147300db877f967d,9a6d9b269b0932cd9e6cce7939b631b6cf38cccc64c1219964ccc64ccecc24e7,,10,train
IMG_20251107_112306_jpg,test,640,640,2025-11-07T11:23:06,1.5kg:1;10kg:1;2.5kg:1;25kg:3;zacisk:1,d14b1f7aae26bc61acf7de6e7c39314899585f56dac40f23aaa95e6c13bcf046,d792cd936b69326db6c8125449b649a7d54996da3a966bb4e569855b0e934a94,,21,train
IMG_20251106_130046_jpg,test,640,640,2025-11-06T13:00:46,0.5kg:1;15kg:1;2.5kg:1;25kg:1;zacisk:1,cd459cc43fca6feb42dc5fd8cd543faf05eff28abde968f0c05339971fd75ca9,9b2494da2c9be66ce4dd094312c6c9b8966692569296e9eb96cc1e98b8e6a9cf,,14,train
IMG_20251009_121258.jpg,test,480,640,2025-10-09T12:12:58,0.5kg:1;10kg:1;2.5kg:1;zacisk:1,e81867783de589068ec4c5aa82ebd0af620b9f4341fe6a26967fc81135abd0fc,a0f4a9485f8e2c2ece0771ddb3c5d673b57a9215b12fbd4204348702778e48fe,,12,val
ZE_163.png,test,640,427,,15kg:1;2.5kg:1;25kg:2;zacisk:1,a9f5902182a41b6e5c7b35040a2ca254c7d4a35e918d016901c9c73d15d8ffe3,899b1919d34ce4dc2aaba66ee4d55b615b69ec8f3b238a2364d2da306a6ba4aa,third_party_video,,excluded
IMG_20251106_135453_jpg,test,640,640,2025-11-06T13:54:53,10kg:1;1kg:1;2.5kg:1;25kg:1;zacisk:1,0baa519fcfdd942175dda96bebce9a285b73a354247e56e6adc61a4a7a6d8d2d,a6d3da2a5adc66d6a337a6140a953695e4d9c652095b195cd15dce758e358ab4,,16,train
IMG_20251009_132511_jpg,test,640,640,2025-10-09T13:25:11,10kg:1;1kg:1;2.5kg:1;25kg:1;zacisk:1,13e22562b0dd67da0c9c79b4f7c163aefc1476dc5ca5409b128b803ff1283c3c,e075ff81b50223ff014e317bf8018cceeeca433d31e4ca46cab577a831fc110f,,13,train
IMG_20251107_111413_jpg,test,640,640,2025-11-07T11:14:13,15kg:1;2.5kg:1;25kg:3;2kg:1;zacisk:1,ff77f259d00ccfb12cbe7f28ea943695bb1f3858e0e81938b09f26cb3036f9b2,e72b9ce792d563999d5c6748a5697cc61e700c79ad7dbc505c705ab810b41ae1,,21,train
ZE_81.png,test,640,525,,0.5kg:1;2.5kg:1;25kg:2;zacisk:1,1d3daa2d8a658c5f0ab885d5473c05708b4d97988251fa28d68360da1fb2c852,db1786d50931f935e606ad9668dc4cc9ad59d128e7836d4946fa81a4e4433edb,third_party_video,,excluded
IMG_20251107_105850_jpg,test,640,640,2025-11-07T10:58:50,15kg:1;1kg:1;2.5kg:1;25kg:3;zacisk:1,7506f7026b784cadf3909d0ab61abc757d6d2d824eec12ed008a8a392fc550c0,ae6bd2e79094a929f89e4239a069a16a7430d096e01f98d297a1f51db87f2fd3,,20,train
IMG_20251107_120246_jpg,test,640,640,2025-11-07T12:02:46,25kg:4;2kg:1;5kg:1;zacisk:1,ae9207080770644f83820c2b402357b6fc60404f01f0bf15d11715d3642bc807,e318821a9ac35a539e3e47bca161e15573d250f3525c0e5062f7f0ada5adbde1,,22,train
IMG_20250504_203351.jpg,test,480,640,2025-05-04T20:33:51,0.5kg:1;2.5kg:1;25kg:1;5kg:1;zacisk:1,432769fa78a89616c55276e8f6ff024f39ee014134dd586cc62a55da3c6427dd,c506befc99b9923aa7de9cdc1e6195511ac9a51a16f60914a4e73befc51032c6,,8,test
IMG_20250504_210218.jpg,test,480,640,2025-05-04T21:02:18,15kg:1;1kg:1;2.5kg:1;25kg:2;zacisk:1,c26902d6c0c0f4fd3bb8beb52bdbd066d206fe48deeb4d66bddba56e24322600,8c2a8b3ab2941eb66f08764fc3076bb7468a76f0ccba61bad54367d736025872,,8,test
IMG_20250908_111617_jpg,test,640,640,2025-09-08T11:16:17,15kg:1;1kg:1;2.5kg:1;zacisk:1,a5fc9a23c816831eef04ced291df92e39644ddc4ce2d13804c25de7debb7ac82,ce699b24993166993326ccc99b24739999b3cec9739c6593cc639b0963993966,,9,val
IMG_20250929_122249_jpg,test,640,640,2025-09-29T12:22:49,1.5kg:1;20kg:1;zacisk:1,4fb747884d580b8112f935176594a7284ddb661dba712db9b655969536538793,cc649b36ccf366999993cccd993166d9cce6664c333c66634ccb992c66613193,,10,train
IMG_20250929_123604_jpg,test,640,640,2025-09-29T12:36:04,2.5kg:1;20kg:1;2kg:1;zacisk:1,77924db93692e8ad149b2ab334020b45268006af60420910578a31213a3337e2,99249933993164cd9a6ccc63993366cc8e6cce6d9b3999b2ce64986c993339b3,,11,train
IMG_20251009_124003_jpg,test,640,640,2025-10-09T12:40:03,10kg:1;2.5kg:1;25kg:1;zacisk:1,9b17e785ac5318f80fe548a0c02ba2554ead46ed769f37f88a3511d420ab24d4,ce1f9b2918e4318631b16c70ce676ce73198e61a659338e4cce69bc31c79cf31,,13,train
IMG_20250504_204621.jpg,test,480,640,2025-05-04T20:46:21,1kg:1;2.5kg:1;20kg:1;25kg:2;zacisk:1,f20a8deca6d28e01d56d04c08a4c8575cbc6595762f555552645e47e3e4f46ad,8637c7639f6226b870a38bebf8d48059821879dc8bac7ebed88f6396814a0fc6,,8,test
ZE_147.png,test,640,522,,1kg:1;2.5kg:1;25kg:2;zacisk:1,bb3bdff6d723769813f76ed0bb7b73915b9f430ff4843361e32969435047df0b,dc64478eb4993870db465c71239be38cd86c07872cf3b87878e80c732797cb1d,third_party_video,,excluded
IMG_20250929_120135_jpg,test,640,640,2025-09-29T12:01:35,1.5kg:1;2.5kg:1;20kg:1;zacisk:1,23702c5a05683b3bab899f2293b2f228f68075d4fc805af7bfaf4763eeeab99c,9a6d9b659b2966c99a6cce39312665a6c699cccd64d93339cecc9a4c30d93866,,10,train
ZE_143.png,test,640,397,,25kg:2;zacisk:1,dd52241ddd00bf23bee49282a5979285e213de7aa6c12803b25e9ed9e65b0acd,a6655abb089b34a60ad59579f6a40fe6cb6b3854d99b2b6593a26c10966dc966,third_party_video,,excluded
IMG_20251107_095923_jpg,test,640,640,2025-11-07T09:59:23,1kg:1;2.5kg:1;20kg:1;25kg:2;zacisk:1,f12643ea5736d01d555cd3e6263f666dfad0f19533ab59201ebc43088a74553c,e1e7c1bf8c06b000cc99497fb3efa084720093cf31cf4dbeb340b445cdba7aea,,17,train
IMG_20251107_120413_jpg,test,640,640,2025-11-07T12:04:13,1kg:1;25kg:4;5kg:1;zacisk:1,cdc83d16ce991e5a078243ee9988fc100e5c961275dfc271d33cc2538eb932e3,adb7d214f2722d69d29e21cf5a6124b0c92be53f49349a55e1e3107b1cb4ef09,,22,train
IMG_20250504_203409.jpg,test,480,640,2025-05-04T20:34:09,0.5kg:1;2.5kg:1;25kg:1;5kg:1;zacisk:1,3db60236184a580af34194a55ab675ed71765452a05abb8b058cd69c151492c8,8516ad749ab9943b365c1ed8867116791a89a5be1e78c1922fe72eefc5146346,,8,test
IMG_20250929_115530_jpg,test,640,640,2025-09-29T11:55:30,2.5kg:1;20kg:1;zacisk:1,26883f12db36fae296bf00cf3f87e26d6008bf48f12880a436ff11069c782a52,9a6c9b269b3966cd9e64cc3931b66492c65966cc64cb319dce6c9a6c34cb3133,,10,train
IMG_20251107_095544_jpg,test,640,640,2025-11-07T09:55:44,0.5kg:1;2.5kg:1;20kg:1;25kg:2;zacisk:1,d8ea89dcd906d96a0b2de24d58368cea286b9181f5b63a9f53c49244b9621787,d076cc9a4d9932e59346336268996db09764de4b68934db6976596494a9a7ab6,,17,train
ZE_166.png,test,640,631,,1kg:1;25kg:3;zacisk:1,245cefcc38d6bf6890b02fc48bd2c6e136be83f2c5e49e76aa2cb501d8cf4766,d8d1f0c2c9a64926a7592759669a6ebc897599659a46db8ee515251532d35ada,third_party_video,,excluded
IMG_20250929_115537_jpg,test,640,640,2025-09-29T11:55:37,2.5kg:1;20kg:1;zacisk:1,e07bda091ff78e6e1a6fad2fa5989e7195c3be26382acd55a6a0b829dc399878,9a6c9b269b0d26cdce64ce7931b66492c65964cd64db31998e6c8e6c6cc73133,,10,train
IMG_20251107_113355.jpg,test,480,640,2025-11-07T11:33:55,0.5kg:1;10kg:1;2.5kg:1;25kg:3;zacisk:1,1253abbf0b41d677e40def62ade13ad0d8c538a5d9dddaadc0897a69689e724d,f3c797338d33847326cd86149c6479c54d24889731d3b719cf39ad31a3279c6c,,21,train
IMG_20250501_185653.jpg,test,640,640,2025-05-01T18:56:53,1.5kg:1;10kg:1;2.5kg:1;25kg:1;zacisk:1,aa6a0386de05f2e1d7e4184e63f81a055432d5369d71febf8176dcaf3a67712e,f1b4b30bce49a6341cc38ce67319f39c1e4b37990f84cce6b122465b070ff999,,2,val
IMG_20250908_113233_jpg,test,640,640,2025-09-08T11:32:33,1.5kg:1;15kg:1;2.5kg:1;zacisk:1,4ce1e1b69314b10836d93bd959aa940db71f8edfd0fa4cf9a6ad70461c6c193d,ce6d996699b3659b3326cc9bcb0c659a3133ccc9924c64b32ce39e4de7193324,,9,val
IMG_20251106_140230_jpg,test,640,640,2025-11-06T14:02:30,15kg:1;1kg:1;2.5kg:1;zacisk:1,df85c6fb50579d1f25408ad9f9682201fd1b050fd8e935a92ec27bdaee1698af,fb4cccc611983398f312b19999993661e4c69c730c334cc6e6e6b6e6b31b599c,,16,train
IMG_20250504_194546.jpg,test,480,640,2025-05-04T19:45:46,1.5kg:1;10kg:1;2.5kg:1;25kg:1;zacisk:1,638dd8fb4a9cf52158dadd140856a032ad6a6fd6057cf08be76de98830795678,806d9c929992846daf69d96f3ecc89dd16b2886d76eaabb9a7884813816f7698,,7,test
IMG_20251106_134827_jpg,test,640,640,2025-11-06T13:48:27,0.5kg:1;10kg:1;2.5kg:1;25kg:1;zacisk:1,762b440a30f9021673b69c85fc0e820a92b7ae6ac02a7ca4ac7785bc48bd3dd5,f55a9b550ba426d6f231e45116ca0fae03aad378f47a3d960bc5a355f81c283d,,16,train
IMG_20250504_203250.jpg,test,480,640,2025-05-04T20:32:50,10kg:1;2.5kg:1;25kg:1;2kg:1;zacisk:1,26642773475ff7cf7c4ddc5c1b74b4159d4a7b9c9451f7ac2aa46d5c43cec524,c510bef48dab921ab7f59cd1166d95581acda5121635091ca5f73befc51032d6,,8,test
IMG_20250501_190037.jpg,test,640,640,2025-05-01T19:00:37,25kg:1;2kg:1;5kg:1;zacisk:1,e047e45165e2b33dc43b8926a120118a72ee29743725d49007ec3b962517f7ca,e321b252ccd8b22479ceb96de633b32c1c96af65d888b32d0ed20e3cf103f1cd,,2,val
IMG_20251107_100044.jpg,test,480,640,2025-11-07T10:00:44,1.5kg:1;2.5kg:1;20kg:1;25kg:2;zacisk:1,c4c3d9629edece0044e1b35dc446cdd12ea0e1cd9c2f04198951c3cce6865c19,8ea5df521b17209665ca6b40379ae69cb6a977fd3e50e951c9550f4d86a99422,,17,train
IMG_20251107_120516_jpg,test,640,640,2025-11-07T12:05:16,1kg:1;25kg:4;5kg:1;zacisk:1,058f68272c47cfb611bff0629a55ea49bbdb4573d75bbf8a1410729985fa4888,abaedee692e56a6efe2e6528e7a83ca48d54918698e41c3a2d6161cfbe5c1a40,,22,train
IMG_20250908_112205_jpg,test,640,640,2025-09-08T11:22:05,15kg:1;1kg:1;zacisk:1,638951ac59b11a798ffb0efe86274dfcb33cdf01d90b07e3926e4c9cb761b9de,cc649b26cc33669931a6cccd9b316399cce6cccd33197333ccc69a6c333131b3,,9,val
IMG_20251009_120432_jpg,test,640,640,2025-10-09T12:04:32,10kg:1;1kg:1;2.5kg:1;zacisk:1,ad195e151189e124a5489d621b263d0e135f6add4adf467bd3386a37ccf31c37,ce3c9b26999331993366cc73ce3861983333cecd3cce6c93ce61932cc71839a6,,12,val
IMG_20251106_131321_jpg,test,640,640,2025-11-06T13:13:21,0.5kg:1;15kg:1;2.5kg:1;25kg:1;zacisk:1,dab01296e27ff5882b7bc224ec3d54b825479be706e4fd2a8e1cdd98e96f48d7,9c6c8e7cb33732649220b3783e7433cfa38f0a470b419e7123970b8f4bc939db,,14,train
IMG_20250908_105953_jpg,test,640,640,2025-09-08T10:59:53,0.5kg:1;15kg:1;2.5kg:1;zacisk:1,5cd08e7257a1e3c262cec41e33c9a5331a37d1ba39098002d9afe443a2786780,ce699b2499b3649b3326ccf39e6661993133c6d9c6cc64b364c79b1961994c66,,9,val
IMG_20251107_112326.jpg,test,480,640,2025-11-07T11:23:26,0.5kg:1;10kg:1;2.5kg:1;25kg:3;zacisk:1,1d582a75282312631e2482360b0842ae753679979fd57b9e57375118a2039d90,ad3bd0b0d2c42d6c252bd63334b419dcfa10e423ed693278d2d65bb9cd39648b,,21,train
ZE_19.png,test,628,640,,2.5kg:1;20kg:1;2kg:1;zacisk:1,cf099fe5adce32598d9cca3f8ce5a37b2c8a729ef9951d961ff23df4b993ddbb,f1cef0ce8ce30e7366b1d38c1f8cbd9e2108619e930c9cf8c1c487c37f16ca8d,third_party_video,,excluded
IMG_20251107_095420_jpg,test,640,640,2025-11-07T09:54:20,0.5kg:1;2.5kg:1;20kg:1;25kg:2;zacisk:1,6b9eaa840057e8529ac535e7c1c7456f418d2226ec71117a57a81f4ce0273d44,c633d2c0188ca425da0a5646a579b5db0fe6c39a64f21bdbe6b2501294cfef4f,,17,train
IMG_20250501_191312.jpg,test,640,640,2025-05-01T19:13:12,0.5kg:1;2.5kg:1;20kg:1;25kg:1;zacisk:1,c7a0a0594b7b6ba27d02197dc15642eae046f11446b62a8cb6e1a88363a68cb7,a16bed3a3da67090529452716377c324ca7459b655b6f27168964275187b3797,,2,val
IMG_20251107_120035_jpg,test,640,640,2025-11-07T12:00:35,1kg:1;25kg:4;5kg:1;zacisk:1,238716d6b714bca99fac6a6d53f8f18562d76b24cd8320dfc5bf7cad92f2a2c1,964dc92669b2259bfa49324949b46b2d4d8bb5b294924b650bed85b2fc597a93,,22,train
IMG_20251106_130446_jpg,test,640,640,2025-11-06T13:04:46,1.5kg:1;15kg:1;2.5kg:1;25kg:1;zacisk:1,5d6ab35489b264f97f1163b157fa2ef5a3a16f6952a84fe107820f0c5768d0e4,e5d3f43adb4d11f41ba728188ce3638f6988ce70b7935b2b1a4e0161cd70f39c,,14,train
ZE_15.png,test,640,436,,0.5kg:1;2.5kg:1;25kg:3;5kg:1;zacisk:1,84a9e2ba8e7874545eaf26d763048d71140d944e0524c904bc0c7b38427027c0,d1002eef85e0f115f80687ff94437e00c13f93fd7e81dcd1e32e1c671cc1f390,third_party_video,,excluded
32.jpg,test,640,360,,0.5kg:2;15kg:2;25kg:2;zacisk:1,86a388ecf6fd18a95b7a260710f9c0c32873f785a1f5feab0f558ce1986ab3e3,a3630d93d78c2263a34b6c8efc9cc95308e3f734773c88ec734c888b28ff9714,third_party_press,,excluded
ZE_221.png,test,640,567,,2.5kg:1;25kg:3;zacisk:1,e3aab425798ba31be0e046fae1ad8d445df5e928d708ba96500047bb85909338,d71c0c59b1c333e6938773a70c58cc18ce7dcc5829333393f3e7b3660d18cc33,third_party_video,,excluded
IMG_20251107_100221.jpg,test,480,640,2025-11-07T10:02:21,1kg:1;2.5kg:1;20kg:1;25kg:2;zacisk:1,6ada467f5c36438361b22ab193bdfdcae9b938c0879d404eb76b03d2bded1043,8adb94007001f4925f006e807f00dfe895fac3fc37fa20fc85ff5a6db8426d9e,,17,train
ZE_192.png,test,640,432,,25kg:2;5kg:1;zacisk:1,d038e9a6aecdbf7778f0857a11306353dd9bef3bfea57852b0a0d65f3c64a5f3,f3113a13cc6c33f8ccc891027cef727fa13a2fc46303b2332deb411ec3fb34e0,third_party_video,,excluded
IMG_20250908_110056_jpg,test,640,640,2025-09-08T11:00:56,15kg:1;1kg:1;2.5kg:1;zacisk:1,417fb5b18417135905eaa00ed81a7c86e3ba11e323e49ced6cbd94ab99e45a32,ce699b64993166993326ccdb9b2c719b99b3c6c9339c64b3cc63931933981c66,,9,val
IMG_20250501_190941.jpg,test,640,640,2025-05-01T19:09:41,1.5kg:1;2.5kg:1;25kg:1;5kg:1;zacisk:1,326b9eebb7e90ad3bde106ea0fde2471ac4e2417012bc21085439b801cd7ab40,8435ecb13c93728a7bca5162e177c133cb5a4999549bb36ef80b5713983c34cb,,2,val
ZE_102.png,test,640,550,,25kg:2;zacisk:1,0a2f66c4811186444ab38fc0a574c2fa66e8ee050e8b46ad7741b1e66319bba2,a44851321b26e6cde6c5dd250e2e9353a712f449dce56fb52bd7a3972648d123,third_party_video,,excluded
IMG_20251107_104543_jpg,test,640,640,2025-11-07T10:45:43,15kg:1;1kg:1;25kg:3;zacisk:1,453aa3d8f1d55a29f8874273fb86f41a1dcb4ca9789b9cb23efc29e62de00abf,a72b82c310dea13cb8bc81aca5edfd706636a7352fa11dc2d59cd0141ae17fc3,,19,train
IMG_20251107_100542_jpg,test,640,640,2025-11-07T10:05:42,0.5kg:1;2.5kg:1;20kg:1;25kg:2;zacisk:1,85a2f1520154a5e9614eff22cc7b4fdc65e37927fef9fb825bcdedc24e251131,b2d98f8f8f26b8624c9b5623b26d01876126f0ac30db089fb9edfc9cd89e0c8e,,17,train
IMG_20251107_110534_jpg,test,640,640,2025-11-07T11:05:34,15kg:1;2.5kg:1;25kg:3;2kg:1;zacisk:1,7ad1256976ac3a3ca119be85cf2cf55339d377236d64c5941a19b09831e2dca1,ce679e6391917b19a33c633d6dc32c63947cc63c9cc79ac29252503c67356f41,,20,train
IMG_20250929_120835_jpg,test,640,640,2025-09-29T12:08:35,0.5kg:1;20kg:1;zacisk:1,544eb322282e388e86a9bd928149b900bbe02be375be7c8fc09e5a9bee49cb5e,986699b39999264ccc67cccd339b6648c6646666339e3199ce39cccc64d9639b,,10,train
IMG_20251107_112924_jpg,test,640,640,2025-11-07T11:29:24,1.5kg:1;10kg:1;2.5kg:1;25kg:3;zacisk:1,83421c4ba23c598c604bfbfa74ed5b21eb17a2f4afa5a89f74cab6fa86331921,f0e9c01acd0370f98c9334938299491753afb7c135badbb643a6c703c527cf96,,21,train
IMG_20250504_203747.jpg,test,480,640,2025-05-04T20:37:47,1.5kg:1;2.5kg:1;20kg:1;25kg:1;zacisk:1,52f11edc4fcbaccd40d42a91ad18899134b6652d25327b6122a242791700f54c,a124a86d9cda903636d31cd386773ef318caadb2367189b63fc87fc98124626d,,8,test
IMG_20251107_111529_jpg,test,640,640,2025-11-07T11:15:29,15kg:1;2.5kg:1;25kg:3;2kg:1;zacisk:1,d5abb6ffe71b19997294f417a9b2f2e0fa830e407ba735b38cb43c77a42f3042,ec6698c693912f29a91ce335dfc17c42de7ae729d4469cd29a108b1ce31c7ec2,,21,train
IMG_20251107_120008_jpg,test,640,640,2025-11-07T12:00:08,1kg:1;25kg:4;5kg:1;zacisk:1,09f5e9f4a43f3cbf75a187a86935ae59ffd2cd7f033535a60c40bce6a33f92af,b64dcd4c8db625b2f24936c9dcb46b340fab95b2e85e9a4d876c85b296194895,,22,train
IMG_20250504_195103.jpg,test,480,640,2025-05-04T19:51:03,10kg:1;2.5kg:1;2kg:1;zacisk:1,927007a45c6ba1e2064bbe7962d479a78d41fa369fa88098cc573aafebe560cb,d6899a7f8d2eba52a7ddbc1d8770a50e3bc6e4097297694660206b67f4887383,,7,test
IMG_20250501_190937.jpg,test,640,640,2025-05-01T19:09:37,1.5kg:1;2.5kg:1;25kg:1;5kg:1;zacisk:1,c4651863e79dc3150e2e32c0c7037f657d5f4e8c36ce8770f4ae8569bfe9266c,8525edbb3c9370827b8a5362e177c937cb524919549bb26ef81b4613983d34cb,,2,val
IMG_20251107_105938_jpg,test,640,640,2025-11-07T10:59:38,15kg:1;2.5kg:1;25kg:3;2kg:1;zacisk:1,8d753b1257ca56d6841836d07cd4db61c4b2f0bdae2122a9df595e0227636820,a433b47763882258986e65bd4f535576851d02c73cf39afaa18fc18f5ef01e50,,20,train
IMG_20250929_125047.jpg,test,480,640,2025-09-29T12:50:47,25kg:1,2844ee72724310706b4be8908f5b0d1352edc4b87b74b0f0fbe114e02dc46bef,8ce26219959b699a6a95b3a96d14947e9c8fcaed4b95d19b6534b4e640a8a796,,11,train
IMG_20251106_132940_jpg,test,640,640,2025-11-06T13:29:40,10kg:1;2.5kg:1;25kg:1;2kg:1;zacisk:1,53bc057bc3cbb38ffc63f8d1519c290bac4b4f2d152c8b8d55d2dac5ccf664b2,ca5adb1aa38ceaaab333c6941aa931a9d4c58a710a579b5ab1cdaa570a5be655,,15,train
IMG_20251107_105832_jpg,test,640,640,2025-11-07T10:58:32,15kg:1;1kg:1;2.5kg:1;25kg:3;zacisk:1,12b28c5bdb7887ff0626d43b8bacbae934f91fb7944b723c19cb23ab846e7464,e72bd2c79a816b851ac6e52dd56a256ae7ab5287ab979852d016c11ebd2a5722,,20,train
IMG_20250501_190046.jpg,test,640,640,2025-05-01T19:00:46,25kg:1;2kg:1;5kg:1;zacisk:1,a93ac28c12bb11cea690021a2281294332dcc52b9226238db4b9d646595882d8,e135b25aceceb32658c6ad2cf319b18e1cd3af24d8ccb3270e52b50cf98194e6,,2,val
IMG_20250929_121502_jpg,test,640,640,2025-09-29T12:15:02,0.5kg:1;20kg:1;zacisk:1,0296f3dd33b1d6e7fb129449fd58abaf1a0ac38a127369d1f6499baa194161fa,cc649b3299b366c9999bcccc99336799ccc6c66c33306793ccc69b34664c3993,,10,train
IMG_20250504_193904.jpg,test,480,640,2025-05-04T19:39:04,0.5kg:1;15kg:1;2.5kg:1;zacisk:1,39c47f094e1dbaba2f605b07b480cee6708d5367afa50e10ccb3622914dbb8c5,d57a9d600a642a33ae990ebc8e758cd92abc8e75d3333b4c0eaee4d9519871e2,,7,test
IMG_20251107_113005_jpg,test,640,640,2025-11-07T11:30:05,1.5kg:1;10kg:1;2.5kg:1;25kg:3;zacisk:1,6e7caafd6038974f66e09408fd76dc5424f6247b0dbf8c39f9390cdc7c3557b2,f0e88b8c8b4670780b92355283f04b075a6cb64b7017de360a67ce73ce77ceb6,,21,train
IMG_20250504_210219.jpg,test,480,640,2025-05-04T21:02:19,15kg:1;1kg:1;2.5kg:1;25kg:2;zacisk:1,62326bcceb7bd7a2388645401c26c34a21d3f81cdc80e17dc4aabe3e61bc938e,8c2a8b3ab2d41eb76f08764bd30769b3468a76fcccba61bad54363c63e02187a,,8,test
IMG_20251107_120334_jpg,test,640,640,2025-11-07T12:03:34,25kg:4;2kg:1;5kg:1;zacisk:1,60bac5652a2944f80fdeaa2a2f44ed1581ea3fb48ee29b8a7c033ee3f72e6a8e,b64dc906cdb26532db4916c9f8b4692d274bb5b6504d1a4d4b469dfab66a6894,,22,train
IMG_20250929_121751_jpg,test,640,640,2025-09-29T12:17:51,20kg:1;2kg:1;zacisk:1,63686a45277a61d0690eabc58effcf30fa06235060475cce458e5a1f2ca57dcb,cc649936cc6366999993ccce99336699cce6664c333c66e638ce996466633393,,10,train
IMG_20251106_130111_jpg,test,640,640,2025-11-06T13:01:11,0.5kg:1;15kg:1;2.5kg:1;25kg:1;zacisk:1,6b38a6c4da90c832d1696658febc9c40652fc77fd32d6a190e71007f671bc3e4,f7c8887a9ab2a5acb932eb45cb113ad40ae5b525a568295a0acaf32ffd3815c6,,14,train
IMG_20250929_115640_jpg,test,640,640,2025-09-29T11:56:40,2.5kg:1;20kg:1;zacisk:1,0a0951fde131bf597316e66b3c9ba4b631400e589ced2b74cf3b106b519dd8ae,9a6c9b269b3d36cd8e64ce3131b664b2c65866cd64c3319cce6c9a6c38cb31b3,,10,train
IMG_20251107_113042_jpg,test,640,640,2025-11-07T11:30:42,0.5kg:1;10kg:1;2.5kg:1;25kg:3;zacisk:1,5c04b66c0f9c16b2f5a21e2287222218a7784fb03d5511f4f32b58fd35cf638c,a7399e749ed6675c91cf67878c291c781e38a73d273d3c705071d29c919419f0,,21,train
IMG_20250504_194228.jpg,test,480,640,2025-05-04T19:42:28,1.5kg:1;15kg:1;2.5kg:1;25kg:1;zacisk:1,b97f956b77153afd77a1061210c856f8bdc3dfcaf9ce489ebccff34281380d0a,95469d4d1ad9a4322cac0ebce6723e6d1ad985323a2d8d9622eb0af9d5167367,,7,test
IMG_20251106_140321_jpg,test,640,640,2025-11-06T14:03:21,15kg:1;1kg:1;2.5kg:1;zacisk:1,ffc6b5f99929ff6d9525f99da0aecf29ff2380b1d92e9003b6bab4417ab82889,b93b99a266cc6659a6666cc508317391e7139c6614c53399c75c8b341cf5dcdb,,16,train
IMG_20251009_133727_jpg,test,640,640,2025-10-09T13:37:27,10kg:1;25kg:1;2kg:1;zacisk:1,72b2732e3ba2c50dd3bfe5b9dc67534be3fe576b144a6d5794b33fde7ce3bc7f,ce6d9b3cce7164de999c6663992661969931666b36c964c364c79349663119e6,,13,train
IMG_20250908_112211.jpg,test,480,640,2025-09-08T11:22:11,15kg:1;1kg:1;zacisk:1,6b4a57de7e10e06a1f55f66b155e70688e273527038ff6b77a578aa52154b854,8ad6b9e87c2032953e93b236aa9f9c5e4160499dc2cd6f3a7c60fe099b16383e,,9,val
IMG_20250501_190704.jpg,test,640,640,2025-05-01T19:07:04,2.5kg:1;25kg:1;2kg:1;5kg:1;zacisk:1,67f5601faf49a0a810e4860fde535df08fae541453d28fb891f8c997dbf73943,9492fc993cd8394539c98d39a53b8bccbd441ecc9266a13786e0c9ba0cdee6f2,,2,val
IMG_20251009_133449_jpg,test,640,640,2025-10-09T13:34:49,1.5kg:1;2.5kg:1;25kg:1;5kg:1;zacisk:1,a9acb94bd5258f7159b74b9bd2e1b9726b551afd674628a6b273de35089d9cc5,ce793326cc6632cfc739ccd939a7664c4d91364b4c9964cc33e39e59319449a6,,13,train
IMG_20250908_110729_jpg,test,640,640,2025-09-08T11:07:29,15kg:1;1kg:1;2.5kg:1;zacisk:1,ea0ed6f903439bcafc71ce6be5bf72da4ea3d5bbcf90226f37e0d02153253065,ce699b649931659b3326ccd39b2c619b99b3c64966cc65b2cc63934d31995c66,,9,val
IMG_20250504_210448.jpg,test,480,640,2025-05-04T21:04:48,0.5kg:1;2.5kg:1;25kg:2;5kg:1;zacisk:1,0969f497d06c5f03353f619ca4b9f70acfe81602f309a1dd0fc1be61f6dda21a,81168d368eec8e0b3f3a0edd93c511790e5c258671b76d6567aae9b2c030f19f,,8,test
IMG_20251107_112404.jpg,test,480,640,2025-11-07T11:24:04,0.5kg:1;10kg:1;2.5kg:1;25kg:3;zacisk:1,d41c2f841cb50672884ca5b3ffbc1ed7df5e2c032725e9e092893b6adf122720,b4d356589863271364dbcb5c1b554cd59315675d265287336c6ab1cacb1a6e4e,,21,train
IMG_20251107_113357.jpg,test,480,640,2025-11-07T11:33:57,0.5kg:1;10kg:1;2.5kg:1;25kg:3;zacisk:1,8ae8f823012b19e7afd1864d9e6106abd9747720afd3bf6db6e340be5d8756d4,e31c94779877a4f626998ced98ec63a9492c89b627b6a6738a73a92602ec98d9,,21,train
IMG_20251107_111813_jpg,test,640,640,2025-11-07T11:18:13,15kg:1;2.5kg:1;25kg:3;2kg:1;zacisk:1,dc4038102f6cf371318971e2969162f3a73f0e7529acf63e9b99cfd1eb6628d3,ff23c9f1c5e53071a05bb06d912d6f83d31a969a4f184b257f86b45a6926caa4,,21,train
IMG_20251107_113336.jpg,test,480,640,2025-11-07T11:33:36,0.5kg:1;10kg:1;2.5kg:1;25kg:3;zacisk:1,0a12a7ba4c961209051a40d32a06b8c014e50bf47e48283ce99afd37e846d79e,d113c446c60e332331abcc850c9d3695e2461b161b77e4ccacc83b77db57acde,,21,train
IMG_20251009_124405_jpg,test,640,640,2025-10-09T12:44:05,10kg:1;2.5kg:1;25kg:1;2kg:1;zacisk:1,074693c5fdf3884b9aa5628742746a907989f85854f062072329652d82606bf5,96db9b699a4c3ce49369c6ce926d3c7c9318669664c7699c6c30929b619e3965,,13,train
IMG_20250504_210723.jpg,test,480,640,2025-05-04T21:07:23,2.5kg:1;25kg:2;2kg:1;5kg:1;zacisk:1,9c8d09458eb365f3d682bc8605e83f2372c672aeed6b3d895114a326067759d6,834d88768cb21e2caf1cc71ed25984b3166d25ef71c77947e89368a144b84fed,,8,test
IMG_20251106_135011_jpg,test,640,640,2025-11-06T13:50:11,0.5kg:1;10kg:1;2.5kg:1;25kg:1;zacisk:1,63a1a0719b1d38b35b386fc3909a084a063f7126e5de4a1849a9ef7fc6c733fc,99ef9ee77193318e8264f3365dc3b0cfb18e8c404fe34ce7e19ba3889a0071b2,,16,train
IMG_20251009_124108_jpg,test,640,640,2025-10-09T12:41:08,0.5kg:1;10kg:1;2.5kg:1;25kg:1;zacisk:1,6da66b6a220f25fd3f59cad301e23e1acb9ecfbc53da935702f9189289351fc0,965a9b299a6d64e69329c6de9a6d3ce1b30c669264d6698c6632965b619e392d,,13,train
7.jpg,test,640,426,,0.5kg:2;10kg:2;25kg:2;zacisk:2,8680d43a1c01f48c8a67942fe54e99334e0b6d5d5e79ceb0e75da518404c6446,958f8ece6bd16951d663326a0d9b5d8770806a51099c34aed2ca8f579d758e78,third_party_press,,excluded
IMG_20250929_123651_jpg,test,640,640,2025-09-29T12:36:51,2.5kg:1;20kg:1;2kg:1;zacisk:1,ac5df138435225a78b6c2248c4d7b5a5e969532d63f0422a654d2e37c0a9aa6d,99249932993164cc9a64cc7399b364cdce6cce4d9b3939b3de64986c993331b3,,11,train
IMG_20251106_141059_jpg,test,640,640,2025-11-06T14:10:59,1kg:1;2.5kg:1;25kg:1;zacisk:1,432a6cb4000e7835fb0c7c5bee336977b3dfd21c023c932f848a0cc6443aaf82,f8b8f8f8f0f07170f3f2e23242f405cc0dd89d981f0e3e4ebc77e93728a820cc,,16,train
IMG_20250504_210000.jpg,test,480,640,2025-05-04T21:00:00,15kg:1;1kg:1;2.5kg:1;25kg:2;zacisk:1,78328944e5e3f7d3118105eb58d6ece437eaee0c9994c85c3a06f31d47f9f040,8c2a8638b2941eba6f083a8ae207bb9707c672f89cba693b93c363c62f8a787b,,8,test
IMG_20251107_104607_jpg,test,640,640,2025-11-07T10:46:07,15kg:1;25kg:3;2kg:1;zacisk:1,519bedf4a879ae93404803af525e071336b2e3cbde25877b8ee75b01512714c3,b2c183b68b163fc1cd34a07d53c1a3a53179f3c330a04b2ef71bc50b033f7c3e,,19,train
IMG_20250929_120054_jpg,test,640,640,2025-09-29T12:00:54,2.5kg:1;20kg:1;2kg:1;zacisk:1,198004556b494b02a41a140cf902018c3d7cb9609af4b70aba583fce3e7957e3,9a4d9b65cf3936cd9a6cce3931266486c6d964c9663333199e4c924d3cb33966,,10,train
IMG_20250504_194736.jpg,test,480,640,2025-05-04T19:47:36,10kg:1;2.5kg:1;25kg:1;2kg:1;zacisk:1,8d1705d42d8b936f5ebf7bbb64a0230e227bb0ffe998f9dc08c659df2b38b945,804d9e929992846daf6b9d6b3ef9896d1db6886636d2bbd925c84813813f7698,,7,test
IMG_20250504_210748.jpg,test,480,640,2025-05-04T21:07:48,1.5kg:1;2.5kg:1;25kg:2;5kg:1;zacisk:1,fdb3408683786728138e6405062e37b0db1a2e8d2744bc2435a3ef1d24d18d2f,86a597b19b5b3ce6ace69c6bf4a599492d946f16667162a1410841385f7c5fa5,,8,test
IMG_20250504_205400_BURST001_COVER.jpg,test,480,640,2025-05-04T20:54:00,10kg:1;1kg:1;2.5kg:1;25kg:2;zacisk:1,eee9936801742c746ebc87f82622d7b3702f0abceb64d60b6e8d69cab0cf3e9b,8c958c9d934a1e1ae7876b61cb8071c087e57b7f4eab60bd8c9563e8b3c56a0c,,8,test
IMG_20251107_101938_jpg,test,640,640,2025-11-07T10:19:38,0.5kg:1;2.5kg:1;20kg:1;25kg:2;zacisk:1,2a160b029fae945bdcc845d38f1bc3fc0a43bada4c529a8d235d02b2815597a8,a58cdad23c73694be70c612d1ed11ef2d386e5880e1b1ed79864f388579e065e,,18,train
ZE_96.png,test,640,474,,20kg:1;25kg:1;zacisk:1,83fdf033d08a9c67e8d701855ed9ffad5d716960de217e26c5bacd09b25d7f44,d16be54902444bf3d353e449dcb5c0ccf385bd292da81347f18bf0c91acef2cc,third_party_video,,excluded
IMG_20250501_191513.jpg,test,640,640,2025-05-01T19:15:13,1kg:1;2.5kg:1;20kg:1;25kg:1;zacisk:1,c80a42b53042f30e076fcb3d9d5fd4757a4025f02b7bb6cc69837c43aaf212b2,a129edba3ca770c07a865370e37fd1b7ea5449925493b2796e924235183b37c3,,2,val
IMG_20251107_120529.jpg,test,480,640,2025-11-07T12:05:29,25kg:4;2kg:1;5kg:1;zacisk:1,27af9c16ba4270b98a8387497966c06e72a5b46fc6b0f7c9d6ce6322a0960678,e306018ecc373b84e2cc98fe6ce3e09fc234f764be1fccb3e5b61641f6013512,,22,train
IMG_20251107_104617_jpg,test,640,640,2025-11-07T10:46:17,15kg:1;25kg:3;2kg:1;zacisk:1,57ffa85213b2a7d6190cbfea39084adfc2523010f5ac4e626ecb3ec499d2c9b4,b689872f8202767fc926a372161ea7063352f676306d0716f671c76507a56af5,,19,train
IMG_20251107_113326_jpg,test,640,640,2025-11-07T11:33:26,1.5kg:1;10kg:1;2.5kg:1;25kg:3;zacisk:1,c3a9d8e38ef0a038dc6b2e022b84415d5e811e34362a145fc3f211fcfabcf248,a5adde7392126736da233695c3163c52cf18da9d3c89c9492f98cd0d78713c65,,21,train
IMG_20250501_185705.jpg,test,640,640,2025-05-01T18:57:05,1.5kg:1;10kg:1;2.5kg:1;25kg:1;zacisk:1,5d7301edbc9feba214a3b10b29500f3d086e97ce6339c3427860188d36a96cd5,f1b4b24ace49b2345ce3ace67318b3bc1ccb373dccc2d8e6131b465b2901f9a1,,2,val
ZE_115.png,test,640,595,,15kg:1;2.5kg:1;25kg:2;zacisk:1,1bdd407fac8e852f4c0eb8dc5a58702e88ce1b443216968f797acf765d9f7503,fa51e85966535329f2b7fe84594b1d8a1fcab1853b121f563252b6b793320722,third_party_video,,excluded
IMG_20250929_121501_jpg,test,640,640,2025-09-29T12:15:01,0.5kg:1;20kg:1;zacisk:1,d9e8a5a0db042b84d101b6ece48f372b9f2f69eed13c75ad5047ec5835d92427,cc649932d9b366c9999bcccc99336799dcc6c66c33306693ccc69b34664c3993,,10,train
IMG_20251107_112310_jpg,test,640,640,2025-11-07T11:23:10,1.5kg:1;10kg:1;2.5kg:1;25kg:3;zacisk:1,ab55e2ee06eb48b12e2b8ea8e88dceaf7e665ee4d001dfa676c88d280cefa62b,d796cd976869206db6e832744db64927d549b24a32964bb6c569954b1ade6a94,,21,train
IMG_20251107_104559_jpg,test,640,640,2025-11-07T10:45:59,15kg:1;25kg:3;2kg:1;zacisk:1,7956b4722cb8ddbcf206e16cab8ff73bb950dee770420a11d2c6b6399560e124,f1f8831e8f1f31f8cd06b00b43d883b4701dd3c97281cb96f799f5a502b43e9c,,19,train
IMG_20250929_120627_jpg,test,640,640,2025-09-29T12:06:27,1kg:1;20kg:1;zacisk:1,b39f3ba0600921d7e6e2b6324b865a465133c012d20246098e079ddc89feaba3,996499b29933324c9966cccd39b3339bccccc664666e33cec6619b3466663333,,10,train
IMG_20250504_210602.jpg,test,480,640,2025-05-04T21:06:02,1.5kg:1;2.5kg:1;25kg:2;5kg:1;zacisk:1,3df2184e95494f932ac6492c67ce53cd6e12ef50a80fd7ef0d6fc74c2f5b8131,a1369f248e49809f3b3b87be83dd1e7b0c79218661a62c757c79ea04c12673b7,,8,test
IMG_20251107_120236_jpg,test,640,640,2025-11-07T12:02:36,25kg:4;2kg:1;5kg:1;zacisk:1,0b6923b114bd9488dbb11644f0c9c97653f2b149c925a6cb52d5e2cbd3234bf8,e318821a9ac35a4b9a3e47bcb161e15c72da50f3565c0e5062d7f0ada5adbde1,,22,train
IMG_20250501_185946.jpg,test,640,640,2025-05-01T18:59:46,1.5kg:1;25kg:1;5kg:1;zacisk:1,f564df54c63b8247c19b8eca5ab7b6627d402dbc9edacfe86abb1e31a158bffc,e135925accceb33258c6af3cf319b8c61e538d2cd8ccb3334e52b125f9839466,,2,val
IMG_20251106_135632_jpg,test,640,640,2025-11-06T13:56:32,10kg:1;1kg:1;2.5kg:1;25kg:1;zacisk:1,29f1eac2ee2d06f143443baeedc3be624354e6d1700e4abc889b8fe928e0b499,f386887c0ee0738307b3338f9385718e24cc8f34b6364ce139b8b7d6f4756c49,,16,train
IMG_20251107_112221_jpg,test,640,640,2025-11-07T11:22:21,1.5kg:1;10kg:1;2.5kg:1;25kg:3;zacisk:1,1e86d1a3a3c26b7fc8b366d441ec3c696aba579d3a0ca70de6e5f3ed1db93da4,b07ecd970f0f3479f6cc326cc9b46993874b93694d963996254ad549c6914a96,,21,train
ZE_100.png,test,640,485,,2.5kg:1;20kg:1;25kg:1;2kg:1;zacisk:1,bb8e623bdd77f80c8471c3fab57eb21bca1ae58ab9ac01c687f37c9c7ec8c09e,fff674ee648d2325e3325249db7b2d5f4ad5449695252aeb44c9912161324ada,third_party_video,,excluded
IMG_20251107_113055_jpg,test,640,640,2025-11-07T11:30:55,0.5kg:1;10kg:1;2.5kg:1;25kg:3;zacisk:1,77206c529e658b62d2e065bbf0a89ef1caa5dbad9ad19b57099a36344f5fc05e,e7239a5219586f2881bc65369cc8346e157ee6be768218c2d97ad19c65a63f63,,21,train
IMG_20251107_120258.jpg,test,480,640,2025-11-07T12:02:58,25kg:4;2kg:1;5kg:1;zacisk:1,78321b59c59d130dfe9715c1135549f30e58841dcf4439ca0ea3ff03ed328636,82639848998c6ba9ee639d4b4b487b481fc15fe25f693bcc3dcc2f6b9a0954c2,,22,train
IMG_20250504_210935.jpg,test,480,640,2025-05-04T21:09:35,20kg:1,a15b1e515c4396880104cdc1c33d3e1769335899aaa6188037d6bbb0db3b24cc,95ea82f5b265233ea3268235fd4cbc857c0b68fb749f4c3f8c35d9207340714e,,8,test
IMG_20251107_100941_jpg,test,640,640,2025-11-07T10:09:41,1kg:1;2.5kg:1;20kg:1;25kg:2;zacisk:1,b13b268d149dda9063b61c7e8ae82759eedfe87fe6ed2950a82f8ff8418b29a5,f061cc97ce937061a76d33620a824da9f97dcfddc89a4c92bd66a54d409b4ab2,,17,train
IMG_20251106_134657_jpg,test,640,640,2025-11-06T13:46:57,10kg:1;2.5kg:1;25kg:1;2kg:1;zacisk:1,f973768294158062ded5839742e0e52e315017e791d57af3158d66328872cc89,a002acfecc3d7183966333c997cb649678fd4a66a126ec615699e792b9007f69,,16,train
IMG_20251009_122857.jpg,test,480,640,2025-10-09T12:28:57,10kg:1;1kg:1;2.5kg:1;zacisk:1,2210c4e89602ec55c9ebc256afaaf7c838069d83b036d6553d0a1f3d60a78c6e,c2f483d8ba94a9e9254976be29f8c94924bca936298de0ad295aef5330abc9e3,,13,train
IMG_20251009_132426_jpg,test,640,640,2025-10-09T13:24:26,10kg:1;2.5kg:1;25kg:1;2kg:1;zacisk:1,aad514c4032d59aaf1ffa72681f284296db7d5cb8de2feef2765734291f45b23,96da9b699a4c2cf49369c6ce924d3c789319e69664c7698c6c30961b659e396d,,13,train
IMG_20250504_205000.jpg,test,480,640,2025-05-04T20:50:00,2.5kg:1;25kg:2;2kg:1;5kg:1;zacisk:1,87ed6c8e61435958b19bfd8273478c8ca3703e1f65240f1628a3e2caf7210947,86f5ce479e6226a060a88bdbf9d58257039139544eac7c2fd13fa3148bc23fc7,,8,test
IMG_20250929_124457_jpg,test,640,640,2025-09-29T12:44:57,2.5kg:1;20kg:1;zacisk:1,b1c3c7b116072f26d797b0abf76a1d8f9d4044138e4f79353b1c5d586b86f7a9,99349932999866cc9e659c6c998666c9ce6dce4c99cc999acf319b2599c69996,,11,train
ZE_202.png,test,640,542,,2.5kg:1;25kg:2;2kg:1;5kg:1;zacisk:1,66789bf44da6ea177ae7110ae6c4f24231a31a4dd5d5e834c9a0cf1b15713c06,f0460545df9c0fad6736ac453b1a7605b8e4061f12e7f0c44f394ddea7734296,third_party_video,,excluded
IMG_20251107_120437.jpg,test,480,640,2025-11-07T12:04:37,1kg:1;25kg:4;5kg:1;zacisk:1,5a02df73148d7385e0cf5eebe64357c5546e75bff51c8cb571e1b019da9b5fc3,aa99535bdab70f5234bbc295db4a3a6bd3529a629d42aac9cd9598e510d59894,,22,train
IMG_20251106_140526_jpg,test,640,640,2025-11-06T14:05:26,15kg:1;2.5kg:1;2kg:1;zacisk:1,1882ab22e139d0669a066a21163556bbcd5d509940bd59ff0490cccfcc7f3a97,ec67cce773183008f3331bbb0ce6a33dc88c8a330ee64cc6b331f0996f6c1da6,,16,train
IMG_20250504_194054.jpg,test,480,640,2025-05-04T19:40:54,1.5kg:1;2.5kg:1;25kg:1;zacisk:1,b623358b0493b27973fae849e03b2a189322b5a2f6a0139738481f1c67bb4ea7,d5a99d3a0e76ae0daecd0edfd73d1b370b46864c0b1694c429310356d4eb71b1,,7,test
IMG_20251009_120158.jpg,test,480,640,2025-10-09T12:01:58,0.5kg:1;10kg:1;zacisk:1,435770d5d0b78ca69e73b842cb1367a2214c041fa81f86f2ee7dcf0f701f387c,c0b4a0e9bd85395c4a525e164d495a8926b62d1749444a7be6bb7f8b14bdded2,,12,val
IMG_20251106_140628.jpg,test,480,640,2025-11-06T14:06:28,15kg:1;1kg:1;2.5kg:1;zacisk:1,bcbac937f4ba9ba3d96dd6407d4e21bd5734eff458d8bd0f2ce3f10b15a1ee18,fd1b5d1b5d0bb6669266c3924392535ab1db315bb503e573e548318834ccdce2,,16,train
IMG_20250504_194936.jpg,test,480,640,2025-05-04T19:49:36,10kg:1;1kg:1;2.5kg:1;zacisk:1,0576499348a9b631bd6e383cb85461a42f28075933df9fa4514aa53f8116f9c4,84119af6986c9632a7139c599e66955d1aaec55b12b6e10da0e76feec5117aa6,,7,test
IMG_20250501_190911.jpg,test,640,640,2025-05-01T19:09:11,1kg:1;2.5kg:1;25kg:1;5kg:1;zacisk:1,d5d31ccdd77d2d027fa9d61ee743bcebd535b7631aa2ed8db65d674f70e0f4c3,9092fc9b3cc9394939458d39a53b9d8bbd441ecc1e66b3338ec4cb4a8adea6c2,,2,val
IMG_20251106_140827.jpg,test,480,640,2025-11-06T14:08:27,15kg:1;1kg:1;2.5kg:1;zacisk:1,1745512358d0da2244267936a74e0e75e82857714c5ce3b6df5bcd5d66ffd476,f8e1878e0f387273d30c198c0f9c3ae39b1ed0e3e99c2cc7071c37e7879ef010,,16,train
IMG_20251009_134104_jpg,test,640,640,2025-10-09T13:41:04,1.5kg:1;10kg:1;zacisk:1,1a2c75e6fdeef0b6357177333c35523441a65c7ef71132738f6a0d54e8f0bd1d,cc61993699b133993326cccd99b2339b7266e649ccd9649b1cd3936c664c31b3,,13,train
ZE_117.png,test,640,600,,0.5kg:1;15kg:1;2.5kg:1;25kg:2;zacisk:1,702b0ca05c514f0937c6651418ae618ca59aff415425afad3d7809d0bfc7ad7a,dc8369482a1230d5ede556fc4d6ce322fa682fb469a1d203f803df3363cbd236,third_party_video,,excluded
IMG_20251009_133423_jpg,test,640,640,2025-10-09T13:34:23,1kg:1;2.5kg:1;25kg:1;5kg:1;zacisk:1,5694590428d15bbbfeb121fca54d20ff1470f333959a7b8c8cbd12e62bbb9467,ce793326cc6632cf931bccd939b3664c4d9026496c9b6c9c3263ce59333c69a6,,13,train
ZE_82.png,test,640,473,,2.5kg:1;25kg:2;2kg:1;zacisk:1,a3d30e12f204ae6d91eafc3ffec8eb5ad10cf06441f47c4dcf28416ead8fa0d8,fa415aa0257a231ff53f7d64007eccb2c0b08dba694262f5e3b81a136fcbe5b0,third_party_video,,excluded
IMG_20251107_100955_jpg,test,640,640,2025-11-07T10:09:55,1kg:1;2.5kg:1;20kg:1;25kg:2;zacisk:1,ab169314dc99a6928f5c1d5d70a53e93041a8db7e30f7aac149f8533078f3106,f060cd9b479f3364a70c336248124d8dbb6d9fdb3a724c32b549850d4a9a7a7e,,17,train
IMG_20250504_203558.jpg,test,480,640,2025-05-04T20:35:58,0.5kg:1;2.5kg:1;20kg:1;25kg:1;zacisk:1,16747a61be749c4dd5c64f54d4e330102015a738a5a425f7d1b9d4c0675c30da,a124a8249ccb901336d31efba6773ef918cba5b2367989b63fed2ee98124630c,,8,test
IMG_20251107_105950_jpg,test,640,640,2025-11-07T10:59:50,15kg:1;2.5kg:1;25kg:3;2kg:1;zacisk:1,a7f3719b407c7be29dda3fba13da88250090d42b2707dcfbfd986d1c4a1e40a0,ac3314f25398652a92ec638e64832d60e53c94c73cf79e71a70cd35f0a5361fd,,20,train
ZE_12.png,test,640,472,,1kg:1;2.5kg:1;20kg:1;25kg:3;zacisk:1,05f2ad021627c20d14d8f7d98e1e3f9d40a3e68f49de75fc14e8d78c6966c936,c77f0ccd800139cff3f790850e0c8ecc662e3bab72ab3aa2f0e3b96308eb8572,third_party_video,,excluded
IMG_20250929_120241_jpg,test,640,640,2025-09-29T12:02:41,1kg:1;2.5kg:1;20kg:1;zacisk:1,4abd85f7781f799bebbbca7abf5653d51315c78c07802fb194b340fb6510ae92,9a6d9b249b3966cd9e64cc3131b664c6ced964c931b33330ce4e9a67319331b6,,10,train
IMG_20251106_130921_jpg,test,640,640,2025-11-06T13:09:21,0.5kg:1;15kg:1;2.5kg:1;25kg:1;zacisk:1,4fbd6fa21f603d179f035269d8b768a4822635649e554f0def9a5153ca60beb5,f5d9b955032c249673b2e4546cda3b8f0b8f8371f071fd140a8e07e3f4a168bc,,14,train
IMG_20251107_105927_jpg,test,640,640,2025-11-07T10:59:27,15kg:1;2.5kg:1;25kg:3;2kg:1;zacisk:1,e597d7533956b02d28e0698c3523558551d108930af5e445ea3c64ac9f90a205,acf3b4d2638c64ad983c65946ee30524851f17a77e709a59a38f87cf1e70d0f0,,20,train
IMG_20251107_113031_jpg,test,640,640,2025-11-07T11:30:31,0.5kg:1;10kg:1;2.5kg:1;25kg:3;zacisk:1,87de77974399a3bbfc09cf10492ee8cb4df4031c9346dd0962b1eca651ae8556,e7a99e469e526f18831e468e1ec61c5ead6ce3ade72bbc61b461a18ea1c618e2,,21,train
IMG_20250929_121552_jpg,test,640,640,2025-09-29T12:15:52,1kg:1;20kg:1;zacisk:1,524e08886041cd8da5eac3c53cc38dce22f5090463307e5c2942b16439ebb31e,cc649932cce366591993cccc99336319d9c6cccc33396633ccc6993d66793996,,10,train
ZE_75.png,test,640,416,,10kg:1;2.5kg:1;25kg:1;2kg:1;zacisk:1,aed7ac370e3c21dde8ae9c9ee0d82d514b855c4c304afb4c792c9d0a3a862450,8a4b5b6ad2aae69a1ab45b55e9559a3616d94d55e33436ea1de2690563389572,third_party_video,,excluded
IMG_20250504_184107.jpg,test,640,640,2025-05-04T18:41:07,1.5kg:1;15kg:1;2.5kg:1;zacisk:1,d2abaf0c4b56f7a0c8578800cceb513a3f1d864792f54037824afb7a0f97b0f1,aaadbba19760b5728ff78ed5d0a052860a27707f287a15aab0de3b84aaa5f550,,3,test
IMG_20251107_112931_jpg,test,640,640,2025-11-07T11:29:31,1.5kg:1;10kg:1;2.5kg:1;25kg:3;zacisk:1,d3a8283b98da6f015d4be811c57bc75aa77c40094c736aeb8896f50e07aaa18f,f0f88b808b0570780b92259783f14b075a4db6db70bffcb44ae78e61cc67cea4,,21,train
IMG_20250501_191511.jpg,test,640,640,2025-05-01T19:15:11,1kg:1;2.5kg:1;20kg:1;25kg:1;zacisk:1,065387721809eb8d933be987b02cd88f90ad6f2ebcd03dd8105ff8ad6c728d10,a129ed3a3da770805a845370e37fd1b6ea74499654b7f27968964235183b3787,,2,val
IMG_20250929_121434_jpg,test,640,640,2025-09-29T12:14:34,0.5kg:1;20kg:1;zacisk:1,011c0cc202a2870c21706c6630845ee6e0245d08ab71e0af092b0123c5a426b1,cc669b3699b266d99993cccd9933669998c6664c33316666ccce9b31664c3333,,10,train
IMG_20251107_120607.jpg,test,480,640,2025-11-07T12:06:07,1kg:1;25kg:4;5kg:1;zacisk:1,095a3828e3d4c5374bb58969c8cf5d84d863ed3512b9c909355637bc22270da5,ad12d0f1d2c965cc25258f6bde77318c998cf894e433e739272db64678c29a89,,22,train
IMG_20250504_205135.jpg,test,480,640,2025-05-04T20:51:35,0.5kg:1;2.5kg:1;25kg:2;5kg:1;zacisk:1,78defe9edc7a9898259d427c6d3b780ba52728641b45620c7bc8e4954e707fd4,8e92839191698f9b64e77bf0d8e874f803753a256e89389c687c33650be72f0d,,8,test
ZE_123.png,test,640,534,,1.5kg:1;20kg:1;25kg:2;zacisk:1,6e7454654236ae715954350d11bc9e85f758096a568b58e42026cc1cca3621d1,f6b588ad6dc0079ed35a95a0480acc98c55dd4149d4b0816fdfcf6d40fdd0bda,third_party_video,,excluded
ZE_95.png,test,640,532,,20kg:1;25kg:1;zacisk:1,7d27d747ab57035a5c4037dfe13640c6d7389689a6114ccd9d3ad603e7e10dee,fa4de26b5a29bd1a7d0a1e842693c7a2d19809746665b27ccdc98f5f06d3d492,third_party_video,,excluded
ZE_136.png,test,640,542,,15kg:1;2.5kg:1;25kg:1;zacisk:1,005311b2cfc9702e40ce1d2eadd997e4071fe91eeabd32633ab0380f881da0d1,9d9959934026a64ce2336fe47fcc7bbba45b801b811259805bb2a6fda6ff4846,third_party_video,,excluded
IMG_20251107_111435_jpg,test,640,640,2025-11-07T11:14:35,15kg:1;2.5kg:1;25kg:3;2kg:1;zacisk:1,e037623e01108e65e9ef4a6122e777d67984b5c5596c8bd67da639f6e43bccd7,e5299ce398c25b98981c6711a1b56cd71cf305ffa9ffb8d3e8d3989618c21883,,21,train
IMG_20251107_115911_jpg,test,640,640,2025-11-07T11:59:11,25kg:4;2kg:1;5kg:1;zacisk:1,f8c66173fa9da3111ff76ce8c38bc730aa0f16fffd07141fa019bd3b85c12cf2,ab5cd4cd94e96ad89c442545c1543c6aaae291e7997e9e31a9a3c1be6c3d5853,,22,train
IMG_20251107_095553.jpg,test,480,640,2025-11-07T09:55:53,0.5kg:1;2.5kg:1;20kg:1;25kg:2;zacisk:1,a8b7174c9d8a049894ffbd726611a4b4aa27f2d88d71433740bf978c2e6ce539,dc9e825163f1388e1fdec6637c1f473583f0b8dc66476765185e86d3642134e4,,17,train
ZE_6.png,test,640,392,,1.5kg:1;15kg:1;2.5kg:1;25kg:1;zacisk:1,35b85b592bdf5625e67d3d1ba88c13325bde5dc695aaa0fa25b3b76148a790be,b9d77b36f028e4c9aedd1984d702f3028a3618c7d538e2a874c88e75add57338,third_party_video,,excluded
IMG_20251107_110334_jpg,test,640,640,2025-11-07T11:03:34,15kg:1;1kg:1;2.5kg:1;25kg:3;zacisk:1,a9e6dc970530b448ff60ce45df5701bd1f4799832a135a5567f894f61f8c8dcc,e72b9ce79ad5539c191c47b0a561e9c5ee3043ae51ee1ac35ad2d39ce52c2541,,20,train
IMG_20250504_205445.jpg,test,480,640,2025-05-04T20:54:45,1.5kg:1;10kg:1;2.5kg:1;25kg:2;zacisk:1,20edf1ec2ed50a033f1d5adc22f2aac20ec034ca18119fed4113e03704986653,8d6a883ab6d51eec6f186816d33f6917868a76b055f46162c90767d7961a7871,,8,test
IMG_20250504_193959.jpg,test,480,640,2025-05-04T19:39:59,1.5kg:1;15kg:1;2.5kg:1;zacisk:1,de60122796dc45ab725ae9940f12d84acc2e1c1fee33a406ac4b725eaf88f846,d4a99d3a0b36ae0daecd0edfd63d1b070b4686580b1795c629374956d4e971b1,,7,test
IMG_20251107_120203_jpg,test,640,640,2025-11-07T12:02:03,1kg:1;25kg:4;5kg:1;zacisk:1,56d037d474f823dda9869347fdf0f63d77c1a69a054cb1f6a1c6031257960178,f87e89c2c3e4385c895271c892cb6be84b6cf6db3c5a8f4d6850ce064b6a4a3f,,22,train
IMG_20251107_113053.jpg,test,480,640,2025-11-07T11:30:53,0.5kg:1;10kg:1;2.5kg:1;25kg:3;zacisk:1,4f4bbf2aa938c23d54d5e41e42d5783e8b120eb46beb285462dc5fbc899c0f0d,a802994f934f6caedcce9b407fc23fe21f523e88388da537842680b7a0b7a6bd,,21,train
IMG_20251106_134612.jpg,test,480,640,2025-11-06T13:46:12,10kg:1;2.5kg:1;25kg:1;2kg:1;zacisk:1,3e55e3012e087943503ef6cc5a909b6d9e2242b0f680102291234e70d997d88d,dfaac08a21557b653241317fe5c3a50255354fd5cd65d8014ad987df32bab2aa,,16,train
IMG_20250501_182828.jpg,test,640,640,2025-05-01T18:28:28,0.5kg:1;25kg:2;5kg:1;zacisk:1,576156defe49d7e49e43244947ffd4f0c87509ee55424db89282a313b2fd93b3,a7368f5d9a79a28a1b89d2d1a5150b9f64a67871c716354edaab6a20b26fc447,,1,train
IMG_20250504_210449_1.jpg,test,480,640,2025-05-04T21:04:49,0.5kg:1;2.5kg:1;25kg:2;5kg:1;zacisk:1,4f4c3629950dbab7192dd42237427862a39f86b5ad471bc1497d4e6c7f03e8da,81168d368eec8e8f3f3a0edd93c511390e5c258671b76d6567aee9b2c030f09b,,8,test
IMG_20250504_211209.jpg,test,480,640,2025-05-04T21:12:09,2kg:1,67693cf96fa51080e66634f057150734d5122e8e882f44a2e9043f3cced5336a,9dda85d1b2e5336c836e82a5ed40b8857a0b70cb50b94c3a8cb7dd35f3c1714e,,8,test
IMG_20250501_191350.jpg,test,640,640,2025-05-01T19:13:50,2.5kg:1;20kg:1;25kg:1;2kg:1;zacisk:1,4788e5a06fcb2513e5647ad7a4954ee7414bfef08d6ce50f2e62ba7b3aae63f4,b5b5ec993c91308879caeb3ae33b9991ab581d8b36cfb368a64293269ccd87c0,,2,val
IMG_20250504_205030.jpg,test,480,640,2025-05-04T20:50:30,1.5kg:1;2.5kg:1;25kg:2;5kg:1;zacisk:1,95d9c5d461463f596acc50b7924a11477044886fb27262b12ee47a777a6eec21,84e9ce4c964c36ef65fbcb92fbb58ab402233a2358297018d339a63d8bd53e8c,,8,test
IMG_20251107_111530_jpg,test,640,640,2025-11-07T11:15:30,15kg:1;2.5kg:1;25kg:3;2kg:1;zacisk:1,71c6fd1edd2b2c49339011501563667c8df5f3da6d310825e58adc31ed246cf5,ec6698c693912f29a91ce335dfc17c42de7ae529d4469cd29a908b1ce31c7ec2,,21,train
IMG_20251107_120213.jpg,test,480,640,2025-11-07T12:02:13,1kg:1;25kg:4;5kg:1;zacisk:1,9b4907b2cac96e8f7a2034b4fa1ac6c0dc911faff6479c7299218d83e3d8f81d,c31e89369af162cfe3cbfe80ffeb8cab728002ce5cbc7c3cb4094c6869c890ce,,22,train
IMG_20251107_104802_jpg,test,640,640,2025-11-07T10:48:02,15kg:1;25kg:3;2kg:1;zacisk:1,3072680af0557fe60b047dc3c67c241a348b97fe4d48353bceffc58435f9ba2a,a4319e7393c623ad9870658f574b1272815cc8e36fb58e69a1f3d00c5d563fc3,,19,train
IMG_20250908_112503_jpg,test,640,640,2025-09-08T11:25:03,15kg:1;2kg:1;zacisk:1,321cafd393649f5a50cbb033179a21282890d74d7acbd5ca181507f0c30f2e79,cc649b36cc71669933b6cccd993067998c66cccdb31933338ccece4c663131b6,,9,val
IMG_20250504_194938.jpg,test,480,640,2025-05-04T19:49:38,10kg:1;1kg:1;2.5kg:1;zacisk:1,24db64beff188608e7cf40c2a47d743085a113c2004a272d3f8a3e55574e9e62,84119af6986c9632a7539c599e66955d1aaea55b12b6e90ca0e76feec5113aa6,,7,test
ZE_4.png,test,640,458,,10kg:1;2.5kg:1;25kg:3;zacisk:1,a25f44f96b180333268d65ed4aa114cfb89c7628c694b86be0239f109f475162,d42a23d5199d9d7206e1951bc1ac7ee01eb5119ac3578e7e89a1590d715ea9fa,third_party_video,,excluded
IMG_20251107_115809_jpg,test,640,640,2025-11-07T11:58:09,1kg:1;25kg:4;5kg:1;zacisk:1,c788ecab0680ba9545c9301d93d36ba1937ae5e0655053e89b673000fb19c022,e31c821a9ad3584b9e1e471ea561e17af3da50f1525e0e5842f2e0afe12dbde1,,22,train
IMG_20251107_111553_jpg,test,640,640,2025-11-07T11:15:53,15kg:1;1kg:1;2.5kg:1;25kg:3;zacisk:1,fe7b11ddbf8281055367afe246168b307c9f9305bd656415be3353773c916a70,f2fa8f9e8f4a70f80db07d1ad6b87c21a0e8b3c075161f0c2a5fce53861f0e1c,,21,train
ZE_164.png,test,640,508,,20kg:1;25kg:2;zacisk:1,3ff03bfbe533a1da2040ccdb53f723a72ff0867966c1065205cc6e86f096b47d,f2741ad38d0f23ad0ca13354333628e3779fcc512cf34ae1732ed71478b263ac,third_party_video,,excluded
IMG_20251106_140246_jpg,test,640,640,2025-11-06T14:02:46,15kg:1;1kg:1;2.5kg:1;zacisk:1,bc62d3bb2fd87e513c5bb493073d928dfac8c1284911767962757dbd678ac706,dc66cce63199339cf332a1114ccf766ef48c933318d34cc6e66cb339199169cc,,16,train
IMG_20251009_134656_jpg,test,640,640,2025-10-09T13:46:56,10kg:1;1kg:1;2.5kg:1;zacisk:1,806815c108608aea29caddcaf9a2b9eb9779c9ef17d14ad4cadd8518a21f8334,cc669936c993665999accccc33333399ce66cc6c33986673cce5993433333193,,13,train
IMG_20251009_120758.jpg,test,480,640,2025-10-09T12:07:58,10kg:1;2.5kg:1;5kg:1;zacisk:1,b261d3da82a57860d2f5f3605d6648ab6597648a259afb8b947843e9e7ec6b0d,850aaf367a3128c758e8fb672736e408af0d958ea6c7a63d311a8fde847033f2,,12,val
IMG_20251009_120452.jpg,test,480,640,2025-10-09T12:04:52,10kg:1;1kg:1;2.5kg:1;zacisk:1,a357164dc48a8b4154bc683af95eae639678f79367addfb89fa7e893c292b683,fa24a8499cdf35ee65ac4bfa496a4abd2917ce16d385b129b4289e218b45b157,,12,val
IMG_20250504_204618.jpg,test,480,640,2025-05-04T20:46:18,1kg:1;2.5kg:1;20kg:1;25kg:2;zacisk:1,16a017cc566226af81e57554d8e431ca2a7082ff5233e932f565d997d24e0f27,8637c7638f622ab870a18bebf8d4805903dc39dcafac7eaed8866306814b2fe6,,8,test
IMG_20250504_204055.jpg,test,480,640,2025-05-04T20:40:55,0.5kg:1;2.5kg:1;20kg:1;25kg:2;zacisk:1,e9a73b0eaa6bb66dd60072f462ed0b9877cd3937c5f58d973c5c9b3356f65c87,82b490a59d6f917ba5929e46f460bf5219ea8af62f5574608fc274218bbe04fd,,8,test
IMG_20250501_191423.jpg,test,640,640,2025-05-01T19:14:23,2.5kg:1;20kg:1;25kg:1;2kg:1;zacisk:1,6217722c58a8c7a3850dade84b1a7d11b282dc2e8a5725cea0bc72bdf51108e8,a129ed3a7da770d058844370637fd3e7ca7449b644a3ea706cd6433518393757,,2,val
IMG_20250929_124725_jpg,test,640,640,2025-09-29T12:47:25,2.5kg:1;20kg:1;2kg:1;zacisk:1,6a04ec88e76fde7e19e1908e5a98d571fa92cad82d800ab1d428434750b6986a,992499369b3166cc986ccc7899336699ce6ccccd9b393199ce649b64993339b6,,11,train
IMG_20251107_120143.jpg,test,480,640,2025-11-07T12:01:43,1kg:1;25kg:4;5kg:1;zacisk:1,8ebf0b69706ff00e404a11125d9f98230e996c88cb975e7bb12a910a53b59b48,f070c6e6c7c670f4307b83d11991913d9791b177043c664666ce4fa6678e7ec8,,22,train
IMG_20251107_095952.jpg,test,480,640,2025-11-07T09:59:52,1kg:1;2.5kg:1;20kg:1;25kg:2;zacisk:1,29428d3cfec3d60a19756723676ccd7f1b1e72c58f5934f0c3de25feafa57d38,c360e09c9cd3987b339ef9a112359364213748b37d38c368c2c9fe1e70faeed0,,17,train
IMG_20251107_104640_jpg,test,640,640,2025-11-07T10:46:40,15kg:1;1kg:1;25kg:3;zacisk:1,ad62591ae509a829351b374303c0ccafdbd455197a9f53ca95a2443e6c03c92d,f966c98646933249b64936d948b64da79969975b7a364936356c95494e5a4a97,,19,train
IMG_20250501_190727.jpg,test,640,640,2025-05-01T19:07:27,2.5kg:1;25kg:1;2kg:1;5kg:1;zacisk:1,3f6c2a4a970a024aba861571df2aa9383430edeab5bc7ffb2c97b1f5bdec4789,84b6ec993c9938c939c9c97ba53b999aaf491d8916ccb3669ce1172298fca7c0,,2,val
IMG_20250501_191421.jpg,test,640,640,2025-05-01T19:14:21,2.5kg:1;20kg:1;25kg:1;2kg:1;zacisk:1,7667bf4a61896f7945111b6b8222c4b3a1ce311c5b381b5627e48649a893b06e,a129edba3da770d058844370637ed1e6ea74499644b3ea786cd6633518393757,,2,val
IMG_20251009_120703_jpg,test,640,640,2025-10-09T12:07:03,1.5kg:1;10kg:1;2.5kg:1;zacisk:1,28f561c1d354ffb1de3a98a0233effa3c9af21ae0ce08193a890fd2ba4848464,91e9978d9e86f0f6c6a79d8e94b487c6c0fc1c8f2686634e6d916cd0694e2f09,,12,val
IMG_20250929_123727.jpg,test,480,640,2025-09-29T12:37:27,1.5kg:1;2.5kg:1;20kg:1;zacisk:1,b01a4fc912f1e3ac14a67c61e01260c628c7005882a5e5e0fb180778d2a68425,85023aa59a12253830619276279ccbcb4f0f6d2c5c77b2d4b38fb70e24b99def,,11,train
IMG_20250501_190310.jpg,test,640,640,2025-05-01T19:03:10,2.5kg:1;25kg:1;2kg:1;5kg:1;zacisk:1,80906a00c163284af046d5d55aec8c6934eee32da3173681f312dbefed952d0c,e36bb494cc98b24c798dbb69e632b19d1cb6ae49d198b24c4cb4ab19f102bdc9,,2,val
IMG_20251009_122629.jpg,test,480,640,2025-10-09T12:26:29,0.5kg:1;10kg:1;2.5kg:1;zacisk:1,8f8940b2df0c1da1056214fbaeb9231e3d6690055d9cc16cc62397ce7f0bbef1,82f480ec7bcbd9ea046076422ceeccce666e7d6b2dc260c648e6cee270cf48ee,,13,train
IMG_20250929_123433_jpg,test,640,640,2025-09-29T12:34:33,1.5kg:1;2.5kg:1;20kg:1;zacisk:1,cf5b9545ae377903378d1fbdc6ae5c2a544b35c2711104bba21d7280e07a5ee3,99249932999966cc9e64cc6599b666cdce6cce6c9b309992986499ed99b339b2,,11,train
IMG_20250504_203355.jpg,test,480,640,2025-05-04T20:33:55,0.5kg:1;2.5kg:1;25kg:1;5kg:1;zacisk:1,654f0a2f7f4e103c64178a1ce80c9ff45f33f56754224b1b1e2a021f3810aa8a,c506befc99b9923aa7de9c9c1e6195511ac9a51a16f60914a4f73befc51032c6,,8,test
IMG_20251107_100114.jpg,test,480,640,2025-11-07T10:01:14,1.5kg:1;2.5kg:1;20kg:1;25kg:2;zacisk:1,007be5b9b1f65c8fcddd9b5c511540f7fd709e16a1321e54b750d0b8075cc5f2,d819c4c061e6313393fbc1c97c1e46c687fb9939e6446add11b3d5a67a0c4e4d,,17,train
IMG_20250929_123644.jpg,test,480,640,2025-09-29T12:36:44,2.5kg:1;20kg:1;2kg:1;zacisk:1,bd9599fcb1a36bc9c02e00655b7240788f815a6ac05384fa887f329993cc94a4,8e5573ca94ed655721deb0e127239200de70495370feb6a7a63ba615256299fa,,11,train
IMG_20250504_195022.jpg,test,480,640,2025-05-04T19:50:22,10kg:1;1kg:1;2.5kg:1;zacisk:1,6ac78ff58c27322b6aaebb39474bdae2cd02d4b54b5726a65c7615ab24b01055,e4599f578c269a2ab33a1e349f74950c1bd6e5091293e5cc20e36fd5e4887ad3,,7,test
IMG_20251107_120541_jpg,test,640,640,2025-11-07T12:05:41,25kg:4;2kg:1;5kg:1;zacisk:1,c6131bc0e49b39473d1c3b7cb074d77c494153008bbeb23c4664907097801ec3,f469cd968fb67d79f64936d8d4942b21852295b24b043a4d7b4cf5fa8b300b94,,22,train
IMG_20251106_131236_jpg,test,640,640,2025-11-06T13:12:36,0.5kg:1;15kg:1;2.5kg:1;25kg:1;zacisk:1,32116a1c16cdfa670454e129303055e29593ef1398570cdd6bca1b1cba5c24a8,a49452731ad964a4133fe4f0e424b9a84909c161e5649b691b79fb6ee90d3fbd,,14,train
IMG_20251107_101838_jpg,test,640,640,2025-11-07T10:18:38,1kg:1;2.5kg:1;20kg:1;25kg:2;zacisk:1,766cb65668837c8ece824668175e1cd7ea628e812a77e2e9ce8b7b616a0ac10d,a535995599ce66abc6b1e75699d578cacaaae635a7541bcad8ab8219c2141e62,,18,train
IMG_20251009_120314_jpg,test,640,640,2025-10-09T12:03:14,0.5kg:1;10kg:1;2.5kg:1;zacisk:1,d0b9e5b9897a9cc4a5d26f4de4949582fa0fb323b9ba7996923cabe5cd2016f4,ce389b2699c764993266ce39ce1c31863333ce4d2cce65b2ce61932ccf1839e7,,12,val
IMG_20251106_131318_jpg,test,640,640,2025-11-06T13:13:18,0.5kg:1;15kg:1;2.5kg:1;25kg:1;zacisk:1,de32f312c93f57ba966313e5a2aecbe88859e3714ea49cd4fee2ff163bee5ef6,89c6236763d143145611300f93c4dbe5ec8fcda7b7fda66f360f2e894c324992,,14,train
IMG_20250504_210458.jpg,test,480,640,2025-05-04T21:04:58,0.5kg:1;2.5kg:1;25kg:2;5kg:1;zacisk:1,fdfa97db43d4838855ea18c0e4e063e8ce18d517e412a5fc0a7fd704b9abc700,81168d368eed8e8b3f3a0edd93c511790e5c258671a76c67678ee9a2c030f19f,,8,test
IMG_20251107_113100.jpg,test,480,640,2025-11-07T11:31:00,0.5kg:1;10kg:1;2.5kg:1;25kg:3;zacisk:1,42beab72bca4a30677731ea1e674a4d69b05318f470f557a503123a4f8b87532,8a539945918ef6aacee7db4559c87bc07f625f425fc839cc3f480e62584319c5,,21,train
IMG_20251009_121545_jpg,test,640,640,2025-10-09T12:15:45,10kg:1;2.5kg:1;2kg:1;zacisk:1,c48bd115f07c460305696a607ada8048fdc7bc9883fba20b5a62972e4c20969e,cc669932999332cc338ecc49e73366d98cc9664c66cc649bcccd8cecce333333,,12,val
ZE_8.png,test,640,381,,20kg:1;25kg:1;zacisk:1,afd8aeaf8847734e0ef86be8c5487275c5913be3431c27e90600d31eae7df0ca,d3110c468ceeb3b9b300480133bba7ff44813201d36de5bb3dd20c4ef2dbd36f,third_party_video,,excluded
IMG_20251106_140428_jpg,test,640,640,2025-11-06T14:04:28,0.5kg:1;15kg:1;2.5kg:1;zacisk:1,2786de4b5711547dd248fe335651db9bad1c6e30edf47e22b88b61820c539287,b336c92664d92499c64da6cd19b23319cf69ce66193231b3e6cdc6cc1cb335b1,,16,train
IMG_20251107_112341.jpg,test,480,640,2025-11-07T11:23:41,0.5kg:1;10kg:1;2.5kg:1;25kg:3;zacisk:1,29c0b92e535a692200a35fa3e25205cc1285cec7e97f007fb3fd10df5fdd8a61,a6e5ca47c93c37b83699c592c3863c314c331ce6f6cae6da268bb30c3c361de2,,21,train
IMG_20250501_190001.jpg,test,640,640,2025-05-01T19:00:01,1.5kg:1;25kg:1;5kg:1;zacisk:1,45d5404890f346d086cb1d9a693ebb2695af778805b7c194e14c4fa7238f6513,e135925bccceb33658c6ad2cf339b1a61ed3af34d8ccb1360e52a50cf989b026,,2,val
